$date
    Oct  9, 2026  15:35:45
$end
$version
    TOOL:	xmsim(64)	22.03-s012
$end
$timescale
    1 ps
$end

$scope module th_tx_fifo $end
$var parameter 32 !    DATA_WIDTH $end
$var parameter 32 "    FIFO_DEPTH $end
$var parameter 32 #    CNT_W $end
$var reg       1 $    clk $end
$var reg       1 %    nRst $end
$var reg       1 &    i_push $end
$var reg       1 '    i_pop $end
$var reg       8 (    i_wdata [7:0] $end
$var wire      8 )    o_rdata [7:0] $end
$var wire      1 *    o_empty  $end
$var wire      1 +    o_full  $end
$var wire      5 ,    o_count [4:0] $end
$var reg       8 -    m_mem[0] [7:0] $end
$var reg       8 .    m_mem[1] [7:0] $end
$var reg       8 /    m_mem[2] [7:0] $end
$var reg       8 0    m_mem[3] [7:0] $end
$var reg       8 1    m_mem[4] [7:0] $end
$var reg       8 2    m_mem[5] [7:0] $end
$var reg       8 3    m_mem[6] [7:0] $end
$var reg       8 4    m_mem[7] [7:0] $end
$var reg       8 5    m_mem[8] [7:0] $end
$var reg       8 6    m_mem[9] [7:0] $end
$var reg       8 7    m_mem[10] [7:0] $end
$var reg       8 8    m_mem[11] [7:0] $end
$var reg       8 9    m_mem[12] [7:0] $end
$var reg       8 :    m_mem[13] [7:0] $end
$var reg       8 ;    m_mem[14] [7:0] $end
$var reg       8 <    m_mem[15] [7:0] $end
$var integer  32 =    m_wr $end
$var integer  32 >    m_rd $end
$var integer  32 ?    m_cnt $end
$var integer  32 @    err_cnt $end
$var integer  32 A    sec_err $end
$var integer  32 B    cov_full_push $end
$var integer  32 C    cov_empty_pop $end
$var integer  32 D    cov_full_both $end
$var integer  32 E    cov_empty_both $end
$var integer  32 F    cov_mid_both $end
$var integer  32 G    seed $end
$var integer  32 H    i $end
$var reg       8 I    pat[0] [7:0] $end
$var reg       8 J    pat[1] [7:0] $end
$var reg       8 K    pat[2] [7:0] $end
$var reg       8 L    pat[3] [7:0] $end
$var reg       8 M    pat[4] [7:0] $end
$var reg       8 N    pat[5] [7:0] $end
$var reg       8 O    pat[6] [7:0] $end
$var reg       8 P    pat[7] [7:0] $end
$var reg       8 Q    pat[8] [7:0] $end
$var reg       8 R    pat[9] [7:0] $end
$var reg       8 S    pat[10] [7:0] $end
$var reg       8 T    pat[11] [7:0] $end
$var reg       8 U    pat[12] [7:0] $end
$var reg       8 V    pat[13] [7:0] $end
$var reg       8 W    pat[14] [7:0] $end
$var reg       8 X    pat[15] [7:0] $end

$scope module uut $end
$var parameter 32 Y    DATA_WIDTH $end
$var parameter 32 Z    FIFO_DEPTH $end
$var parameter 32 [    PTR_W $end
$var parameter 32 \    CNT_W $end
$var wire      1 ]    clk  $end
$var wire      1 ^    nRst  $end
$var wire      1 _    i_push  $end
$var wire      1 `    i_pop  $end
$var wire      8 a    i_wdata [7:0] $end
$var wire      8 )    o_rdata [7:0] $end
$var wire      1 *    o_empty  $end
$var wire      1 +    o_full  $end
$var wire      5 ,    o_count [4:0] $end
$var wire      1 b    w_do_push  $end
$var wire      1 c    w_do_pop  $end
$var reg       5 d    r_count [4:0] $end
$var reg       4 e    r_wptr [3:0] $end
$var reg       4 f    r_rptr [3:0] $end
$var reg       8 g    r_mem[0] [7:0] $end
$var reg       8 h    r_mem[1] [7:0] $end
$var reg       8 i    r_mem[2] [7:0] $end
$var reg       8 j    r_mem[3] [7:0] $end
$var reg       8 k    r_mem[4] [7:0] $end
$var reg       8 l    r_mem[5] [7:0] $end
$var reg       8 m    r_mem[6] [7:0] $end
$var reg       8 n    r_mem[7] [7:0] $end
$var reg       8 o    r_mem[8] [7:0] $end
$var reg       8 p    r_mem[9] [7:0] $end
$var reg       8 q    r_mem[10] [7:0] $end
$var reg       8 r    r_mem[11] [7:0] $end
$var reg       8 s    r_mem[12] [7:0] $end
$var reg       8 t    r_mem[13] [7:0] $end
$var reg       8 u    r_mem[14] [7:0] $end
$var reg       8 v    r_mem[15] [7:0] $end
$upscope $end


$scope task cycle $end
$var reg       1 w    push $end
$var reg       1 x    pop $end
$var reg       8 y    data [7:0] $end
$var reg       1 z    do_push $end
$var reg       1 {    do_pop $end
$upscope $end


$scope task idle $end
$var integer  32 |    n $end
$var integer  32 }    k $end
$upscope $end


$scope task expect_flags $end
$var integer  32 ~    e_cnt $end
$var reg       1 !!   e_empty $end
$var reg       1 "!   e_full $end
$upscope $end


$scope task expect_rdata $end
$var reg       8 #!   e_data [7:0] $end
$upscope $end


$scope task end_test $end
$var reg      320 $!   name [319:0] $end
$upscope $end


$scope task random_phase $end
$var integer  32 %!   p_push $end
$var integer  32 &!   p_pop $end
$var integer  32 '!   n $end
$var integer  32 (!   k $end
$var reg       1 )!   push $end
$var reg       1 *!   pop $end
$var reg       8 +!   data [7:0] $end
$upscope $end

$upscope $end

$enddefinitions $end
$dumpvars
b101 \
b100 [
b10000 Z
b1000 Y
b101 #
b10000 "
b1000 !
0$
1%
0&
0'
b0 (
bx )
x*
x+
bx ,
bx -
bx .
bx /
bx 0
bx 1
bx 2
bx 3
bx 4
bx 5
bx 6
bx 7
bx 8
bx 9
bx :
bx ;
bx <
b0 =
b0 >
b0 ?
b0 @
bx A
b0 B
b0 C
b0 D
b0 E
b0 F
b10010001101000101011001111000 G
b10000 H
b10100101 I
b11000010 J
b11011111 K
b11111100 L
b11001 M
b110110 N
b1010011 O
b1110000 P
b10001101 Q
b10101010 R
b11000111 S
b11100100 T
b1 U
b11110 V
b111011 W
b1011000 X
0]
1^
0_
0`
b0 a
0b
0c
bx d
bx e
bx f
bx g
bx h
bx i
bx j
bx k
bx l
bx m
bx n
bx o
bx p
bx q
bx r
bx s
bx t
bx u
bx v
xw
xx
bx y
xz
x{
bx |
bx }
bx ~
x!!
x"!
bx #!
bx $!
bx %!
bx &!
bx '!
bx (!
x)!
x*!
bx +!
$end
#1000
b0 A
#2000
0%
0^
b0 f
b0 d
b0 e
0+
1*
b0 ,
#4000
b0 ~
1!!
0"!
#5000
1$
1]
#10000
0$
0]
#15000
1$
1]
#16000
1%
b101000001100010010100100100000011100100110010101110011011001010111010000100000011101100110000101101100011101010110010101110011 $!
b0 H
1w
0x
b10100101 y
1^
#20000
0$
1&
b10100101 (
1z
0{
b10100101 a
1_
0]
1b
#25000
1$
1]
b1 d
b1 e
b10100101 g
b10100101 )
0*
b1 ,
#26000
b10100101 -
b1 =
b1 ?
b1 ~
0!!
b10100101 #!
b1 H
b11000010 y
#30000
0$
b11000010 (
b11000010 a
0]
#35000
1$
1]
b10 d
b10 e
b11000010 h
b10 ,
#36000
b11000010 .
b10 =
b10 ?
b10 ~
b10 H
b11011111 y
#40000
0$
b11011111 (
b11011111 a
0]
#45000
1$
1]
b11 d
b11 e
b11011111 i
b11 ,
#46000
b11011111 /
b11 =
b11 ?
b11 ~
b11 H
b11111100 y
#50000
0$
b11111100 (
b11111100 a
0]
#55000
1$
1]
b100 d
b100 e
b11111100 j
b100 ,
#56000
b11111100 0
b100 =
b100 ?
b100 ~
b100 H
b11001 y
#60000
0$
b11001 (
b11001 a
0]
#65000
1$
1]
b101 d
b101 e
b11001 k
b101 ,
#66000
b11001 1
b101 =
b101 ?
b101 ~
b101 H
b110110 y
#70000
0$
b110110 (
b110110 a
0]
#75000
1$
1]
b110 d
b110 e
b110110 l
b110 ,
#76000
b110110 2
b110 =
b110 ?
b110 ~
b110 H
b1010011 y
#80000
0$
b1010011 (
b1010011 a
0]
#85000
1$
1]
b111 d
b111 e
b1010011 m
b111 ,
#86000
b1010011 3
b111 =
b111 ?
b111 ~
b111 H
b1110000 y
#90000
0$
b1110000 (
b1110000 a
0]
#95000
1$
1]
b1000 d
b1000 e
b1110000 n
b1000 ,
#96000
b1110000 4
b1000 =
b1000 ?
b1000 ~
b1000 H
b10001101 y
#100000
0$
b10001101 (
b10001101 a
0]
#105000
1$
1]
b1001 d
b1001 e
b10001101 o
b1001 ,
#106000
b10001101 5
b1001 =
b1001 ?
b1001 ~
b1001 H
b10101010 y
#110000
0$
b10101010 (
b10101010 a
0]
#115000
1$
1]
b1010 d
b1010 e
b10101010 p
b1010 ,
#116000
b10101010 6
b1010 =
b1010 ?
b1010 ~
b1010 H
b11000111 y
#120000
0$
b11000111 (
b11000111 a
0]
#125000
1$
1]
b1011 d
b1011 e
b11000111 q
b1011 ,
#126000
b11000111 7
b1011 =
b1011 ?
b1011 ~
b1011 H
b11100100 y
#130000
0$
b11100100 (
b11100100 a
0]
#135000
1$
1]
b1100 d
b1100 e
b11100100 r
b1100 ,
#136000
b11100100 8
b1100 =
b1100 ?
b1100 ~
b1100 H
b1 y
#140000
0$
b1 (
b1 a
0]
#145000
1$
1]
b1101 d
b1101 e
b1 s
b1101 ,
#146000
b1 9
b1101 =
b1101 ?
b1101 ~
b1101 H
b11110 y
#150000
0$
b11110 (
b11110 a
0]
#155000
1$
1]
b1110 d
b1110 e
b11110 t
b1110 ,
#156000
b11110 :
b1110 =
b1110 ?
b1110 ~
b1110 H
b111011 y
#160000
0$
b111011 (
b111011 a
0]
#165000
1$
1]
b1111 d
b1111 e
b111011 u
b1111 ,
#166000
b111011 ;
b1111 =
b1111 ?
b1111 ~
b1111 H
b1011000 y
#170000
0$
b1011000 (
b1011000 a
0]
#175000
1$
1]
b10000 d
b0 e
b1011000 v
1+
b10000 ,
0b
#176000
b1011000 <
b0 =
b10000 ?
b10000 ~
1"!
b10000 H
b101000001100100010100100100000011001100110100101101100011011000010000001110100011011110010000001100110011101010110110001101100 $!
b11101110 y
#180000
0$
b11101110 (
0z
b1 B
b11101110 a
0]
#185000
1$
1]
#186000
b11101111 y
#190000
0$
b11101111 (
b10 B
b11101111 a
0]
#195000
1$
1]
#196000
b10100000110011001010010010000001110000011101010111001101101000001000000111011101101000011001010110111000100000011001100111010101101100011011000010000001101001011001110110111001101111011100100110010101100100 $!
1x
b11011101 y
#200000
0$
1'
b11011101 (
1{
b1 D
b11011101 a
1`
0]
1c
#205000
1$
1]
b1 f
b1111 d
0+
b11000010 )
b1111 ,
1b
#206000
b1 >
b1111 ?
b1111 ~
0"!
b11000010 #!
b1010000011010000101001001000000110011001110101011011000110110000100000001010110010000001110000011101010111001101101000001001100111000001101111011100000010000000111010001000000111000001101111011100000010000001101111011011100110110001111001 $!
0x
b1110111 y
#210000
0$
0'
b1110111 (
1z
0{
b1110111 a
0`
0]
0c
#215000
1$
1]
b10000 d
b1 e
b1110111 g
1+
b10000 ,
0b
#216000
b1110111 -
b1 =
b10000 ?
b10000 ~
1"!
b1 H
0w
1x
b0 y
#220000
0$
0&
1'
b0 (
0z
1{
b0 a
1`
0_
0]
1c
#225000
1$
1]
b10 f
b1111 d
0+
b11011111 )
b1111 ,
#226000
b10 >
b1111 ?
b1111 ~
0"!
b10 H
b11011111 #!
#230000
0$
0]
#235000
1$
1]
b11 f
b1110 d
b11111100 )
b1110 ,
#236000
b11 >
b1110 ?
b1110 ~
b11 H
b11111100 #!
#240000
0$
0]
#245000
1$
1]
b100 f
b1101 d
b11001 )
b1101 ,
#246000
b100 >
b1101 ?
b1101 ~
b100 H
b11001 #!
#250000
0$
0]
#255000
1$
1]
b101 f
b1100 d
b110110 )
b1100 ,
#256000
b101 >
b1100 ?
b1100 ~
b101 H
b110110 #!
#260000
0$
0]
#265000
1$
1]
b110 f
b1011 d
b1010011 )
b1011 ,
#266000
b110 >
b1011 ?
b1011 ~
b110 H
b1010011 #!
#270000
0$
0]
#275000
1$
1]
b111 f
b1010 d
b1110000 )
b1010 ,
#276000
b111 >
b1010 ?
b1010 ~
b111 H
b1110000 #!
#280000
0$
0]
#285000
1$
1]
b1000 f
b1001 d
b10001101 )
b1001 ,
#286000
b1000 >
b1001 ?
b1001 ~
b1000 H
b10001101 #!
#290000
0$
0]
#295000
1$
1]
b1001 f
b1000 d
b10101010 )
b1000 ,
#296000
b1001 >
b1000 ?
b1000 ~
b1001 H
b10101010 #!
#300000
0$
0]
#305000
1$
1]
b1010 f
b111 d
b11000111 )
b111 ,
#306000
b1010 >
b111 ?
b111 ~
b1010 H
b11000111 #!
#310000
0$
0]
#315000
1$
1]
b1011 f
b110 d
b11100100 )
b110 ,
#316000
b1011 >
b110 ?
b110 ~
b1011 H
b11100100 #!
#320000
0$
0]
#325000
1$
1]
b1100 f
b101 d
b1 )
b101 ,
#326000
b1100 >
b101 ?
b101 ~
b1100 H
b1 #!
#330000
0$
0]
#335000
1$
1]
b1101 f
b100 d
b11110 )
b100 ,
#336000
b1101 >
b100 ?
b100 ~
b1101 H
b11110 #!
#340000
0$
0]
#345000
1$
1]
b1110 f
b11 d
b111011 )
b11 ,
#346000
b1110 >
b11 ?
b11 ~
b1110 H
b111011 #!
#350000
0$
0]
#355000
1$
1]
b1111 f
b10 d
b1011000 )
b10 ,
#356000
b1111 >
b10 ?
b10 ~
b1111 H
b1011000 #!
#360000
0$
0]
#365000
1$
1]
b0 f
b1 d
b1110111 )
b1 ,
#366000
b0 >
b1 ?
b1 ~
b10000 H
b1110111 #!
#370000
0$
0]
#375000
1$
1]
b1 f
b0 d
1*
b11000010 )
b0 ,
0c
#376000
b1 >
b0 ?
b0 ~
1!!
b1010000011010100101001001000000110010001110010011000010110100101101110001000000110100101101110001000000110111101110010011001000110010101110010001011000010000001100101011011010111000001110100011110010010000001100110011011000110000101100111 $!
#380000
0$
0{
b1 C
0]
#385000
1$
1]
#390000
0$
b10 C
0]
#395000
1$
1]
#396000
b10100000110110001010010010000001110000011011110111000000100000011101110110100001100101011011100010000001100101011011010111000001110100011110010010000001101001011001110110111001101111011100100110010101100100 $!
1w
b111100 y
#400000
0$
1&
b111100 (
1z
b1 E
b111100 a
1_
0]
1b
#405000
1$
1]
b1 d
b10 e
b111100 h
b111100 )
0*
b1 ,
1c
#406000
b111100 .
b10 =
b1 ?
b1 ~
0!!
b111100 #!
0w
b0 y
#410000
0$
0&
b0 (
0z
1{
b0 a
0_
0]
0b
#415000
1$
1]
b10 f
b0 d
1*
b11011111 )
b0 ,
0c
#416000
b10 >
b0 ?
b0 ~
1!!
b10100000110111001010010010000001100101011011010111000001110100011110010010000000101011001000000111000001110101011100110110100000100110011100000110111101110000001000000011101000100000011100000111010101110011011010000010000001101111011011100110110001111001 $!
b0 H
1w
0x
b10000 y
#420000
0$
1&
0'
b10000 (
1z
0{
b10000 a
0`
1_
0]
1b
#425000
1$
1]
b1 d
b11 e
b10000 i
b10000 )
0*
b1 ,
#426000
b10000 /
b11 =
b1 ?
b10000 #!
0w
1x
b0 y
#430000
0$
0&
1'
b0 (
0z
1{
b0 a
1`
0_
0]
0b
1c
#435000
1$
1]
b11 f
b0 d
1*
b11111100 )
b0 ,
0c
#436000
b11 >
b0 ?
b1 H
1w
0x
b10001 y
#440000
0$
1&
0'
b10001 (
1z
0{
b10001 a
0`
1_
0]
1b
#445000
1$
1]
b1 d
b100 e
b10001 j
b10001 )
0*
b1 ,
#446000
b10001 0
b100 =
b1 ?
b10001 #!
0w
1x
b0 y
#450000
0$
0&
1'
b0 (
0z
1{
b0 a
1`
0_
0]
0b
1c
#455000
1$
1]
b100 f
b0 d
1*
b11001 )
b0 ,
0c
#456000
b100 >
b0 ?
b10 H
1w
0x
b10010 y
#460000
0$
1&
0'
b10010 (
1z
0{
b10010 a
0`
1_
0]
1b
#465000
1$
1]
b1 d
b101 e
b10010 k
b10010 )
0*
b1 ,
#466000
b10010 1
b101 =
b1 ?
b10010 #!
0w
1x
b0 y
#470000
0$
0&
1'
b0 (
0z
1{
b0 a
1`
0_
0]
0b
1c
#475000
1$
1]
b101 f
b0 d
1*
b110110 )
b0 ,
0c
#476000
b101 >
b0 ?
b11 H
1w
0x
b10011 y
#480000
0$
1&
0'
b10011 (
1z
0{
b10011 a
0`
1_
0]
1b
#485000
1$
1]
b1 d
b110 e
b10011 l
b10011 )
0*
b1 ,
#486000
b10011 2
b110 =
b1 ?
b10011 #!
0w
1x
b0 y
#490000
0$
0&
1'
b0 (
0z
1{
b0 a
1`
0_
0]
0b
1c
#495000
1$
1]
b110 f
b0 d
1*
b1010011 )
b0 ,
0c
#496000
b110 >
b0 ?
b100 H
1w
0x
b10100 y
#500000
0$
1&
0'
b10100 (
1z
0{
b10100 a
0`
1_
0]
1b
#505000
1$
1]
b1 d
b111 e
b10100 m
b10100 )
0*
b1 ,
#506000
b10100 3
b111 =
b1 ?
b10100 #!
0w
1x
b0 y
#510000
0$
0&
1'
b0 (
0z
1{
b0 a
1`
0_
0]
0b
1c
#515000
1$
1]
b111 f
b0 d
1*
b1110000 )
b0 ,
0c
#516000
b111 >
b0 ?
b101 H
1w
0x
b10101 y
#520000
0$
1&
0'
b10101 (
1z
0{
b10101 a
0`
1_
0]
1b
#525000
1$
1]
b1 d
b1000 e
b10101 n
b10101 )
0*
b1 ,
#526000
b10101 4
b1000 =
b1 ?
b10101 #!
0w
1x
b0 y
#530000
0$
0&
1'
b0 (
0z
1{
b0 a
1`
0_
0]
0b
1c
#535000
1$
1]
b1000 f
b0 d
1*
b10001101 )
b0 ,
0c
#536000
b1000 >
b0 ?
b110 H
1w
0x
b10110 y
#540000
0$
1&
0'
b10110 (
1z
0{
b10110 a
0`
1_
0]
1b
#545000
1$
1]
b1 d
b1001 e
b10110 o
b10110 )
0*
b1 ,
#546000
b10110 5
b1001 =
b1 ?
b10110 #!
0w
1x
b0 y
#550000
0$
0&
1'
b0 (
0z
1{
b0 a
1`
0_
0]
0b
1c
#555000
1$
1]
b1001 f
b0 d
1*
b10101010 )
b0 ,
0c
#556000
b1001 >
b0 ?
b111 H
1w
0x
b10111 y
#560000
0$
1&
0'
b10111 (
1z
0{
b10111 a
0`
1_
0]
1b
#565000
1$
1]
b1 d
b1010 e
b10111 p
b10111 )
0*
b1 ,
#566000
b10111 6
b1010 =
b1 ?
b10111 #!
0w
1x
b0 y
#570000
0$
0&
1'
b0 (
0z
1{
b0 a
1`
0_
0]
0b
1c
#575000
1$
1]
b1010 f
b0 d
1*
b11000111 )
b0 ,
0c
#576000
b1010 >
b0 ?
b1000 H
1w
0x
b11000 y
#580000
0$
1&
0'
b11000 (
1z
0{
b11000 a
0`
1_
0]
1b
#585000
1$
1]
b1 d
b1011 e
b11000 q
b11000 )
0*
b1 ,
#586000
b11000 7
b1011 =
b1 ?
b11000 #!
0w
1x
b0 y
#590000
0$
0&
1'
b0 (
0z
1{
b0 a
1`
0_
0]
0b
1c
#595000
1$
1]
b1011 f
b0 d
1*
b11100100 )
b0 ,
0c
#596000
b1011 >
b0 ?
b1001 H
1w
0x
b11001 y
#600000
0$
1&
0'
b11001 (
1z
0{
b11001 a
0`
1_
0]
1b
#605000
1$
1]
b1 d
b1100 e
b11001 r
b11001 )
0*
b1 ,
#606000
b11001 8
b1100 =
b1 ?
b11001 #!
0w
1x
b0 y
#610000
0$
0&
1'
b0 (
0z
1{
b0 a
1`
0_
0]
0b
1c
#615000
1$
1]
b1100 f
b0 d
1*
b1 )
b0 ,
0c
#616000
b1100 >
b0 ?
b1010 H
1w
0x
b11010 y
#620000
0$
1&
0'
b11010 (
1z
0{
b11010 a
0`
1_
0]
1b
#625000
1$
1]
b1 d
b1101 e
b11010 s
b11010 )
0*
b1 ,
#626000
b11010 9
b1101 =
b1 ?
b11010 #!
0w
1x
b0 y
#630000
0$
0&
1'
b0 (
0z
1{
b0 a
1`
0_
0]
0b
1c
#635000
1$
1]
b1101 f
b0 d
1*
b11110 )
b0 ,
0c
#636000
b1101 >
b0 ?
b1011 H
1w
0x
b11011 y
#640000
0$
1&
0'
b11011 (
1z
0{
b11011 a
0`
1_
0]
1b
#645000
1$
1]
b1 d
b1110 e
b11011 t
b11011 )
0*
b1 ,
#646000
b11011 :
b1110 =
b1 ?
b11011 #!
0w
1x
b0 y
#650000
0$
0&
1'
b0 (
0z
1{
b0 a
1`
0_
0]
0b
1c
#655000
1$
1]
b1110 f
b0 d
1*
b111011 )
b0 ,
0c
#656000
b1110 >
b0 ?
b1100 H
1w
0x
b11100 y
#660000
0$
1&
0'
b11100 (
1z
0{
b11100 a
0`
1_
0]
1b
#665000
1$
1]
b1 d
b1111 e
b11100 u
b11100 )
0*
b1 ,
#666000
b11100 ;
b1111 =
b1 ?
b11100 #!
0w
1x
b0 y
#670000
0$
0&
1'
b0 (
0z
1{
b0 a
1`
0_
0]
0b
1c
#675000
1$
1]
b1111 f
b0 d
1*
b1011000 )
b0 ,
0c
#676000
b1111 >
b0 ?
b1101 H
1w
0x
b11101 y
#680000
0$
1&
0'
b11101 (
1z
0{
b11101 a
0`
1_
0]
1b
#685000
1$
1]
b1 d
b0 e
b11101 v
b11101 )
0*
b1 ,
#686000
b11101 <
b0 =
b1 ?
b11101 #!
0w
1x
b0 y
#690000
0$
0&
1'
b0 (
0z
1{
b0 a
1`
0_
0]
0b
1c
#695000
1$
1]
b0 f
b0 d
1*
b1110111 )
b0 ,
0c
#696000
b0 >
b0 ?
b1110 H
1w
0x
b11110 y
#700000
0$
1&
0'
b11110 (
1z
0{
b11110 a
0`
1_
0]
1b
#705000
1$
1]
b1 d
b1 e
b11110 g
b11110 )
0*
b1 ,
#706000
b11110 -
b1 =
b1 ?
b11110 #!
0w
1x
b0 y
#710000
0$
0&
1'
b0 (
0z
1{
b0 a
1`
0_
0]
0b
1c
#715000
1$
1]
b1 f
b0 d
1*
b111100 )
b0 ,
0c
#716000
b1 >
b0 ?
b1111 H
1w
0x
b11111 y
#720000
0$
1&
0'
b11111 (
1z
0{
b11111 a
0`
1_
0]
1b
#725000
1$
1]
b1 d
b10 e
b11111 h
b11111 )
0*
b1 ,
#726000
b11111 .
b10 =
b1 ?
b11111 #!
0w
1x
b0 y
#730000
0$
0&
1'
b0 (
0z
1{
b0 a
1`
0_
0]
0b
1c
#735000
1$
1]
b10 f
b0 d
1*
b10000 )
b0 ,
0c
#736000
b10 >
b0 ?
b10000 H
1w
0x
b100000 y
#740000
0$
1&
0'
b100000 (
1z
0{
b100000 a
0`
1_
0]
1b
#745000
1$
1]
b1 d
b11 e
b100000 i
b100000 )
0*
b1 ,
#746000
b100000 /
b11 =
b1 ?
b100000 #!
0w
1x
b0 y
#750000
0$
0&
1'
b0 (
0z
1{
b0 a
1`
0_
0]
0b
1c
#755000
1$
1]
b11 f
b0 d
1*
b10001 )
b0 ,
0c
#756000
b11 >
b0 ?
b10001 H
1w
0x
b100001 y
#760000
0$
1&
0'
b100001 (
1z
0{
b100001 a
0`
1_
0]
1b
#765000
1$
1]
b1 d
b100 e
b100001 j
b100001 )
0*
b1 ,
#766000
b100001 0
b100 =
b1 ?
b100001 #!
0w
1x
b0 y
#770000
0$
0&
1'
b0 (
0z
1{
b0 a
1`
0_
0]
0b
1c
#775000
1$
1]
b100 f
b0 d
1*
b10010 )
b0 ,
0c
#776000
b100 >
b0 ?
b10010 H
1w
0x
b100010 y
#780000
0$
1&
0'
b100010 (
1z
0{
b100010 a
0`
1_
0]
1b
#785000
1$
1]
b1 d
b101 e
b100010 k
b100010 )
0*
b1 ,
#786000
b100010 1
b101 =
b1 ?
b100010 #!
0w
1x
b0 y
#790000
0$
0&
1'
b0 (
0z
1{
b0 a
1`
0_
0]
0b
1c
#795000
1$
1]
b101 f
b0 d
1*
b10011 )
b0 ,
0c
#796000
b101 >
b0 ?
b10011 H
1w
0x
b100011 y
#800000
0$
1&
0'
b100011 (
1z
0{
b100011 a
0`
1_
0]
1b
#805000
1$
1]
b1 d
b110 e
b100011 l
b100011 )
0*
b1 ,
#806000
b100011 2
b110 =
b1 ?
b100011 #!
0w
1x
b0 y
#810000
0$
0&
1'
b0 (
0z
1{
b0 a
1`
0_
0]
0b
1c
#815000
1$
1]
b110 f
b0 d
1*
b10100 )
b0 ,
0c
#816000
b110 >
b0 ?
b10100 H
1w
0x
b100100 y
#820000
0$
1&
0'
b100100 (
1z
0{
b100100 a
0`
1_
0]
1b
#825000
1$
1]
b1 d
b111 e
b100100 m
b100100 )
0*
b1 ,
#826000
b100100 3
b111 =
b1 ?
b100100 #!
0w
1x
b0 y
#830000
0$
0&
1'
b0 (
0z
1{
b0 a
1`
0_
0]
0b
1c
#835000
1$
1]
b111 f
b0 d
1*
b10101 )
b0 ,
0c
#836000
b111 >
b0 ?
b10101 H
1w
0x
b100101 y
#840000
0$
1&
0'
b100101 (
1z
0{
b100101 a
0`
1_
0]
1b
#845000
1$
1]
b1 d
b1000 e
b100101 n
b100101 )
0*
b1 ,
#846000
b100101 4
b1000 =
b1 ?
b100101 #!
0w
1x
b0 y
#850000
0$
0&
1'
b0 (
0z
1{
b0 a
1`
0_
0]
0b
1c
#855000
1$
1]
b1000 f
b0 d
1*
b10110 )
b0 ,
0c
#856000
b1000 >
b0 ?
b10110 H
1w
0x
b100110 y
#860000
0$
1&
0'
b100110 (
1z
0{
b100110 a
0`
1_
0]
1b
#865000
1$
1]
b1 d
b1001 e
b100110 o
b100110 )
0*
b1 ,
#866000
b100110 5
b1001 =
b1 ?
b100110 #!
0w
1x
b0 y
#870000
0$
0&
1'
b0 (
0z
1{
b0 a
1`
0_
0]
0b
1c
#875000
1$
1]
b1001 f
b0 d
1*
b10111 )
b0 ,
0c
#876000
b1001 >
b0 ?
b10111 H
1w
0x
b100111 y
#880000
0$
1&
0'
b100111 (
1z
0{
b100111 a
0`
1_
0]
1b
#885000
1$
1]
b1 d
b1010 e
b100111 p
b100111 )
0*
b1 ,
#886000
b100111 6
b1010 =
b1 ?
b100111 #!
0w
1x
b0 y
#890000
0$
0&
1'
b0 (
0z
1{
b0 a
1`
0_
0]
0b
1c
#895000
1$
1]
b1010 f
b0 d
1*
b11000 )
b0 ,
0c
#896000
b1010 >
b0 ?
b11000 H
1w
0x
b101000 y
#900000
0$
1&
0'
b101000 (
1z
0{
b101000 a
0`
1_
0]
1b
#905000
1$
1]
b1 d
b1011 e
b101000 q
b101000 )
0*
b1 ,
#906000
b101000 7
b1011 =
b1 ?
b101000 #!
0w
1x
b0 y
#910000
0$
0&
1'
b0 (
0z
1{
b0 a
1`
0_
0]
0b
1c
#915000
1$
1]
b1011 f
b0 d
1*
b11001 )
b0 ,
0c
#916000
b1011 >
b0 ?
b11001 H
1w
0x
b101001 y
#920000
0$
1&
0'
b101001 (
1z
0{
b101001 a
0`
1_
0]
1b
#925000
1$
1]
b1 d
b1100 e
b101001 r
b101001 )
0*
b1 ,
#926000
b101001 8
b1100 =
b1 ?
b101001 #!
0w
1x
b0 y
#930000
0$
0&
1'
b0 (
0z
1{
b0 a
1`
0_
0]
0b
1c
#935000
1$
1]
b1100 f
b0 d
1*
b11010 )
b0 ,
0c
#936000
b1100 >
b0 ?
b11010 H
1w
0x
b101010 y
#940000
0$
1&
0'
b101010 (
1z
0{
b101010 a
0`
1_
0]
1b
#945000
1$
1]
b1 d
b1101 e
b101010 s
b101010 )
0*
b1 ,
#946000
b101010 9
b1101 =
b1 ?
b101010 #!
0w
1x
b0 y
#950000
0$
0&
1'
b0 (
0z
1{
b0 a
1`
0_
0]
0b
1c
#955000
1$
1]
b1101 f
b0 d
1*
b11011 )
b0 ,
0c
#956000
b1101 >
b0 ?
b11011 H
1w
0x
b101011 y
#960000
0$
1&
0'
b101011 (
1z
0{
b101011 a
0`
1_
0]
1b
#965000
1$
1]
b1 d
b1110 e
b101011 t
b101011 )
0*
b1 ,
#966000
b101011 :
b1110 =
b1 ?
b101011 #!
0w
1x
b0 y
#970000
0$
0&
1'
b0 (
0z
1{
b0 a
1`
0_
0]
0b
1c
#975000
1$
1]
b1110 f
b0 d
1*
b11100 )
b0 ,
0c
#976000
b1110 >
b0 ?
b11100 H
1w
0x
b101100 y
#980000
0$
1&
0'
b101100 (
1z
0{
b101100 a
0`
1_
0]
1b
#985000
1$
1]
b1 d
b1111 e
b101100 u
b101100 )
0*
b1 ,
#986000
b101100 ;
b1111 =
b1 ?
b101100 #!
0w
1x
b0 y
#990000
0$
0&
1'
b0 (
0z
1{
b0 a
1`
0_
0]
0b
1c
#995000
1$
1]
b1111 f
b0 d
1*
b11101 )
b0 ,
0c
#996000
b1111 >
b0 ?
b11101 H
1w
0x
b101101 y
#1000000
0$
1&
0'
b101101 (
1z
0{
b101101 a
0`
1_
0]
1b
#1005000
1$
1]
b1 d
b0 e
b101101 v
b101101 )
0*
b1 ,
#1006000
b101101 <
b0 =
b1 ?
b101101 #!
0w
1x
b0 y
#1010000
0$
0&
1'
b0 (
0z
1{
b0 a
1`
0_
0]
0b
1c
#1015000
1$
1]
b0 f
b0 d
1*
b11110 )
b0 ,
0c
#1016000
b0 >
b0 ?
b11110 H
1w
0x
b101110 y
#1020000
0$
1&
0'
b101110 (
1z
0{
b101110 a
0`
1_
0]
1b
#1025000
1$
1]
b1 d
b1 e
b101110 g
b101110 )
0*
b1 ,
#1026000
b101110 -
b1 =
b1 ?
b101110 #!
0w
1x
b0 y
#1030000
0$
0&
1'
b0 (
0z
1{
b0 a
1`
0_
0]
0b
1c
#1035000
1$
1]
b1 f
b0 d
1*
b11111 )
b0 ,
0c
#1036000
b1 >
b0 ?
b11111 H
1w
0x
b101111 y
#1040000
0$
1&
0'
b101111 (
1z
0{
b101111 a
0`
1_
0]
1b
#1045000
1$
1]
b1 d
b10 e
b101111 h
b101111 )
0*
b1 ,
#1046000
b101111 .
b10 =
b1 ?
b101111 #!
0w
1x
b0 y
#1050000
0$
0&
1'
b0 (
0z
1{
b0 a
1`
0_
0]
0b
1c
#1055000
1$
1]
b10 f
b0 d
1*
b100000 )
b0 ,
0c
#1056000
b10 >
b0 ?
b100000 H
1w
0x
b110000 y
#1060000
0$
1&
0'
b110000 (
1z
0{
b110000 a
0`
1_
0]
1b
#1065000
1$
1]
b1 d
b11 e
b110000 i
b110000 )
0*
b1 ,
#1066000
b110000 /
b11 =
b1 ?
b110000 #!
0w
1x
b0 y
#1070000
0$
0&
1'
b0 (
0z
1{
b0 a
1`
0_
0]
0b
1c
#1075000
1$
1]
b11 f
b0 d
1*
b100001 )
b0 ,
0c
#1076000
b11 >
b0 ?
b100001 H
1w
0x
b110001 y
#1080000
0$
1&
0'
b110001 (
1z
0{
b110001 a
0`
1_
0]
1b
#1085000
1$
1]
b1 d
b100 e
b110001 j
b110001 )
0*
b1 ,
#1086000
b110001 0
b100 =
b1 ?
b110001 #!
0w
1x
b0 y
#1090000
0$
0&
1'
b0 (
0z
1{
b0 a
1`
0_
0]
0b
1c
#1095000
1$
1]
b100 f
b0 d
1*
b100010 )
b0 ,
0c
#1096000
b100 >
b0 ?
b100010 H
1w
0x
b110010 y
#1100000
0$
1&
0'
b110010 (
1z
0{
b110010 a
0`
1_
0]
1b
#1105000
1$
1]
b1 d
b101 e
b110010 k
b110010 )
0*
b1 ,
#1106000
b110010 1
b101 =
b1 ?
b110010 #!
0w
1x
b0 y
#1110000
0$
0&
1'
b0 (
0z
1{
b0 a
1`
0_
0]
0b
1c
#1115000
1$
1]
b101 f
b0 d
1*
b100011 )
b0 ,
0c
#1116000
b101 >
b0 ?
b100011 H
1w
0x
b110011 y
#1120000
0$
1&
0'
b110011 (
1z
0{
b110011 a
0`
1_
0]
1b
#1125000
1$
1]
b1 d
b110 e
b110011 l
b110011 )
0*
b1 ,
#1126000
b110011 2
b110 =
b1 ?
b110011 #!
0w
1x
b0 y
#1130000
0$
0&
1'
b0 (
0z
1{
b0 a
1`
0_
0]
0b
1c
#1135000
1$
1]
b110 f
b0 d
1*
b100100 )
b0 ,
0c
#1136000
b110 >
b0 ?
b100100 H
1w
0x
b110100 y
#1140000
0$
1&
0'
b110100 (
1z
0{
b110100 a
0`
1_
0]
1b
#1145000
1$
1]
b1 d
b111 e
b110100 m
b110100 )
0*
b1 ,
#1146000
b110100 3
b111 =
b1 ?
b110100 #!
0w
1x
b0 y
#1150000
0$
0&
1'
b0 (
0z
1{
b0 a
1`
0_
0]
0b
1c
#1155000
1$
1]
b111 f
b0 d
1*
b100101 )
b0 ,
0c
#1156000
b111 >
b0 ?
b100101 H
1w
0x
b110101 y
#1160000
0$
1&
0'
b110101 (
1z
0{
b110101 a
0`
1_
0]
1b
#1165000
1$
1]
b1 d
b1000 e
b110101 n
b110101 )
0*
b1 ,
#1166000
b110101 4
b1000 =
b1 ?
b110101 #!
0w
1x
b0 y
#1170000
0$
0&
1'
b0 (
0z
1{
b0 a
1`
0_
0]
0b
1c
#1175000
1$
1]
b1000 f
b0 d
1*
b100110 )
b0 ,
0c
#1176000
b1000 >
b0 ?
b100110 H
1w
0x
b110110 y
#1180000
0$
1&
0'
b110110 (
1z
0{
b110110 a
0`
1_
0]
1b
#1185000
1$
1]
b1 d
b1001 e
b110110 o
b110110 )
0*
b1 ,
#1186000
b110110 5
b1001 =
b1 ?
b110110 #!
0w
1x
b0 y
#1190000
0$
0&
1'
b0 (
0z
1{
b0 a
1`
0_
0]
0b
1c
#1195000
1$
1]
b1001 f
b0 d
1*
b100111 )
b0 ,
0c
#1196000
b1001 >
b0 ?
b100111 H
1w
0x
b110111 y
#1200000
0$
1&
0'
b110111 (
1z
0{
b110111 a
0`
1_
0]
1b
#1205000
1$
1]
b1 d
b1010 e
b110111 p
b110111 )
0*
b1 ,
#1206000
b110111 6
b1010 =
b1 ?
b110111 #!
0w
1x
b0 y
#1210000
0$
0&
1'
b0 (
0z
1{
b0 a
1`
0_
0]
0b
1c
#1215000
1$
1]
b1010 f
b0 d
1*
b101000 )
b0 ,
0c
#1216000
b1010 >
b0 ?
b101000 H
1w
0x
b11000000 y
#1220000
0$
1&
0'
b11000000 (
1z
0{
b11000000 a
0`
1_
0]
1b
#1225000
1$
1]
b1 d
b1011 e
b11000000 q
b11000000 )
0*
b1 ,
#1226000
b11000000 7
b1011 =
b1 ?
b1 H
b11000000 #!
1x
b11000001 y
#1230000
0$
1'
b11000001 (
1{
b1 F
b11000001 a
1`
0]
1c
#1235000
1$
1]
b1011 f
b1100 e
b11000001 r
b11000001 )
#1236000
b11000001 8
b1100 =
b10 ?
b1011 >
b1 ?
b1 ~
0!!
b10 H
b11000001 #!
b11000010 y
#1240000
0$
b11000010 (
b10 F
b11000010 a
0]
#1245000
1$
1]
b1100 f
b1101 e
b11000010 s
b11000010 )
#1246000
b11000010 9
b1101 =
b10 ?
b1100 >
b1 ?
b11 H
b11000010 #!
b11000011 y
#1250000
0$
b11000011 (
b11 F
b11000011 a
0]
#1255000
1$
1]
b1101 f
b1110 e
b11000011 t
b11000011 )
#1256000
b11000011 :
b1110 =
b10 ?
b1101 >
b1 ?
b100 H
b11000011 #!
b11000100 y
#1260000
0$
b11000100 (
b100 F
b11000100 a
0]
#1265000
1$
1]
b1110 f
b1111 e
b11000100 u
b11000100 )
#1266000
b11000100 ;
b1111 =
b10 ?
b1110 >
b1 ?
b101 H
b11000100 #!
b11000101 y
#1270000
0$
b11000101 (
b101 F
b11000101 a
0]
#1275000
1$
1]
b1111 f
b0 e
b11000101 v
b11000101 )
#1276000
b11000101 <
b0 =
b10 ?
b1111 >
b1 ?
b110 H
b11000101 #!
b11000110 y
#1280000
0$
b11000110 (
b110 F
b11000110 a
0]
#1285000
1$
1]
b0 f
b1 e
b11000110 g
b11000110 )
#1286000
b11000110 -
b1 =
b10 ?
b0 >
b1 ?
b111 H
b11000110 #!
b11000111 y
#1290000
0$
b11000111 (
b111 F
b11000111 a
0]
#1295000
1$
1]
b1 f
b10 e
b11000111 h
b11000111 )
#1296000
b11000111 .
b10 =
b10 ?
b1 >
b1 ?
b1000 H
b11000111 #!
b11001000 y
#1300000
0$
b11001000 (
b1000 F
b11001000 a
0]
#1305000
1$
1]
b10 f
b11 e
b11001000 i
b11001000 )
#1306000
b11001000 /
b11 =
b10 ?
b10 >
b1 ?
b1001 H
b11001000 #!
b11001001 y
#1310000
0$
b11001001 (
b1001 F
b11001001 a
0]
#1315000
1$
1]
b11 f
b100 e
b11001001 j
b11001001 )
#1316000
b11001001 0
b100 =
b10 ?
b11 >
b1 ?
b1010 H
b11001001 #!
b11001010 y
#1320000
0$
b11001010 (
b1010 F
b11001010 a
0]
#1325000
1$
1]
b100 f
b101 e
b11001010 k
b11001010 )
#1326000
b11001010 1
b101 =
b10 ?
b100 >
b1 ?
b1011 H
b11001010 #!
b11001011 y
#1330000
0$
b11001011 (
b1011 F
b11001011 a
0]
#1335000
1$
1]
b101 f
b110 e
b11001011 l
b11001011 )
#1336000
b11001011 2
b110 =
b10 ?
b101 >
b1 ?
b1100 H
b11001011 #!
b11001100 y
#1340000
0$
b11001100 (
b1100 F
b11001100 a
0]
#1345000
1$
1]
b110 f
b111 e
b11001100 m
b11001100 )
#1346000
b11001100 3
b111 =
b10 ?
b110 >
b1 ?
b1101 H
b11001100 #!
b11001101 y
#1350000
0$
b11001101 (
b1101 F
b11001101 a
0]
#1355000
1$
1]
b111 f
b1000 e
b11001101 n
b11001101 )
#1356000
b11001101 4
b1000 =
b10 ?
b111 >
b1 ?
b1110 H
b11001101 #!
b11001110 y
#1360000
0$
b11001110 (
b1110 F
b11001110 a
0]
#1365000
1$
1]
b1000 f
b1001 e
b11001110 o
b11001110 )
#1366000
b11001110 5
b1001 =
b10 ?
b1000 >
b1 ?
b1111 H
b11001110 #!
b11001111 y
#1370000
0$
b11001111 (
b1111 F
b11001111 a
0]
#1375000
1$
1]
b1001 f
b1010 e
b11001111 p
b11001111 )
#1376000
b11001111 6
b1010 =
b10 ?
b1001 >
b1 ?
b10000 H
b11001111 #!
b11010000 y
#1380000
0$
b11010000 (
b10000 F
b11010000 a
0]
#1385000
1$
1]
b1010 f
b1011 e
b11010000 q
b11010000 )
#1386000
b11010000 7
b1011 =
b10 ?
b1010 >
b1 ?
b10001 H
b11010000 #!
b11010001 y
#1390000
0$
b11010001 (
b10001 F
b11010001 a
0]
#1395000
1$
1]
b1011 f
b1100 e
b11010001 r
b11010001 )
#1396000
b11010001 8
b1100 =
b10 ?
b1011 >
b1 ?
b10010 H
b11010001 #!
b11010010 y
#1400000
0$
b11010010 (
b10010 F
b11010010 a
0]
#1405000
1$
1]
b1100 f
b1101 e
b11010010 s
b11010010 )
#1406000
b11010010 9
b1101 =
b10 ?
b1100 >
b1 ?
b10011 H
b11010010 #!
b11010011 y
#1410000
0$
b11010011 (
b10011 F
b11010011 a
0]
#1415000
1$
1]
b1101 f
b1110 e
b11010011 t
b11010011 )
#1416000
b11010011 :
b1110 =
b10 ?
b1101 >
b1 ?
b10100 H
b11010011 #!
b11010100 y
#1420000
0$
b11010100 (
b10100 F
b11010100 a
0]
#1425000
1$
1]
b1110 f
b1111 e
b11010100 u
b11010100 )
#1426000
b11010100 ;
b1111 =
b10 ?
b1110 >
b1 ?
b10101 H
b11010100 #!
b11010101 y
#1430000
0$
b11010101 (
b10101 F
b11010101 a
0]
#1435000
1$
1]
b1111 f
b0 e
b11010101 v
b11010101 )
#1436000
b11010101 <
b0 =
b10 ?
b1111 >
b1 ?
b10110 H
b11010101 #!
b11010110 y
#1440000
0$
b11010110 (
b10110 F
b11010110 a
0]
#1445000
1$
1]
b0 f
b1 e
b11010110 g
b11010110 )
#1446000
b11010110 -
b1 =
b10 ?
b0 >
b1 ?
b10111 H
b11010110 #!
b11010111 y
#1450000
0$
b11010111 (
b10111 F
b11010111 a
0]
#1455000
1$
1]
b1 f
b10 e
b11010111 h
b11010111 )
#1456000
b11010111 .
b10 =
b10 ?
b1 >
b1 ?
b11000 H
b11010111 #!
b11011000 y
#1460000
0$
b11011000 (
b11000 F
b11011000 a
0]
#1465000
1$
1]
b10 f
b11 e
b11011000 i
b11011000 )
#1466000
b11011000 /
b11 =
b10 ?
b10 >
b1 ?
b11001 H
b11011000 #!
b11011001 y
#1470000
0$
b11011001 (
b11001 F
b11011001 a
0]
#1475000
1$
1]
b11 f
b100 e
b11011001 j
b11011001 )
#1476000
b11011001 0
b100 =
b10 ?
b11 >
b1 ?
b11010 H
b11011001 #!
b11011010 y
#1480000
0$
b11011010 (
b11010 F
b11011010 a
0]
#1485000
1$
1]
b100 f
b101 e
b11011010 k
b11011010 )
#1486000
b11011010 1
b101 =
b10 ?
b100 >
b1 ?
b11011 H
b11011010 #!
b11011011 y
#1490000
0$
b11011011 (
b11011 F
b11011011 a
0]
#1495000
1$
1]
b101 f
b110 e
b11011011 l
b11011011 )
#1496000
b11011011 2
b110 =
b10 ?
b101 >
b1 ?
b11100 H
b11011011 #!
b11011100 y
#1500000
0$
b11011100 (
b11100 F
b11011100 a
0]
#1505000
1$
1]
b110 f
b111 e
b11011100 m
b11011100 )
#1506000
b11011100 3
b111 =
b10 ?
b110 >
b1 ?
b11101 H
b11011100 #!
b11011101 y
#1510000
0$
b11011101 (
b11101 F
b11011101 a
0]
#1515000
1$
1]
b111 f
b1000 e
b11011101 n
b11011101 )
#1516000
b11011101 4
b1000 =
b10 ?
b111 >
b1 ?
b11110 H
b11011101 #!
b11011110 y
#1520000
0$
b11011110 (
b11110 F
b11011110 a
0]
#1525000
1$
1]
b1000 f
b1001 e
b11011110 o
b11011110 )
#1526000
b11011110 5
b1001 =
b10 ?
b1000 >
b1 ?
b11111 H
b11011110 #!
b11011111 y
#1530000
0$
b11011111 (
b11111 F
b11011111 a
0]
#1535000
1$
1]
b1001 f
b1010 e
b11011111 p
b11011111 )
#1536000
b11011111 6
b1010 =
b10 ?
b1001 >
b1 ?
b100000 H
b11011111 #!
b11100000 y
#1540000
0$
b11100000 (
b100000 F
b11100000 a
0]
#1545000
1$
1]
b1010 f
b1011 e
b11100000 q
b11100000 )
#1546000
b11100000 7
b1011 =
b10 ?
b1010 >
b1 ?
b100001 H
b11100000 #!
b11100001 y
#1550000
0$
b11100001 (
b100001 F
b11100001 a
0]
#1555000
1$
1]
b1011 f
b1100 e
b11100001 r
b11100001 )
#1556000
b11100001 8
b1100 =
b10 ?
b1011 >
b1 ?
b100010 H
b11100001 #!
b11100010 y
#1560000
0$
b11100010 (
b100010 F
b11100010 a
0]
#1565000
1$
1]
b1100 f
b1101 e
b11100010 s
b11100010 )
#1566000
b11100010 9
b1101 =
b10 ?
b1100 >
b1 ?
b100011 H
b11100010 #!
b11100011 y
#1570000
0$
b11100011 (
b100011 F
b11100011 a
0]
#1575000
1$
1]
b1101 f
b1110 e
b11100011 t
b11100011 )
#1576000
b11100011 :
b1110 =
b10 ?
b1101 >
b1 ?
b100100 H
b11100011 #!
b11100100 y
#1580000
0$
b11100100 (
b100100 F
b11100100 a
0]
#1585000
1$
1]
b1110 f
b1111 e
b11100100 u
b11100100 )
#1586000
b11100100 ;
b1111 =
b10 ?
b1110 >
b1 ?
b100101 H
b11100100 #!
b11100101 y
#1590000
0$
b11100101 (
b100101 F
b11100101 a
0]
#1595000
1$
1]
b1111 f
b0 e
b11100101 v
b11100101 )
#1596000
b11100101 <
b0 =
b10 ?
b1111 >
b1 ?
b100110 H
b11100101 #!
b11100110 y
#1600000
0$
b11100110 (
b100110 F
b11100110 a
0]
#1605000
1$
1]
b0 f
b1 e
b11100110 g
b11100110 )
#1606000
b11100110 -
b1 =
b10 ?
b0 >
b1 ?
b100111 H
b11100110 #!
b11100111 y
#1610000
0$
b11100111 (
b100111 F
b11100111 a
0]
#1615000
1$
1]
b1 f
b10 e
b11100111 h
b11100111 )
#1616000
b11100111 .
b10 =
b10 ?
b1 >
b1 ?
b101000 H
b11100111 #!
b11101000 y
#1620000
0$
b11101000 (
b101000 F
b11101000 a
0]
#1625000
1$
1]
b10 f
b11 e
b11101000 i
b11101000 )
#1626000
b11101000 /
b11 =
b10 ?
b10 >
b1 ?
b101001 H
0w
b0 y
#1630000
0$
0&
b0 (
0z
b0 a
0_
0]
0b
#1635000
1$
1]
b11 f
b0 d
1*
b11011001 )
b0 ,
0c
#1636000
b11 >
b0 ?
b0 ~
1!!
b10100000111000001010010010000001110000011011110110100101101110011101000110010101110010001000000111011101110010011000010111000000101101011000010111001001101111011101010110111001100100 $!
b0 H
1w
0x
b10100101 y
#1640000
0$
1&
0'
b10100101 (
1z
0{
b10100101 a
0`
1_
0]
1b
#1645000
1$
1]
b1 d
b100 e
b10100101 j
b10100101 )
0*
b1 ,
#1646000
b10100101 0
b100 =
b1 ?
b1 H
b11000010 y
#1650000
0$
b11000010 (
b11000010 a
0]
#1655000
1$
1]
b10 d
b101 e
b11000010 k
b10 ,
#1656000
b11000010 1
b101 =
b10 ?
b10 H
b11011111 y
#1660000
0$
b11011111 (
b11011111 a
0]
#1665000
1$
1]
b11 d
b110 e
b11011111 l
b11 ,
#1666000
b11011111 2
b110 =
b11 ?
b11 H
b11111100 y
#1670000
0$
b11111100 (
b11111100 a
0]
#1675000
1$
1]
b100 d
b111 e
b11111100 m
b100 ,
#1676000
b11111100 3
b111 =
b100 ?
b100 H
b11001 y
#1680000
0$
b11001 (
b11001 a
0]
#1685000
1$
1]
b101 d
b1000 e
b11001 n
b101 ,
#1686000
b11001 4
b1000 =
b101 ?
b101 H
b101 ~
0!!
0&
0_
0b
#1687000
0%
0^
b0 f
b0 d
b0 e
1*
b11100110 )
b0 ,
#1689000
b0 ~
1!!
b0 =
b0 >
b0 ?
#1690000
0$
0]
#1695000
1$
1]
#1700000
0$
0]
#1705000
1$
1]
#1706000
1%
b10011010 y
1^
#1710000
0$
1&
b10011010 (
b10011010 a
1_
0]
1b
#1715000
1$
1]
b1 d
b1 e
b10011010 g
b10011010 )
0*
b1 ,
#1716000
b10011010 -
b1 =
b1 ?
b1 ~
0!!
b10011010 #!
0w
1x
b0 y
#1720000
0$
0&
1'
b0 (
0z
1{
b0 a
1`
0_
0]
0b
1c
#1725000
1$
1]
b1 f
b0 d
1*
b11100111 )
b0 ,
0c
#1726000
b1 >
b0 ?
b0 ~
1!!
b101000001110010010100100100000011000010111001101111001011011100110001101101000011100100110111101101110011011110111010101110011001000000111001001100101011100110110010101110100 $!
b1010000 %!
b10100 &!
b110010000 '!
b0 (!
b10010010110001010101011000011001 G
1)!
b11100011011111100011011100000110 G
1*!
b11001011111000110101110111001111 G
b10010111 +!
1w
b10010111 y
#1730000
0$
1&
b10010111 (
1z
0{
b10 E
b10010111 a
1_
0]
1b
#1735000
1$
1]
b1 d
b10 e
b10010111 h
b10010111 )
0*
b1 ,
1c
#1736000
b10010111 .
b10 =
b1 ?
b1 (!
b101110101001001010000111000100 G
b1010111110100000111110111110101 G
0*!
b1100110010011110100111000110010 G
b11001100 +!
0x
b11001100 y
#1740000
0$
0'
b11001100 (
b11001100 a
0`
0]
0c
#1745000
1$
1]
b10 d
b11 e
b11001100 i
b10 ,
#1746000
b11001100 /
b11 =
b10 ?
b10 (!
b1000010101011000010100000001011 G
0)!
b1001001111011111001111111010000 G
b11111111110100001000100110010001 G
b11111111 +!
0w
b11111111 y
#1750000
0$
0&
b11111111 (
0z
b11111111 a
0_
0]
0b
#1755000
1$
1]
#1756000
b11 (!
b11111010100010111000011000011110 G
1)!
b111101101001111110110000000111 G
b11010010011110110101110010011100 G
b10100100 +!
1w
b10100100 y
#1760000
0$
1&
b10100100 (
1z
b10100100 a
1_
0]
1b
#1765000
1$
1]
b11 d
b100 e
b10100100 j
b11 ,
#1766000
b10100100 0
b100 =
b11 ?
b100 (!
b101101000110010001010011101101 G
0)!
b1111000000100101100101011001010 G
b11100110001000101010010111000011 G
b11001100 +!
0w
b11001100 y
#1770000
0$
0&
b11001100 (
0z
b11001100 a
0_
0]
0b
#1775000
1$
1]
#1776000
b101 (!
b10110001111011001010010000101000 G
1)!
b100010111111010111110000001001 G
b1100000010100011100100000110110 G
b11000000 +!
1w
b11000000 y
#1780000
0$
1&
b11000000 (
1z
b11000000 a
1_
0]
1b
#1785000
1$
1]
b100 d
b101 e
b11000000 k
b100 ,
#1786000
b11000000 1
b101 =
b100 ?
b110 (!
b10000110111100001000100111111 G
b11011001111100110000001001110100 G
b11100001001011001101101011100101 G
b11000010 +!
b11000010 y
#1790000
0$
b11000010 (
b11000010 a
0]
#1795000
1$
1]
b101 d
b110 e
b11000010 l
b101 ,
#1796000
b11000010 2
b110 =
b101 ?
b111 (!
b1110010111011011110101001100010 G
b111110011011010101001111011 G
b1011011110101001100001110000000 G
b10110111 +!
b10110111 y
#1800000
0$
b10110111 (
b10110111 a
0]
#1805000
1$
1]
b110 d
b111 e
b10110111 m
b110 ,
#1806000
b10110111 3
b111 =
b110 ?
b1000 (!
b11010110011100000110110000001 G
b11111011001100010101110101001110 G
b101100100101010110101110111 G
b1011 +!
b1011 y
#1810000
0$
b1011 (
b1011 a
0]
#1815000
1$
1]
b111 d
b1000 e
b1011 n
b111 ,
#1816000
b1011 4
b1000 =
b111 ?
b1001 (!
b10010110101110101111001101001100 G
b100101010110111010111111011101 G
b1000010001101110000110011111010 G
b10000100 +!
b10000100 y
#1820000
0$
b10000100 (
b10000100 a
0]
#1825000
1$
1]
b1000 d
b1001 e
b10000100 o
b1000 ,
#1826000
b10000100 5
b1001 =
b1000 ?
b1010 (!
b11011110101110000001011000110011 G
b11001000101111010101110111011000 G
b10111011010000000001110111111001 G
b1110110 +!
b1110110 y
#1830000
0$
b1110110 (
b1110110 a
0]
#1835000
1$
1]
b1001 d
b1010 e
b1110110 p
b1001 ,
#1836000
b1110110 6
b1010 =
b1001 ?
b1011 (!
b1010001110101101010010101100110 G
b10100101011101010000010101111 G
b1110101011101000111100100100 G
b11101 +!
b11101 y
#1840000
0$
b11101 (
b11101 a
0]
#1845000
1$
1]
b1010 d
b1011 e
b11101 q
b1010 ,
#1846000
b11101 7
b1011 =
b1010 ?
b1100 (!
b101110001100010111001111010101 G
b11110100010100001001001010010010 G
1*!
b1001110100010001100100011101011 G
b10011101 +!
1x
b10011101 y
#1850000
0$
1'
b10011101 (
1{
b101001 F
b10011101 a
1`
0]
1c
#1855000
1$
1]
b10 f
b1100 e
b10011101 r
b11001100 )
#1856000
b10011101 8
b1100 =
b1011 ?
b10 >
b1010 ?
b1101 (!
b10011110101001111101001100110000 G
0)!
b1100101010011011000110101110001 G
0*!
b10011100101110100000000001111110 G
b111001 +!
0w
0x
b111001 y
#1860000
0$
0&
0'
b111001 (
0z
0{
b111001 a
0`
0_
0]
0b
0c
#1865000
1$
1]
#1866000
b1110 (!
b11110011011101101100101011100111 G
b11001001010101010011010111111100 G
b11000010111101100000011011001101 G
b10000101 +!
b10000101 y
#1870000
0$
b10000101 (
b10000101 a
0]
#1875000
1$
1]
#1876000
b1111 (!
b10100100001010001101101100101010 G
1)!
b1100011000000101010001010100011 G
b1110000000011000001110001000 G
b11100 +!
1w
b11100 y
#1880000
0$
1&
b11100 (
1z
b11100 a
1_
0]
1b
#1885000
1$
1]
b1011 d
b1101 e
b11100 s
b1011 ,
#1886000
b11100 9
b1101 =
b1011 ?
b10000 (!
b11001110011011000011101111101001 G
b111100111111100111010010110 G
b111000011000000110000011111 G
b1110 +!
b1110 y
#1890000
0$
b1110 (
b1110 a
0]
#1895000
1$
1]
b1100 d
b1110 e
b1110 t
b1100 ,
#1896000
b1110 :
b1110 =
b1100 ?
b10001 (!
b1001101011000100100011111010100 G
0)!
b111101001011010100100011000101 G
1*!
b10010010101110100100011011000010 G
b100101 +!
0w
1x
b100101 y
#1900000
0$
0&
1'
b100101 (
0z
1{
b100101 a
1`
0_
0]
0b
1c
#1905000
1$
1]
b11 f
b1011 d
b10100100 )
b1011 ,
#1906000
b11 >
b1011 ?
b10010 (!
b111011100001001000001101011011 G
1)!
b11100111001000111100111011100000 G
b10111000000011100000100101100001 G
b1110000 +!
1w
b1110000 y
#1910000
0$
1&
b1110000 (
1z
b101010 F
b1110000 a
1_
0]
1b
#1915000
1$
1]
b100 f
b1111 e
b1110000 u
b11000000 )
#1916000
b1110000 ;
b1111 =
b1100 ?
b100 >
b1011 ?
b10011 (!
b100011000110000110111110101110 G
b11000111111010110100010001010111 G
b1001110001101010010010010101100 G
b10011100 +!
b10011100 y
#1920000
0$
b10011100 (
b101011 F
b10011100 a
0]
#1925000
1$
1]
b101 f
b0 e
b10011100 v
b11000010 )
#1926000
b10011100 <
b0 =
b1100 ?
b101 >
b1011 ?
b10100 (!
b1111000000101110001100110111101 G
0)!
b1110000100010110011010101011010 G
0*!
b1100110100010010100101100010011 G
b11001101 +!
0w
0x
b11001101 y
#1930000
0$
0&
0'
b11001101 (
0z
0{
b11001101 a
0`
0_
0]
0b
0c
#1935000
1$
1]
#1936000
b10101 (!
b1011111110101000001010100111000 G
1)!
b10010111001000001101010111011001 G
1*!
b10000110000000000100001111000110 G
b1100 +!
1w
1x
b1100 y
#1940000
0$
1&
1'
b1100 (
1z
1{
b101100 F
b1100 a
1`
1_
0]
1b
1c
#1945000
1$
1]
b110 f
b1 e
b1100 g
b10110111 )
#1946000
b1100 -
b1 =
b1100 ?
b110 >
b1011 ?
b10110 (!
b10010101011011010101001110001111 G
b10001001010110010010110010000100 G
0*!
b10110000001011110101100110110101 G
b1100000 +!
0x
b1100000 y
#1950000
0$
0'
b1100000 (
0{
b1100000 a
0`
0]
0c
#1955000
1$
1]
b1100 d
b10 e
b1100000 h
b1100 ,
#1956000
b1100000 .
b10 =
b1100 ?
b10111 (!
b11010111001011100000011011110010 G
b10101101001001111101100111001011 G
b10001000110000111011011010010000 G
b10001 +!
b10001 y
#1960000
0$
b10001 (
b10001 a
0]
#1965000
1$
1]
b1101 d
b11 e
b10001 i
b1101 ,
#1966000
b10001 /
b11 =
b1101 ?
b11000 (!
b101011100011101000000101010001 G
b10011110111111111010101011011110 G
1*!
b11111001010001110001100111000111 G
b11110010 +!
1x
b11110010 y
#1970000
0$
1'
b11110010 (
1{
b101101 F
b11110010 a
1`
0]
1c
#1975000
1$
1]
b111 f
b100 e
b11110010 j
b1011 )
#1976000
b11110010 0
b100 =
b1110 ?
b111 >
b1101 ?
b11001 (!
b1010100000001011011111101011100 G
0)!
b1010010101011011110100010101101 G
0*!
b11110010110000010001101110001010 G
b11100101 +!
0w
0x
b11100101 y
#1980000
0$
0&
0'
b11100101 (
0z
0{
b11100101 a
0`
0_
0]
0b
0c
#1985000
1$
1]
#1986000
b11010 (!
b1001110100100110000111110000011 G
1)!
b1110011000100000001001011101000 G
1*!
b111101111001110101111001001 G
b1111 +!
1w
1x
b1111 y
#1990000
0$
1&
1'
b1111 (
1z
1{
b101110 F
b1111 a
1`
1_
0]
1b
1c
#1995000
1$
1]
b1000 f
b101 e
b1111 k
b10000100 )
#1996000
b1111 1
b101 =
b1110 ?
b1000 >
b1101 ?
b11011 (!
b10110110000010110000010011110110 G
b1011011000010010111011011111111 G
0*!
b11011000100111100011110100110100 G
b10110001 +!
0x
b10110001 y
#2000000
0$
0'
b10110001 (
0{
b10110001 a
0`
0]
0c
#2005000
1$
1]
b1110 d
b110 e
b10110001 l
b1110 ,
#2006000
b10110001 2
b110 =
b1110 ?
b11100 (!
b10111101000001101010011010100101 G
b1011011011011101101001100100010 G
1*!
b10101011100110011100110000111011 G
b1010111 +!
1x
b1010111 y
#2010000
0$
1'
b1010111 (
1{
b101111 F
b1010111 a
1`
0]
1c
#2015000
1$
1]
b1001 f
b111 e
b1010111 m
b1110110 )
#2016000
b1010111 3
b111 =
b1111 ?
b1001 >
b1110 ?
b11101 (!
b101110000101000101001000000 G
b1000000011011111010101000001 G
0*!
b11101111000101011001000001110 G
b111011 +!
0x
b111011 y
#2020000
0$
0'
b111011 (
0{
b111011 a
0`
0]
0c
#2025000
1$
1]
b1111 d
b1000 e
b111011 n
b1111 ,
#2026000
b111011 4
b1000 =
b1111 ?
b11110 (!
b100011101000010100101100110111 G
b100001100100000011000001100 G
b11101100011010010111001110011101 G
b11011000 +!
b11011000 y
#2030000
0$
b11011000 (
b11011000 a
0]
#2035000
1$
1]
b10000 d
b1001 e
b11011000 o
1+
b10000 ,
0b
#2036000
b11011000 5
b1001 =
b10000 ?
b11111 (!
b11110111011011000110110111010 G
b1100010001001101110111111110011 G
b10000011010100000111110010011000 G
b110 +!
b110 y
#2040000
0$
b110 (
0z
b11 B
b110 a
0]
#2045000
1$
1]
#2046000
b100000 (!
b10111010010111110111110110111001 G
b10010101100100110001001000100110 G
b1010000110101110111011001101111 G
b10100001 +!
b10100001 y
#2050000
0$
b10100001 (
b100 B
b10100001 a
0]
#2055000
1$
1]
#2056000
b100001 (!
b100011111111000111100111100100 G
0)!
b11101010000100010111110010101 G
b11111001111111111010101101010010 G
b11110011 +!
0w
b11110011 y
#2060000
0$
0&
b11110011 (
b11110011 a
0_
0]
#2065000
1$
1]
#2066000
b100010 (!
b11011000110000010101101010101011 G
1)!
b10111111000110110100100111110000 G
1*!
b10110101100010110110010100110001 G
b1101011 +!
1w
1x
b1101011 y
#2070000
0$
1&
1'
b1101011 (
1{
b10 D
b1101011 a
1`
1_
0]
1c
#2075000
1$
1]
b1010 f
b1111 d
0+
b11101 )
b1111 ,
1b
#2076000
b1010 >
b1111 ?
b100011 (!
b11011001111101001000010100111110 G
b1111000110100001101100010100111 G
b110010111001001111100010111100 G
b1100101 +!
b1100101 y
#2080000
0$
b1100101 (
1z
b110000 F
b1100101 a
0]
#2085000
1$
1]
b1011 f
b1010 e
b1100101 p
b10011101 )
#2086000
b1100101 6
b1010 =
b10000 ?
b1011 >
b1111 ?
b100100 (!
b1011010101110001011101010001101 G
b11000001111100111000101111101010 G
b111010000010111110110001100011 G
b1110100 +!
b1110100 y
#2090000
0$
b1110100 (
b110001 F
b1110100 a
0]
#2095000
1$
1]
b1100 f
b1011 e
b1110100 q
b11100 )
#2096000
b1110100 7
b1011 =
b10000 ?
b1100 >
b1111 ?
b100101 (!
b10111100000101001001001000 G
b11100000111001111000101110101001 G
0*!
b1100111001010110110101101010110 G
b11001110 +!
0x
b11001110 y
#2100000
0$
0'
b11001110 (
0{
b11001110 a
0`
0]
0c
#2105000
1$
1]
b10000 d
b1100 e
b11001110 r
1+
b10000 ,
0b
#2106000
b11001110 8
b1100 =
b10000 ?
b100110 (!
b111101100011100101000111011111 G
b11010110111111101110001010010100 G
1*!
b11111110001100001111010010000101 G
b11111100 +!
1x
b11111100 y
#2110000
0$
1'
b11111100 (
0z
1{
b11 D
b11111100 a
1`
0]
1c
#2115000
1$
1]
b1101 f
b1111 d
0+
b1110 )
b1111 ,
1b
#2116000
b1101 >
b1111 ?
b100111 (!
b11111110001000111000111110000010 G
b11100000010001011000010100011011 G
0*!
b10100100100010001111010110100000 G
b1001001 +!
0x
b1001001 y
#2120000
0$
0'
b1001001 (
1z
0{
b1001001 a
0`
0]
0c
#2125000
1$
1]
b10000 d
b1101 e
b1001001 s
1+
b10000 ,
0b
#2126000
b1001001 9
b1101 =
b10000 ?
b101000 (!
b10101011110001011101000100100001 G
0)!
b1101010001010000010010001101110 G
b110000011011001100001000010111 G
b1100000 +!
0w
b1100000 y
#2130000
0$
0&
b1100000 (
0z
b1100000 a
0_
0]
#2135000
1$
1]
#2136000
b101001 (!
b1111000010011001011101101100 G
1)!
b11110110010101011110101111101 G
1*!
b10110001011101100001011000011010 G
b1100010 +!
1w
1x
b1100010 y
#2140000
0$
1&
1'
b1100010 (
1{
b100 D
b1100010 a
1`
1_
0]
1c
#2145000
1$
1]
b1110 f
b1111 d
0+
b1110000 )
b1111 ,
1b
#2146000
b1110 >
b1111 ?
b101010 (!
b110000110010010000010011010011 G
0)!
b1001011000010101001001111111000 G
0*!
b110100111101000001010110011001 G
b1101001 +!
0w
0x
b1101001 y
#2150000
0$
0&
0'
b1101001 (
0{
b1101001 a
0`
0_
0]
0b
0c
#2155000
1$
1]
#2156000
b101011 (!
b11100010001001110001000010000110 G
1)!
b100101101001010000100101001111 G
1*!
b10001111111100000111011101000100 G
b11111 +!
1w
1x
b11111 y
#2160000
0$
1&
1'
b11111 (
1z
1{
b110010 F
b11111 a
1`
1_
0]
1b
1c
#2165000
1$
1]
b1111 f
b1110 e
b11111 t
b10011100 )
#2166000
b11111 :
b1110 =
b10000 ?
b1111 >
b1111 ?
b101100 (!
b11110000111000011111010101110101 G
b1010011110111010111111110110010 G
0*!
b11100111100011010100101110001011 G
b11001111 +!
0x
b11001111 y
#2170000
0$
0'
b11001111 (
0{
b11001111 a
0`
0]
0c
#2175000
1$
1]
b10000 d
b1111 e
b11001111 u
1+
b10000 ,
0b
#2176000
b11001111 ;
b1111 =
b10000 ?
b101101 (!
b11100100100001101000110101010000 G
b1100010001111000011100100010001 G
b11110010001100001000111110011110 G
b11100100 +!
b11100100 y
#2180000
0$
b11100100 (
0z
b101 B
b11100100 a
0]
#2185000
1$
1]
#2186000
b101110 (!
b11110111110011000000011110000111 G
0)!
b11010010010010101110001000011100 G
b10101100011100111110001101101 G
b101011 +!
0w
b101011 y
#2190000
0$
0&
b101011 (
b101011 a
0_
0]
#2195000
1$
1]
#2196000
b101111 (!
b11111011110110000010110001001010 G
1)!
b11010010101001010011100101000011 G
b1001011011110100100000110101000 G
b10010110 +!
1w
b10010110 y
#2200000
0$
1&
b10010110 (
b110 B
b10010110 a
1_
0]
#2205000
1$
1]
#2206000
b110000 (!
b11100111111001000001101110001001 G
0)!
b1100010100110010000000110110110 G
b10111011010100101001110010111111 G
b1110110 +!
0w
b1110110 y
#2210000
0$
0&
b1110110 (
b1110110 a
0_
0]
#2215000
1$
1]
#2216000
b110001 (!
b11001111110111000011011111110100 G
1)!
b11011010001001000011001001100101 G
b10110111111100000111101111100010 G
b1101111 +!
1w
b1101111 y
#2220000
0$
1&
b1101111 (
b111 B
b1101111 a
1_
0]
#2225000
1$
1]
#2226000
b110010 (!
b11111101101111111010110111111011 G
b10011100010011110001000100000000 G
1*!
b1000000001011011001110100000001 G
b10000000 +!
1x
b10000000 y
#2230000
0$
1'
b10000000 (
1{
b101 D
b10000000 a
1`
0]
1c
#2235000
1$
1]
b0 f
b1111 d
0+
b1100 )
b1111 ,
1b
#2236000
b0 >
b1111 ?
b110011 (!
b1010010100000001100011011001110 G
b1100010000001011010100011110111 G
b1110001000100111101100011001100 G
b11100010 +!
b11100010 y
#2240000
0$
b11100010 (
1z
b110011 F
b11100010 a
0]
#2245000
1$
1]
b1 f
b0 e
b11100010 v
b1100000 )
#2246000
b11100010 <
b0 =
b10000 ?
b1 >
b1111 ?
b110100 (!
b1100111101100101111011101011101 G
0)!
b11000001111001100111001111010 G
0*!
b1001101101001111000100110110011 G
b10011011 +!
0w
0x
b10011011 y
#2250000
0$
0&
0'
b10011011 (
0z
0{
b10011011 a
0`
0_
0]
0b
0c
#2255000
1$
1]
#2256000
b110101 (!
b111010110110100101101101011000 G
b10010010110101101001110101111001 G
b11001010101000011111011100110 G
b110010 +!
b110010 y
#2260000
0$
b110010 (
b110010 a
0]
#2265000
1$
1]
#2266000
b110110 (!
b11001110100011100000110000101111 G
1)!
b10101010100011010010010010100100 G
1*!
b11100010100001101010101101010101 G
b11000101 +!
1w
1x
b11000101 y
#2270000
0$
1&
1'
b11000101 (
1z
1{
b110100 F
b11000101 a
1`
1_
0]
1b
1c
#2275000
1$
1]
b10 f
b1 e
b11000101 g
b10001 )
#2276000
b11000101 -
b1 =
b10000 ?
b10 >
b1111 ?
b110111 (!
b11100111110111111000010000010010 G
b10001011110000111010110001101011 G
b10000111110111011000000010110000 G
b1111 +!
b1111 y
#2280000
0$
b1111 (
b110101 F
b1111 a
0]
#2285000
1$
1]
b11 f
b10 e
b1111 h
b11110010 )
#2286000
b1111 .
b10 =
b10000 ?
b11 >
b1111 ?
b111000 (!
b10001100100110001111110011110001 G
b1011000010010111100100111111110 G
0*!
b1010111111100001010011001100111 G
b10101111 +!
0x
b10101111 y
#2290000
0$
0'
b10101111 (
0{
b10101111 a
0`
0]
0c
#2295000
1$
1]
b10000 d
b11 e
b10101111 i
1+
b10000 ,
0b
#2296000
b10101111 /
b11 =
b10000 ?
b111001 (!
b1001010100011110111101101111100 G
b1111001101001110010111001001101 G
b10110100001101111110010101010 G
b101101 +!
b101101 y
#2300000
0$
b101101 (
0z
b1000 B
b101101 a
0]
#2305000
1$
1]
#2306000
b111010 (!
b11100001100101101111011000100011 G
0)!
b1000110100001011110000100001000 G
b100110101010101001101101101001 G
b1001101 +!
0w
b1001101 y
#2310000
0$
0&
b1001101 (
b1001101 a
0_
0]
#2315000
1$
1]
#2316000
b111011 (!
b111011111010111100100000010110 G
b10111101000011100101011110011111 G
b1110110100011100011110101010100 G
b11101101 +!
b11101101 y
#2320000
0$
b11101101 (
b11101101 a
0]
#2325000
1$
1]
#2326000
b111100 (!
b1100110010110000110000001000101 G
1)!
b11010001111011011001100001000010 G
b11000100010000000100011011011011 G
b10001000 +!
1w
b10001000 y
#2330000
0$
1&
b10001000 (
b1001 B
b10001000 a
1_
0]
#2335000
1$
1]
#2336000
b111101 (!
b10110001111011001101110001100000 G
b1011110001111010101100011100001 G
b11101101100001001001100100101110 G
b11011011 +!
b11011011 y
#2340000
0$
b11011011 (
b1010 B
b11011011 a
0]
#2345000
1$
1]
#2346000
b111110 (!
b10001000001000111111111111010111 G
0)!
b11011000101010001100101000101100 G
1*!
b11011011100110100010000100111101 G
b10110111 +!
0w
1x
b10110111 y
#2350000
0$
0&
1'
b10110111 (
1{
b10110111 a
1`
0_
0]
1c
#2355000
1$
1]
b100 f
b1111 d
0+
b1111 )
b1111 ,
#2356000
b100 >
b1111 ?
b111111 (!
b11001111010110011011011011011010 G
b1001111111110100111111010010011 G
0*!
b1000010100101111101001010111000 G
b10000101 +!
0x
b10000101 y
#2360000
0$
0'
b10000101 (
0{
b10000101 a
0`
0]
0c
#2365000
1$
1]
#2366000
b1000000 (!
b11011011111111110001010101011001 G
1)!
b110100101100101001110101000110 G
b11100010010010100111111100001111 G
b11000100 +!
1w
b11000100 y
#2370000
0$
1&
b11000100 (
1z
b11000100 a
1_
0]
1b
#2375000
1$
1]
b10000 d
b100 e
b11000100 j
1+
b10000 ,
0b
#2376000
b11000100 0
b100 =
b10000 ?
b1000001 (!
b1111101001010101000001000000100 G
b11100101101010000101000100110101 G
1*!
b11000101000111011011100001110010 G
b10001010 +!
1x
b10001010 y
#2380000
0$
1'
b10001010 (
0z
1{
b110 D
b10001010 a
1`
0]
1c
#2385000
1$
1]
b101 f
b1111 d
0+
b10110001 )
b1111 ,
1b
#2386000
b101 >
b1111 ?
b1000010 (!
b10011100111000111110101001011 G
b100011111110000010010000010000 G
0*!
b10001011100110011011000011010001 G
b10111 +!
0x
b10111 y
#2390000
0$
0'
b10111 (
1z
0{
b10111 a
0`
0]
0c
#2395000
1$
1]
b10000 d
b101 e
b10111 k
1+
b10000 ,
0b
#2396000
b10111 1
b101 =
b10000 ?
b1000011 (!
b1001000110111100011010001011110 G
b11010110111101101011010101000111 G
b1100000000010101100010011011100 G
b11000000 +!
b11000000 y
#2400000
0$
b11000000 (
0z
b1011 B
b11000000 a
0]
#2405000
1$
1]
#2406000
b1000100 (!
b111001011110101101000000101101 G
b10100000101111111110100001010 G
b1001100000110010010001100000011 G
b10011000 +!
b10011000 y
#2410000
0$
b10011000 (
b1100 B
b10011000 a
0]
#2415000
1$
1]
#2416000
b1000101 (!
b1011001111010110011000001101000 G
b100011001100110000101101001001 G
b11010010101110111011111001110110 G
b10100101 +!
b10100101 y
#2420000
0$
b10100101 (
b1101 B
b10100101 a
0]
#2425000
1$
1]
#2426000
b1000110 (!
b111011110011000001001111111 G
b10101010011011001111001010110100 G
b11110100010001010111111000100101 G
b11101000 +!
b11101000 y
#2430000
0$
b11101000 (
b1110 B
b11101000 a
0]
#2435000
1$
1]
#2436000
b1000111 (!
b10100001001100101110010010100010 G
b10001111111111110100111110111011 G
b10010110001110100101011111000000 G
b101100 +!
b101100 y
#2440000
0$
b101100 (
b1111 B
b101100 a
0]
#2445000
1$
1]
#2446000
b1001000 (!
b10011010111011010000010011000001 G
0)!
b11101110010111001101110001110 G
1*!
b11001110011111111100011010110111 G
b10011100 +!
0w
1x
b10011100 y
#2450000
0$
0&
1'
b10011100 (
1{
b10011100 a
1`
0_
0]
1c
#2455000
1$
1]
b110 f
b1111 d
0+
b1010111 )
b1111 ,
#2456000
b110 >
b1111 ?
b1001001 (!
b10100000001000000110101110001100 G
1)!
b1001010111110000011101100011101 G
0*!
b11011110111001001100111100111010 G
b10111101 +!
1w
0x
b10111101 y
#2460000
0$
1&
0'
b10111101 (
1z
0{
b10111101 a
0`
1_
0]
1b
0c
#2465000
1$
1]
b10000 d
b110 e
b10111101 l
1+
b10000 ,
0b
#2466000
b10111101 2
b110 =
b10000 ?
b1001010 (!
b11101010111110011110001101110011 G
0)!
b10111110000110101111101000011000 G
b10010100011001010111110100111001 G
b101000 +!
0w
b101000 y
#2470000
0$
0&
b101000 (
0z
b101000 a
0_
0]
#2475000
1$
1]
#2476000
b1001011 (!
b1111001110110100010101110100110 G
1)!
b11010011100100100110000111101111 G
b111101001000001000111101100100 G
b1111010 +!
1w
b1111010 y
#2480000
0$
1&
b1111010 (
b10000 B
b1111010 a
1_
0]
#2485000
1$
1]
#2486000
b1001100 (!
b101001101111101110011100010101 G
b110101100000001110011010010 G
b1101001010011111011111000101011 G
b11010010 +!
b11010010 y
#2490000
0$
b11010010 (
b10001 B
b11010010 a
0]
#2495000
1$
1]
#2496000
b1001101 (!
b11111101011100111011101110000 G
0)!
b10110010001101100101010010110001 G
1*!
b11001100011111111100111010111110 G
b10011000 +!
0w
1x
b10011000 y
#2500000
0$
0&
1'
b10011000 (
1{
b10011000 a
1`
0_
0]
1c
#2505000
1$
1]
b111 f
b1111 d
0+
b111011 )
b1111 ,
#2506000
b111 >
b1111 ?
b1001110 (!
b1110100101100011010000100111 G
1)!
b10000011000101001011111000111100 G
0*!
b11000011100000010110001000001101 G
b10000111 +!
1w
0x
b10000111 y
#2510000
0$
1&
0'
b10000111 (
1z
0{
b10000111 a
0`
1_
0]
1b
0c
#2515000
1$
1]
b10000 d
b111 e
b10000111 m
1+
b10000 ,
0b
#2516000
b10000111 3
b111 =
b10000 ?
b1001111 (!
b10000010101000110010110101101010 G
b10011011000111011111111100011 G
1*!
b1010111100000100010111111001000 G
b10101111 +!
1x
b10101111 y
#2520000
0$
1'
b10101111 (
0z
1{
b111 D
b10101111 a
1`
0]
1c
#2525000
1$
1]
b1000 f
b1111 d
0+
b11011000 )
b1111 ,
1b
#2526000
b1000 >
b1111 ?
b1010000 (!
b11011111011101010110101100101001 G
b1010010101000001110010011010110 G
0*!
b111011010011000001110101011111 G
b1110110 +!
0x
b1110110 y
#2530000
0$
0'
b1110110 (
1z
0{
b1110110 a
0`
0]
0c
#2535000
1$
1]
b10000 d
b1000 e
b1110110 n
1+
b10000 ,
0b
#2536000
b1110110 4
b1000 =
b10000 ?
b1010001 (!
b1110110110100000101100000010100 G
b10001011000111000110000000101 G
b10000110110110000110000100000010 G
b1101 +!
b1101 y
#2540000
0$
b1101 (
0z
b10010 B
b1101 a
0]
#2545000
1$
1]
#2546000
b1010010 (!
b1011001001101001100100010011011 G
b11100110000011111000001100100000 G
b10000111001101001010000010100001 G
b1110 +!
b1110 y
#2550000
0$
b1110 (
b10011 B
b1110 a
0]
#2555000
1$
1]
#2556000
b1010011 (!
b10010001111011011100110111101110 G
b10111100110100001111110110010111 G
b11001101110100101011110011101100 G
b10011011 +!
b10011011 y
#2560000
0$
b10011011 (
b10100 B
b10011011 a
0]
#2565000
1$
1]
#2566000
b1010100 (!
b1000010010001010100010011111101 G
b11011010111101100001011110011010 G
b11101101110111011011100001010011 G
b11011011 +!
b11011011 y
#2570000
0$
b11011011 (
b10101 B
b11011011 a
0]
#2575000
1$
1]
#2576000
b1010101 (!
b1110101001110111101000101111000 G
b10111100000000011101010100011001 G
b1111010011000101110101000000110 G
b11110100 +!
b11110100 y
#2580000
0$
b11110100 (
b10110 B
b11110100 a
0]
#2585000
1$
1]
#2586000
b1010110 (!
b11110001000111011011010011001111 G
b1001011110001110100110011000100 G
b11010010000100110110011110101 G
b110100 +!
b110100 y
#2590000
0$
b110100 (
b10111 B
b110100 a
0]
#2595000
1$
1]
#2596000
b1010111 (!
b11010011101011101011000100110010 G
0)!
b10011000101010110111100001011 G
1*!
b11001101110110000111101011010000 G
b10011011 +!
0w
1x
b10011011 y
#2600000
0$
0&
1'
b10011011 (
1{
b10011011 a
1`
0_
0]
1c
#2605000
1$
1]
b1001 f
b1111 d
0+
b1100101 )
b1111 ,
#2606000
b1001 >
b1111 ?
b1011000 (!
b1001111011001101110100010010001 G
1)!
b10110111110010001001100100011110 G
0*!
b11110100100001110010001100000111 G
b11101001 +!
1w
0x
b11101001 y
#2610000
0$
1&
0'
b11101001 (
1z
0{
b11101001 a
0`
1_
0]
1b
0c
#2615000
1$
1]
b10000 d
b1001 e
b11101001 o
1+
b10000 ,
0b
#2616000
b11101001 5
b1001 =
b10000 ?
b1011001 (!
b11010000000001010110011110011100 G
b1000010001100101110001111101101 G
1*!
b1111100010000001000110111001010 G
b11111000 +!
1x
b11111000 y
#2620000
0$
1'
b11111000 (
0z
1{
b1000 D
b11111000 a
1`
0]
1c
#2625000
1$
1]
b1010 f
b1111 d
0+
b1110100 )
b1111 ,
1b
#2626000
b1010 >
b1111 ?
b1011010 (!
b1010100101011101100110011000011 G
b1111101001000101101111100101000 G
0*!
b11011001011010011011101100001001 G
b10110010 +!
0x
b10110010 y
#2630000
0$
0'
b10110010 (
1z
0{
b10110010 a
0`
0]
0c
#2635000
1$
1]
b10000 d
b1010 e
b10110010 p
1+
b10000 ,
0b
#2636000
b10110010 6
b1010 =
b10000 ?
b1011011 (!
b110011001100110011101100110110 G
b11010101001111100010100000111111 G
b10011000100000110110101110100 G
b100110 +!
b100110 y
#2640000
0$
b100110 (
0z
b11000 B
b100110 a
0]
#2645000
1$
1]
#2646000
b1011100 (!
b10000111001010101000100111100101 G
b11101111111101100000110101100010 G
b10110100000110001011000101111011 G
b1101000 +!
b1101000 y
#2650000
0$
b1101000 (
b11001 B
b1101000 a
0]
#2655000
1$
1]
#2656000
b1011101 (!
b101010010001000101111010000000 G
b10110000000011000010110010000001 G
b11000100100000110011000001001110 G
b10001001 +!
b10001001 y
#2660000
0$
b10001001 (
b11010 B
b10001001 a
0]
#2665000
1$
1]
#2666000
b1011110 (!
b110110110011111010010001110111 G
b10100000101111011111001001100 G
b1001111110010011111011011101 G
b10011 +!
b10011 y
#2670000
0$
b10011 (
b11011 B
b10011 a
0]
#2675000
1$
1]
#2676000
b1011111 (!
b11100011101001011000111111111010 G
b1000011110111011111110100110011 G
b10011011110100100101100011011000 G
b110111 +!
b110111 y
#2680000
0$
b110111 (
b11100 B
b110111 a
0]
#2685000
1$
1]
#2686000
b1100000 (!
b11001110110011000001110011111001 G
0)!
b10011111001001101100001100110 G
1*!
b1100101101001000111011110101111 G
b11001011 +!
0w
1x
b11001011 y
#2690000
0$
0&
1'
b11001011 (
1{
b11001011 a
1`
0_
0]
1c
#2695000
1$
1]
b1011 f
b1111 d
0+
b11001110 )
b1111 ,
#2696000
b1011 >
b1111 ?
b1100001 (!
b110110011101101011101000100100 G
b1011110101010101110001011010101 G
0*!
b1011111001100010111010110010010 G
b10111110 +!
0x
b10111110 y
#2700000
0$
0'
b10111110 (
0{
b10111110 a
0`
0]
0c
#2705000
1$
1]
#2706000
b1100010 (!
b110011001001011000111111101011 G
1)!
b1101101010011100010111000110000 G
1*!
b10101110001000110110110001110001 G
b1011100 +!
1w
1x
b1011100 y
#2710000
0$
1&
1'
b1011100 (
1z
1{
b110110 F
b1011100 a
1`
1_
0]
1b
1c
#2715000
1$
1]
b1100 f
b1011 e
b1011100 q
b1001001 )
#2716000
b1011100 7
b1011 =
b10000 ?
b1100 >
b1111 ?
b1100011 (!
b10101011010100001001001101111110 G
0)!
b11011010100000011000000111100111 G
b1111001101001100000011111100 G
b11110 +!
0w
b11110 y
#2720000
0$
0&
b11110 (
0z
b11110 a
0_
0]
0b
#2725000
1$
1]
b1101 f
b1110 d
b11111 )
b1110 ,
#2726000
b1101 >
b1110 ?
b1100100 (!
b10011100000001110101010111001101 G
1)!
b10100111000010000001111000101010 G
0*!
b1001001001100100100100110100011 G
b10010010 +!
1w
0x
b10010010 y
#2730000
0$
1&
0'
b10010010 (
1z
0{
b10010010 a
0`
1_
0]
1b
0c
#2735000
1$
1]
b1111 d
b1100 e
b10010010 r
b1111 ,
#2736000
b10010010 8
b1100 =
b1111 ?
b1100101 (!
b1110100101001010011111010001000 G
b1011000001111111101011101001 G
1*!
b111000000010101100000110010110 G
b1110000 +!
1x
b1110000 y
#2740000
0$
1'
b1110000 (
1{
b110111 F
b1110000 a
1`
0]
1c
#2745000
1$
1]
b1110 f
b1101 e
b1110000 s
b11001111 )
#2746000
b1110000 9
b1101 =
b10000 ?
b1110 >
b1111 ?
b1100110 (!
b101110000001111010001100011111 G
b11100010100001010011001011010100 G
0*!
b1011011000100100111011111000101 G
b10110110 +!
0x
b10110110 y
#2750000
0$
0'
b10110110 (
0{
b10110110 a
0`
0]
0c
#2755000
1$
1]
b10000 d
b1110 e
b10110110 t
1+
b10000 ,
0b
#2756000
b10110110 :
b1110 =
b10000 ?
b1100111 (!
b1010101101000111110100111000010 G
b11010000111000110000101001011011 G
b11010111101100001110100111100000 G
b10101111 +!
b10101111 y
#2760000
0$
b10101111 (
0z
b11101 B
b10101111 a
0]
#2765000
1$
1]
#2766000
b1101000 (!
b10011110011010111010100001100001 G
b11111100001000111100001010101110 G
b1111100001100111011101101010111 G
b11111000 +!
b11111000 y
#2770000
0$
b11111000 (
b11110 B
b11111000 a
0]
#2775000
1$
1]
#2776000
b1101001 (!
b11010001010001110110111110101100 G
b10100110100011000010100010111101 G
b10100101000010110011100001011010 G
b1001010 +!
b1001010 y
#2780000
0$
b1001010 (
b11111 B
b1001010 a
0]
#2785000
1$
1]
#2786000
b1101010 (!
b11110100001100101011001000010011 G
b11010001101101101001000000111000 G
b11000100101111000101010011011001 G
b10001001 +!
b10001001 y
#2790000
0$
b10001001 (
b100000 B
b10001001 a
0]
#2795000
1$
1]
#2796000
b1101011 (!
b1101111111101111111011011000110 G
b110111110111101010101010001111 G
b10110110100001101101011110000100 G
b1101101 +!
b1101101 y
#2800000
0$
b1101101 (
b100001 B
b1101101 a
0]
#2805000
1$
1]
#2806000
b1101100 (!
b11011010011100000100100010110101 G
b11101000010100000110100111110010 G
b10000111101110000010000011001011 G
b1111 +!
b1111 y
#2810000
0$
b1111 (
b100010 B
b1111 a
0]
#2815000
1$
1]
#2816000
b1101101 (!
b101000111001111001000110010000 G
b10101011000111110000001010001 G
b10011101011111011110111011110 G
b100111 +!
b100111 y
#2820000
0$
b100111 (
b100011 B
b100111 a
0]
#2825000
1$
1]
#2826000
b1101110 (!
b1101110001111010101000011000111 G
b10110100111110101100101001011100 G
1*!
b1110011011101101011011110101101 G
b11100110 +!
1x
b11100110 y
#2830000
0$
1'
b11100110 (
1{
b1001 D
b11100110 a
1`
0]
1c
#2835000
1$
1]
b1111 f
b1111 d
0+
b11100010 )
b1111 ,
1b
#2836000
b1111 >
b1111 ?
b1101111 (!
b110101000100011101111010001010 G
b1000110001001100011011010000011 G
b1010011111000010100110111101000 G
b10100111 +!
b10100111 y
#2840000
0$
b10100111 (
1z
b111000 F
b10100111 a
0]
#2845000
1$
1]
b0 f
b1111 e
b10100111 u
b11000101 )
#2846000
b10100111 ;
b1111 =
b10000 ?
b0 >
b1111 ?
b1110000 (!
b11101010010010000010101011001001 G
b1110000101111110111011111110110 G
0*!
b1111010011000001000110111111111 G
b11110100 +!
0x
b11110100 y
#2850000
0$
0'
b11110100 (
0{
b11110100 a
0`
0]
0c
#2855000
1$
1]
b10000 d
b0 e
b11110100 v
1+
b10000 ,
0b
#2856000
b11110100 <
b0 =
b10000 ?
b1110001 (!
b1110100100001101010100000110100 G
0)!
b11001110100100110101010110100101 G
b111100111110011111011000100010 G
b1111001 +!
0w
b1111001 y
#2860000
0$
0&
b1111001 (
0z
b1111001 a
0_
0]
#2865000
1$
1]
#2866000
b1110010 (!
b1111011110010111101001100111011 G
1)!
b1001111001011010010010101000000 G
1*!
b11010111010010110001010001000001 G
b10101110 +!
1w
1x
b10101110 y
#2870000
0$
1&
1'
b10101110 (
1{
b1010 D
b10101110 a
1`
1_
0]
1c
#2875000
1$
1]
b1 f
b1111 d
0+
b1111 )
b1111 ,
1b
#2876000
b1 >
b1111 ?
b1110011 (!
b1001011011001111000010100001110 G
b101000101101010100001000110111 G
0*!
b1111101110011101000100001100 G
b11111 +!
0x
b11111 y
#2880000
0$
0'
b11111 (
1z
0{
b11111 a
0`
0]
0c
#2885000
1$
1]
b10000 d
b1 e
b11111 g
1+
b10000 ,
0b
#2886000
b11111 -
b1 =
b10000 ?
b1110100 (!
b11011000011101100000001010011101 G
b1010111001111110001000010111010 G
b100010000100111101011011110011 G
b1000100 +!
b1000100 y
#2890000
0$
b1000100 (
0z
b100100 B
b1000100 a
0]
#2895000
1$
1]
#2896000
b1110101 (!
b100010110000000111011110011000 G
0)!
b10001110010100111110010111001 G
b100001101000100010100100110 G
b1000 +!
0w
b1000 y
#2900000
0$
0&
b1000 (
b1000 a
0_
0]
#2905000
1$
1]
#2906000
b1110110 (!
b1001010100001000100110101101111 G
1)!
b10110001010011111010010011100100 G
b10101101000010101001111010010101 G
b1011010 +!
1w
b1011010 y
#2910000
0$
1&
b1011010 (
b100101 B
b1011010 a
1_
0]
#2915000
1$
1]
#2916000
b1110111 (!
b10111010001000111000111001010010 G
b1101011000001010010000110101011 G
b10111011111001010010011110000 G
b101110 +!
b101110 y
#2920000
0$
b101110 (
b100110 B
b101110 a
0]
#2925000
1$
1]
#2926000
b1111000 (!
b11001000001000000100010000110001 G
b101001011111100001100000111110 G
b10111001011100101000111110100111 G
b1110010 +!
b1110010 y
#2930000
0$
b1110010 (
b100111 B
b1110010 a
0]
#2935000
1$
1]
#2936000
b1111001 (!
b11100001101011111000001110111100 G
0)!
b100110111110010000100110001101 G
b11100100011101011100111011101010 G
b11001000 +!
0w
b11001000 y
#2940000
0$
0&
b11001000 (
b11001000 a
0_
0]
#2945000
1$
1]
#2946000
b1111010 (!
b10111100110000101001001101100011 G
1)!
b10011100101011110000110101001000 G
b1101001001000100100101010101001 G
b11010010 +!
1w
b11010010 y
#2950000
0$
1&
b11010010 (
b101000 B
b11010010 a
1_
0]
#2955000
1$
1]
#2956000
b1111011 (!
b111000111010010101111001010110 G
b11001011000000001110100011011111 G
1*!
b10000100011011001100110110010100 G
b1000 +!
1x
b1000 y
#2960000
0$
1'
b1000 (
1{
b1011 D
b1000 a
1`
0]
1c
#2965000
1$
1]
b10 f
b1111 d
0+
b10101111 )
b1111 ,
1b
#2966000
b10 >
b1111 ?
b1111100 (!
b1011111001001010010001110000101 G
b110111000100000011001010000010 G
0*!
b11101000010110000110000011011 G
b111010 +!
0x
b111010 y
#2970000
0$
0'
b111010 (
1z
0{
b111010 a
0`
0]
0c
#2975000
1$
1]
b10000 d
b10 e
b111010 h
1+
b10000 ,
0b
#2976000
b111010 .
b10 =
b10000 ?
b1111101 (!
b11011101100100010001000010100000 G
b11011011101000100111000000100001 G
1*!
b10010000111001100111011101101110 G
b100001 +!
1x
b100001 y
#2980000
0$
1'
b100001 (
0z
1{
b1100 D
b100001 a
1`
0]
1c
#2985000
1$
1]
b11 f
b1111 d
0+
b11000100 )
b1111 ,
1b
#2986000
b11 >
b1111 ?
b1111110 (!
b110100000011000011100100010111 G
b10000101110001101110001001101100 G
0*!
b11100001011101100110001111101 G
b111000 +!
0x
b111000 y
#2990000
0$
0'
b111000 (
1z
0{
b111000 a
0`
0]
0c
#2995000
1$
1]
b10000 d
b11 e
b111000 i
1+
b10000 ,
0b
#2996000
b111000 /
b11 =
b10000 ?
b1111111 (!
b10111110010110010001100100011010 G
b1100101110010110101111010011 G
b110110010000000111011111000 G
b1101 +!
b1101 y
#3000000
0$
b1101 (
0z
b101001 B
b1101 a
0]
#3005000
1$
1]
#3006000
b10000000 (!
b10100101111011101001010010011001 G
0)!
b10010010001100011100001110000110 G
b1011100010011010110000001001111 G
b10111000 +!
0w
b10111000 y
#3010000
0$
0&
b10111000 (
b10111000 a
0_
0]
#3015000
1$
1]
#3016000
b10000001 (!
b111000001010010010001001000100 G
1)!
b110001111100011110010001110101 G
b101011110000101110001010110010 G
b1010111 +!
1w
b1010111 y
#3020000
0$
1&
b1010111 (
b101010 B
b1010111 a
1_
0]
#3025000
1$
1]
#3026000
b10000010 (!
b11010011010001001001001010001011 G
0)!
b111011111001010110100001010000 G
b101010100001001100000010001 G
b1010 +!
0w
b1010 y
#3030000
0$
0&
b1010 (
b1010 a
0_
0]
#3035000
1$
1]
#3036000
b10000011 (!
b11110001010100111010001010011110 G
1)!
b100001110110010011111010000111 G
b1100001101010101110110100011100 G
b11000011 +!
1w
b11000011 y
#3040000
0$
1&
b11000011 (
b101011 B
b11000011 a
1_
0]
#3045000
1$
1]
#3046000
b10000100 (!
b11010001000001100100101101101101 G
0)!
b11111111010010111110111101001010 G
b111010001111110110000001000011 G
b1110100 +!
0w
b1110100 y
#3050000
0$
0&
b1110100 (
b1110100 a
0_
0]
#3055000
1$
1]
#3056000
b10000101 (!
b111100111001100111110010101000 G
1)!
b11110101100011100101101010001001 G
b111000001000000111010010110110 G
b1110000 +!
1w
b1110000 y
#3060000
0$
1&
b1110000 (
b101100 B
b1110000 a
1_
0]
#3065000
1$
1]
#3066000
b10000110 (!
b1100101000001011001110111111 G
b11111001100011111010001011110100 G
b11000110001111111110000101100101 G
b10001100 +!
b10001100 y
#3070000
0$
b10001100 (
b101101 B
b10001100 a
0]
#3075000
1$
1]
#3076000
b10000111 (!
b11100000111111101001111011100010 G
0)!
b10111000110110001011010011111011 G
b10111011101101001010110000000000 G
b1110111 +!
0w
b1110111 y
#3080000
0$
0&
b1110111 (
b1110111 a
0_
0]
#3085000
1$
1]
#3086000
b10001000 (!
b101000011010011011110000000001 G
b1110111001110001001100111001110 G
b11110001111100001001111111110111 G
b11100011 +!
b11100011 y
#3090000
0$
b11100011 (
b11100011 a
0]
#3095000
1$
1]
#3096000
b10001001 (!
b10010101110001101010001111001100 G
1)!
b10101010001011101000011001011101 G
b101010011100010101000101111010 G
b1010100 +!
1w
b1010100 y
#3100000
0$
1&
b1010100 (
b101110 B
b1010100 a
1_
0]
#3105000
1$
1]
#3106000
b10001010 (!
b1111010110110111000010110011 G
b1100001101001010101011001011000 G
b11101101001000001001110001111001 G
b11011010 +!
b11011010 y
#3110000
0$
b11011010 (
b101111 B
b11011010 a
0]
#3115000
1$
1]
#3116000
b10001011 (!
b100111100010000111000111100110 G
b111111100011110001100101111 G
1*!
b10001000011010110100111110100100 G
b10000 +!
1x
b10000 y
#3120000
0$
1'
b10000 (
1{
b1101 D
b10000 a
1`
0]
1c
#3125000
1$
1]
b100 f
b1111 d
0+
b10111 )
b1111 ,
1b
#3126000
b100 >
b1111 ?
b10001100 (!
b100111100001101001010101 G
b10100000010001100110011100010010 G
0*!
b1010010101011100111001101101011 G
b10100101 +!
0x
b10100101 y
#3130000
0$
0'
b10100101 (
1z
0{
b10100101 a
0`
0]
0c
#3135000
1$
1]
b10000 d
b100 e
b10100101 j
1+
b10000 ,
0b
#3136000
b10100101 0
b100 =
b10000 ?
b10001101 (!
b10000100111110011101101110110000 G
b111111011001101101111110001 G
b111011110010000101110011111110 G
b1110111 +!
b1110111 y
#3140000
0$
b1110111 (
0z
b110000 B
b1110111 a
0]
#3145000
1$
1]
#3146000
b10001110 (!
b1101001001010010101110101100111 G
b10101101010001010000011001111100 G
b1001000000101100111110101001101 G
b10010000 +!
b10010000 y
#3150000
0$
b10010000 (
b110001 B
b10010000 a
0]
#3155000
1$
1]
#3156000
b10001111 (!
b1011011101011000011111110101010 G
b1100111110101001001110100100011 G
b10001110010111111001110000001000 G
b11100 +!
b11100 y
#3160000
0$
b11100 (
b110010 B
b11100 a
0]
#3165000
1$
1]
#3166000
b10010000 (!
b1111001100001000101101001101001 G
b1100001111111001011101100010110 G
b111111101111110111010011111 G
b1111 +!
b1111 y
#3170000
0$
b1111 (
b110011 B
b1111 a
0]
#3175000
1$
1]
#3176000
b10010001 (!
b11100111010001110010100001010100 G
b11111001010110111000111101000101 G
b11100011110111010011101101000010 G
b11000111 +!
b11000111 y
#3180000
0$
b11000111 (
b110100 B
b11000111 a
0]
#3185000
1$
1]
#3186000
b10010010 (!
b11101111011011001100110111011011 G
b1110011011111111011101100000 G
b110110100110001111011111100001 G
b1101101 +!
b1101101 y
#3190000
0$
b1101101 (
b110101 B
b1101101 a
0]
#3195000
1$
1]
#3196000
b10010011 (!
b1110100111101011110110000101110 G
0)!
b10010000110100111011011010111 G
b1001110000100010001010100101100 G
b10011100 +!
0w
b10011100 y
#3200000
0$
0&
b10011100 (
b10011100 a
0_
0]
#3205000
1$
1]
#3206000
b10010100 (!
b1110110111011010011000000111101 G
1)!
b1110111100111111011100111011010 G
b10100001001100011110010110010011 G
b1000010 +!
1w
b1000010 y
#3210000
0$
1&
b1000010 (
b110110 B
b1000010 a
1_
0]
#3215000
1$
1]
#3216000
b10010101 (!
b10000011001100000100110110111000 G
b11001111010110001001010001011001 G
b11101110100000101000001000110 G
b111011 +!
b111011 y
#3220000
0$
b111011 (
b110111 B
b111011 a
0]
#3225000
1$
1]
#3226000
b10010110 (!
b11000100001010011101011000001111 G
b1011011011100010110100000100 G
b11101100100001110100000000110101 G
b11011001 +!
b11011001 y
#3230000
0$
b11011001 (
b111000 B
b11011001 a
0]
#3235000
1$
1]
#3236000
b10010111 (!
b10000110110001100001101101110010 G
b10111011110101100010001001011 G
b11001101100100011111111100010000 G
b10011011 +!
b10011011 y
#3240000
0$
b10011011 (
b111001 B
b10011011 a
0]
#3245000
1$
1]
#3246000
b10011000 (!
b110111011010000111111010001 G
0)!
b10100101011101000100011101011110 G
b10101101000110101110110001000111 G
b1011010 +!
0w
b1011010 y
#3250000
0$
0&
b1011010 (
b1011010 a
0_
0]
#3255000
1$
1]
#3256000
b10011001 (!
b11101000110101011100111111011100 G
1)!
b11110101000011001111100101101 G
b1011011101011101100000000001010 G
b10110111 +!
1w
b10110111 y
#3260000
0$
1&
b10110111 (
b111010 B
b10110111 a
1_
0]
#3265000
1$
1]
#3266000
b10011010 (!
b1010101110100100101000000011 G
0)!
b1010110111100100110101101101000 G
b1011010111111000100101001001001 G
b10110101 +!
0w
b10110101 y
#3270000
0$
0&
b10110101 (
b10110101 a
0_
0]
#3275000
1$
1]
#3276000
b10011011 (!
b11110110000101100011000101110110 G
1)!
b1100001101111101001100101111111 G
b10001100111010110101110110110100 G
b11001 +!
1w
b11001 y
#3280000
0$
1&
b11001 (
b111011 B
b11001 a
1_
0]
#3285000
1$
1]
#3286000
b10011100 (!
b101001111100000010110100100101 G
b11110100110001000000011110100010 G
b11111100111111110101011010111011 G
b11111001 +!
b11111001 y
#3290000
0$
b11111001 (
b111100 B
b11111001 a
0]
#3295000
1$
1]
#3296000
b10011101 (!
b11100110100110101111001011000000 G
b1111011001010000010001111000001 G
1*!
b11001100101101100110111010001110 G
b10011001 +!
1x
b10011001 y
#3300000
0$
1'
b10011001 (
1{
b1110 D
b10011001 a
1`
0]
1c
#3305000
1$
1]
b101 f
b1111 d
0+
b10111101 )
b1111 ,
1b
#3306000
b101 >
b1111 ?
b10011110 (!
b10100000010000011011110110110111 G
b1101000111111100011011010001100 G
b110010111000101100101000011101 G
b1100101 +!
b1100101 y
#3310000
0$
b1100101 (
1z
b111001 F
b1100101 a
0]
#3315000
1$
1]
b110 f
b101 e
b1100101 k
b10000111 )
#3316000
b1100101 1
b101 =
b10000 ?
b110 >
b1111 ?
b10011111 (!
b1101111111000101001000111010 G
b1010101011101001100101001110011 G
0*!
b100111010000001111010100011000 G
b1001110 +!
0x
b1001110 y
#3320000
0$
0'
b1001110 (
0{
b1001110 a
0`
0]
0c
#3325000
1$
1]
b10000 d
b110 e
b1001110 l
1+
b10000 ,
0b
#3326000
b1001110 2
b110 =
b10000 ?
b10100000 (!
b10110000100011100111110000111001 G
0)!
b11010101000010101111010100110 G
b11100011101011010011100011101111 G
b11000111 +!
0w
b11000111 y
#3330000
0$
0&
b11000111 (
0z
b11000111 a
0_
0]
#3335000
1$
1]
#3336000
b10100001 (!
b1010110100010011011101001100100 G
1)!
b101001001010101011000010101 G
b1011010010110011111111111010010 G
b10110100 +!
1w
b10110100 y
#3340000
0$
1&
b10110100 (
b111101 B
b10110100 a
1_
0]
#3345000
1$
1]
#3346000
b10100010 (!
b11101011111000011000010100101011 G
0)!
b11011100100001011101001001110000 G
b110101010010010011001110110001 G
b1101010 +!
0w
b1101010 y
#3350000
0$
0&
b1101010 (
b1101010 a
0_
0]
#3355000
1$
1]
#3356000
b10100011 (!
b10010110111011110110000110111110 G
1)!
b1100111011001011110101100100111 G
b11100100101101010100100100111100 G
b11001001 +!
1w
b11001001 y
#3360000
0$
1&
b11001001 (
b111110 B
b11001001 a
1_
0]
#3365000
1$
1]
#3366000
b10100100 (!
b10100011000111111011000100001101 G
b11101101011010110111000001101010 G
b100001010000110011011100011 G
b1000 +!
b1000 y
#3370000
0$
b1000 (
b111111 B
b1000 a
0]
#3375000
1$
1]
#3376000
b10100101 (!
b11001000011101101110101011001000 G
b1111011111011100010101000101001 G
b10000000000001001101011111010110 G
b0 +!
b0 y
#3380000
0$
b0 (
b1000000 B
b0 a
0]
#3385000
1$
1]
#3386000
b10100110 (!
b10011010101011001011010001011111 G
b1010101110101000100001100010100 G
1*!
b11000101011101011011101100000101 G
b10001010 +!
1x
b10001010 y
#3390000
0$
1'
b10001010 (
1{
b1111 D
b10001010 a
1`
0]
1c
#3395000
1$
1]
b111 f
b1111 d
0+
b1110110 )
b1111 ,
1b
#3396000
b111 >
b1111 ?
b10100111 (!
b11010100110010110000010000000010 G
b10111001110010000100111110011011 G
0*!
b1000001000011011001111000100000 G
b10000010 +!
0x
b10000010 y
#3400000
0$
0'
b10000010 (
1z
0{
b10000010 a
0`
0]
0c
#3405000
1$
1]
b10000 d
b111 e
b10000010 m
1+
b10000 ,
0b
#3406000
b10000010 3
b111 =
b10000 ?
b10101000 (!
b1100111000011110011111110100001 G
b10001101000100100010000011101110 G
b100000111100111010010010111 G
b1000 +!
b1000 y
#3410000
0$
b1000 (
0z
b1000001 B
b1000 a
0]
#3415000
1$
1]
#3416000
b10101001 (!
b1001100111001100000011111101100 G
b1001010100001110101001111111101 G
b11100001100111110001101010011010 G
b11000011 +!
b11000011 y
#3420000
0$
b11000011 (
b1000010 B
b11000011 a
0]
#3425000
1$
1]
#3426000
b10101010 (!
b11011011010111000001111101010011 G
0)!
b1110101101011110100110001111000 G
b1110000101110100101010000011001 G
b11100001 +!
0w
b11100001 y
#3430000
0$
0&
b11100001 (
b11100001 a
0_
0]
#3435000
1$
1]
#3436000
b10101011 (!
b1111100100111001110100000110 G
1)!
b10010101001101000000101111001111 G
b101011000101011111011111000100 G
b1010110 +!
1w
b1010110 y
#3440000
0$
1&
b1010110 (
b1000011 B
b1010110 a
1_
0]
#3445000
1$
1]
#3446000
b10101100 (!
b10010101111100000101101111110101 G
b10100010000110100001010000110010 G
b110110000110101011011000001011 G
b1101100 +!
b1101100 y
#3450000
0$
b1101100 (
b1000100 B
b1101100 a
0]
#3455000
1$
1]
#3456000
b10101101 (!
b1100100101011010101010111010000 G
0)!
b11000001111110010100011110010001 G
b1000100110100011010110000011110 G
b10001001 +!
0w
b10001001 y
#3460000
0$
0&
b10001001 (
b10001001 a
0_
0]
#3465000
1$
1]
#3466000
b10101110 (!
b1101101110000100101101000000111 G
1)!
b11101001110110111001010011100 G
b11100000000010001011001011101101 G
b11000000 +!
1w
b11000000 y
#3470000
0$
1&
b11000000 (
b1000101 B
b11000000 a
1_
0]
#3475000
1$
1]
#3476000
b10101111 (!
b10001010111110100101000011001010 G
b1010001010101101111001111000011 G
b10000000110001010001101000101000 G
b1 +!
b1 y
#3480000
0$
b1 (
b1000110 B
b1 a
0]
#3485000
1$
1]
#3486000
b10110000 (!
b111010010100011111101000001001 G
b11010111011000001010111000110110 G
b1111011110100011111100111111 G
b11110 +!
b11110 y
#3490000
0$
b11110 (
b1000111 B
b11110 a
0]
#3495000
1$
1]
#3496000
b10110001 (!
b11011001010110011101100001110100 G
b1110101011001000011100011100101 G
1*!
b1010001000010100011000001100010 G
b10100010 +!
1x
b10100010 y
#3500000
0$
1'
b10100010 (
1{
b10000 D
b10100010 a
1`
0]
1c
#3505000
1$
1]
b1000 f
b1111 d
0+
b11101001 )
b1111 ,
1b
#3506000
b1000 >
b1111 ?
b10110010 (!
b10011001111111111011100001111011 G
b110100111111111100110000000 G
0*!
b1100111010001100100101110000001 G
b11001110 +!
0x
b11001110 y
#3510000
0$
0'
b11001110 (
1z
0{
b11001110 a
0`
0]
0c
#3515000
1$
1]
b10000 d
b1000 e
b11001110 n
1+
b10000 ,
0b
#3516000
b11001110 4
b1000 =
b10000 ?
b10110011 (!
b10010000101000010000001101001110 G
b1011010001001101101110111 G
b1100001000001000100101001100 G
b11000 +!
b11000 y
#3520000
0$
b11000 (
0z
b1001000 B
b11000 a
0]
#3525000
1$
1]
#3526000
b10110100 (!
b11100110010100101100110111011101 G
0)!
b1110010101000000001001011111010 G
b11111110000111111110010000110011 G
b11111100 +!
0w
b11111100 y
#3530000
0$
0&
b11111100 (
b11111100 a
0_
0]
#3535000
1$
1]
#3536000
b10110101 (!
b10010100110101001111011000 G
1)!
b1101011110101000001101111111001 G
b111010001111110000101101100110 G
b1110100 +!
1w
b1110100 y
#3540000
0$
1&
b1110100 (
b1001001 B
b1110100 a
1_
0]
#3545000
1$
1]
#3546000
b10110110 (!
b11100011011101100100111010101111 G
b1110110011010101110010100100100 G
b100110011000000101000111010101 G
b1001100 +!
b1001100 y
#3550000
0$
b1001100 (
b1001010 B
b1001100 a
0]
#3555000
1$
1]
#3556000
b10110111 (!
b11110001000111100101100010010010 G
b11111000010111100101011011101011 G
b100111000001000100100110000 G
b1001 +!
b1001 y
#3560000
0$
b1001 (
b1001011 B
b1001 a
0]
#3565000
1$
1]
#3566000
b10111000 (!
b11010111111101010100101101110001 G
0)!
b10101111101100110010011001111110 G
b11110001111010000011100011100111 G
b11100011 +!
0w
b11100011 y
#3570000
0$
0&
b11100011 (
b11100011 a
0_
0]
#3575000
1$
1]
#3576000
b10111001 (!
b10111010110000000100101111111100 G
1)!
b10011011110101001010010011001101 G
b111010011100110110000100101010 G
b1110100 +!
1w
b1110100 y
#3580000
0$
1&
b1110100 (
b1001100 B
b1110100 a
1_
0]
#3585000
1$
1]
#3586000
b10111010 (!
b1011011111011111000010100011 G
0)!
b10001001101101001111100110001000 G
b1110000000111111011100111101001 G
b11100000 +!
0w
b11100000 y
#3590000
0$
0&
b11100000 (
b11100000 a
0_
0]
#3595000
1$
1]
#3596000
b10111011 (!
b11111110000011011010010010110 G
1)!
b11111000110111110011101000011111 G
1*!
b11011010110101000001110111010100 G
b10110101 +!
1w
1x
b10110101 y
#3600000
0$
1&
1'
b10110101 (
1{
b10001 D
b10110101 a
1`
1_
0]
1c
#3605000
1$
1]
b1001 f
b1111 d
0+
b10110010 )
b1111 ,
1b
#3606000
b1001 >
b1111 ?
b10111100 (!
b11111001100111010011011000101 G
b1000010100110011000110011000010 G
0*!
b10101101110111011001000101011011 G
b1011011 +!
0x
b1011011 y
#3610000
0$
0'
b1011011 (
1z
0{
b1011011 a
0`
0]
0c
#3615000
1$
1]
b10000 d
b1001 e
b1011011 o
1+
b10000 ,
0b
#3616000
b1011011 5
b1001 =
b10000 ?
b10111101 (!
b1100001010100000010011100000 G
b11100100110001010100011101100001 G
b1111101111110110001010110101110 G
b11111011 +!
b11111011 y
#3620000
0$
b11111011 (
0z
b1001101 B
b11111011 a
0]
#3625000
1$
1]
#3626000
b10111110 (!
b10110111110110000011001001010111 G
b1100101000001011011101010101100 G
b11101010101111010011011110111101 G
b11010101 +!
b11010101 y
#3630000
0$
b11010101 (
b1001110 B
b11010101 a
0]
#3635000
1$
1]
#3636000
b10111111 (!
b11001101000101110011101101011010 G
b10100100111110000001100100010011 G
b11001101000001010000101100111000 G
b10011010 +!
b10011010 y
#3640000
0$
b10011010 (
b1001111 B
b10011010 a
0]
#3645000
1$
1]
#3646000
b11000000 (!
b1111001110100111101001111011001 G
0)!
b100100001110111010100111000110 G
b10110101001011000000000110001111 G
b1101010 +!
0w
b1101010 y
#3650000
0$
0&
b1101010 (
b1101010 a
0_
0]
#3655000
1$
1]
#3656000
b11000001 (!
b1010001111000001000001010000100 G
1)!
b1111001111011010011011110110101 G
b11100110011111101100110011110010 G
b11001100 +!
1w
b11001100 y
#3660000
0$
1&
b11001100 (
b1010000 B
b11001100 a
1_
0]
#3665000
1$
1]
#3666000
b11000010 (!
b11010000111001000110011111001011 G
b1000111111101110110110010010000 G
b10011110001101010011111101010001 G
b111100 +!
b111100 y
#3670000
0$
b111100 (
b1010001 B
b111100 a
0]
#3675000
1$
1]
#3676000
b11000011 (!
b10100100001010111101000011011110 G
b10000001100011111000011111000111 G
b10010001100110111101010101011100 G
b100011 +!
b100011 y
#3680000
0$
b100011 (
b1010010 B
b100011 a
0]
#3685000
1$
1]
#3686000
b11000100 (!
b1011000111110111000011010101101 G
0)!
b10001101111011101010000110001010 G
b1100111110101010101110110000011 G
b11001111 +!
0w
b11001111 y
#3690000
0$
0&
b11001111 (
b11001111 a
0_
0]
#3695000
1$
1]
#3696000
b11000101 (!
b1011001000111101000100011101000 G
1)!
b1110011010011110110100111001001 G
b11001000101111111110101011110110 G
b10010001 +!
1w
b10010001 y
#3700000
0$
1&
b10010001 (
b1010011 B
b10010001 a
1_
0]
#3705000
1$
1]
#3706000
b11000110 (!
b1101011100100111010010011111111 G
b1001001100110110001001100110100 G
b11100100010111000000010010100101 G
b11001000 +!
b11001000 y
#3710000
0$
b11001000 (
b1010100 B
b11001000 a
0]
#3715000
1$
1]
#3716000
b11000111 (!
b10001110100100010001100100100010 G
0)!
b10100001100110011101101000111011 G
b10010100000111100000001000000 G
b100101 +!
0w
b100101 y
#3720000
0$
0&
b100101 (
b100101 a
0_
0]
#3725000
1$
1]
#3726000
b11001000 (!
b1000100100001000011001101000001 G
1)!
b11000111101110000101100000001110 G
b10100011001001010011100100110111 G
b1000110 +!
1w
b1000110 y
#3730000
0$
1&
b1000110 (
b1010101 B
b1000110 a
1_
0]
#3735000
1$
1]
#3736000
b11001001 (!
b11000001111011011001110000001100 G
b11111000001111101001000110011101 G
b10001001000111001001001110111010 G
b10010 +!
b10010 y
#3740000
0$
b10010 (
b1010110 B
b10010 a
0]
#3745000
1$
1]
#3746000
b11001010 (!
b11010011000111001011110111110011 G
0)!
b1000001100111000111001010011000 G
b11101110101100010111101110111001 G
b11011101 +!
0w
b11011101 y
#3750000
0$
0&
b11011101 (
b11011101 a
0_
0]
#3755000
1$
1]
#3756000
b11001011 (!
b10100011001000010111100000100110 G
1)!
b11001101000011010010010001101111 G
b10110011101100111111100100 G
b101 +!
1w
b101 y
#3760000
0$
1&
b101 (
b1010111 B
b101 a
1_
0]
#3765000
1$
1]
#3766000
b11001100 (!
b10010000000011110000110110010101 G
b101101010100110111000101010010 G
b11111001111001001110100010101011 G
b11110011 +!
b11110011 y
#3770000
0$
b11110011 (
b1011000 B
b11110011 a
0]
#3775000
1$
1]
#3776000
b11001101 (!
b10100100110010011111111111110000 G
b110111101100010010001100110001 G
b10111010110100111010101100111110 G
b1110101 +!
b1110101 y
#3780000
0$
b1110101 (
b1011001 B
b1110101 a
0]
#3785000
1$
1]
#3786000
b11001110 (!
b110011100000100011010100111 G
b100010001001100000111010111100 G
b1010101111101010101100010001101 G
b10101011 +!
b10101011 y
#3790000
0$
b10101011 (
b1011010 B
b10101011 a
0]
#3795000
1$
1]
#3796000
b11001111 (!
b10100011100001000001000111101010 G
b10110111100101010011101001100011 G
b11010000110110011100100001001000 G
b10100001 +!
b10100001 y
#3800000
0$
b10100001 (
b1011011 B
b10100001 a
0]
#3805000
1$
1]
#3806000
b11010000 (!
b10101110110010000100110101001 G
0)!
b10001101111100110101000101010110 G
b1011000010011110111111111011111 G
b10110000 +!
0w
b10110000 y
#3810000
0$
0&
b10110000 (
b10110000 a
0_
0]
#3815000
1$
1]
#3816000
b11010001 (!
b1000001000001101011100010010100 G
1)!
b100010010101010101001010000101 G
b100110000010001101010110000010 G
b1001100 +!
1w
b1001100 y
#3820000
0$
1&
b1001100 (
b1011100 B
b1001100 a
1_
0]
#3825000
1$
1]
#3826000
b11010010 (!
b10111101011011001001001100011011 G
b11000110100001010010101110100000 G
b11100111011110110000111100100001 G
b11001110 +!
b11001110 y
#3830000
0$
b11001110 (
b1011101 B
b11001110 a
0]
#3835000
1$
1]
#3836000
b11010011 (!
b10101100011100001100101001101110 G
b10011011000001111011000000010111 G
b111001001100000010110101101100 G
b1110010 +!
b1110010 y
#3840000
0$
b1110010 (
b1011110 B
b1110010 a
0]
#3845000
1$
1]
#3846000
b11010100 (!
b1101011010011101101101101111101 G
b11001010110010000001110000011010 G
b10100111110001011101001011010011 G
b1001111 +!
b1001111 y
#3850000
0$
b1001111 (
b1011111 B
b1001111 a
0]
#3855000
1$
1]
#3856000
b11010101 (!
b110111111100011000100111111000 G
b10011010011001010001001110011001 G
b11011000100010000111011010000110 G
b10110001 +!
b10110001 y
#3860000
0$
b10110001 (
b1100000 B
b10110001 a
0]
#3865000
1$
1]
#3866000
b11010110 (!
b11001001110100011011011101001111 G
0)!
b11111010100011011100110101000100 G
b10100100001111011101001101110101 G
b1001000 +!
0w
b1001000 y
#3870000
0$
0&
b1001000 (
b1001000 a
0_
0]
#3875000
1$
1]
#3876000
b11010111 (!
b1111100101101000100010110110010 G
b1001001100101111101100110001011 G
1*!
b1111110001100000100001101010000 G
b11111100 +!
1x
b11111100 y
#3880000
0$
1'
b11111100 (
1{
b11111100 a
1`
0]
1c
#3885000
1$
1]
b1010 f
b1111 d
0+
b1011100 )
b1111 ,
#3886000
b1010 >
b1111 ?
b11011000 (!
b11000011011000001111011100010001 G
1)!
b1011000010000101011010110011110 G
b11000110010000100111010110000111 G
b10001100 +!
1w
b10001100 y
#3890000
0$
1&
b10001100 (
1z
b111010 F
b10001100 a
1_
0]
1b
#3895000
1$
1]
b1011 f
b1010 e
b10001100 p
b10010010 )
#3896000
b10001100 6
b1010 =
b10000 ?
b1011 >
b1111 ?
b11011001 (!
b10011000101101101111100000011100 G
b10001101001110100001101001101101 G
0*!
b100101010010111011001001001010 G
b1001010 +!
0x
b1001010 y
#3900000
0$
0'
b1001010 (
0{
b1001010 a
0`
0]
0c
#3905000
1$
1]
b10000 d
b1011 e
b1001010 q
1+
b10000 ,
0b
#3906000
b1001010 7
b1011 =
b10000 ?
b11011010 (!
b1100111111101011000011101000011 G
b111110101111101011011110101000 G
1*!
b10100101101101001001100110001001 G
b1001011 +!
1x
b1001011 y
#3910000
0$
1'
b1001011 (
0z
1{
b10010 D
b1001011 a
1`
0]
1c
#3915000
1$
1]
b1100 f
b1111 d
0+
b1110000 )
b1111 ,
1b
#3916000
b1100 >
b1111 ?
b11011011 (!
b1110110111100111110011110110110 G
b10001011110010101100101010111111 G
0*!
b1000011011110000110111110100 G
b10000 +!
0x
b10000 y
#3920000
0$
0'
b10000 (
1z
0{
b10000 a
0`
0]
0c
#3925000
1$
1]
b10000 d
b1100 e
b10000 r
1+
b10000 ,
0b
#3926000
b10000 8
b1100 =
b10000 ?
b11011100 (!
b1110010100101111001000001100101 G
b110000110001100000111100010 G
b11100101100011011011101111111011 G
b11001011 +!
b11001011 y
#3930000
0$
b11001011 (
0z
b1100001 B
b11001011 a
0]
#3935000
1$
1]
#3936000
b11011101 (!
b11000001000001100100011100000000 G
b101010101000011101101100000001 G
b110110101111000110110011001110 G
b1101101 +!
b1101101 y
#3940000
0$
b1101101 (
b1100010 B
b1101101 a
0]
#3945000
1$
1]
#3946000
b11011110 (!
b11010011001101111001011011110111 G
b10001101001001010110111011001100 G
b1011100011001100001010101011101 G
b10111000 +!
b10111000 y
#3950000
0$
b10111000 (
b1100011 B
b10111000 a
0]
#3955000
1$
1]
#3956000
b11011111 (!
b1000010001100011101010001111010 G
0)!
b1011110001010110101011110110011 G
1*!
b11110011110111000101000101011000 G
b11100111 +!
0w
1x
b11100111 y
#3960000
0$
0&
1'
b11100111 (
1{
b11100111 a
1`
0_
0]
1c
#3965000
1$
1]
b1101 f
b1111 d
0+
b10110110 )
b1111 ,
#3966000
b1101 >
b1111 ?
b11100000 (!
b11001000111001101001101101111001 G
1)!
b110010000010001010010011100110 G
0*!
b100110001100011011101000101111 G
b1001100 +!
1w
0x
b1001100 y
#3970000
0$
1&
0'
b1001100 (
1z
0{
b1001100 a
0`
1_
0]
1b
0c
#3975000
1$
1]
b10000 d
b1101 e
b1001100 s
1+
b10000 ,
0b
#3976000
b1001100 9
b1101 =
b10000 ?
b11100001 (!
b11010110011101010111101010100100 G
b101101111100011000100101010101 G
b10010111101110010100101000010010 G
b101111 +!
b101111 y
#3980000
0$
b101111 (
0z
b1100100 B
b101111 a
0]
#3985000
1$
1]
#3986000
b11100010 (!
b110010001101010011101001101011 G
b100011000000100011011010110000 G
b1011100001111001011101011110001 G
b10111000 +!
b10111000 y
#3990000
0$
b10111000 (
b1100101 B
b10111000 a
0]
#3995000
1$
1]
#3996000
b11100011 (!
b10101101000100001110111111111110 G
0)!
b1100010101111100001010001100111 G
b11001101101001101001000101111100 G
b10011011 +!
0w
b10011011 y
#4000000
0$
0&
b10011011 (
b10011011 a
0_
0]
#4005000
1$
1]
#4006000
b11100100 (!
b10110101010000011100110001001101 G
b1001001010111011000001010101010 G
1*!
b10001011100100010000100011 G
b100 +!
1x
b100 y
#4010000
0$
1'
b100 (
1{
b100 a
1`
0]
1c
#4015000
1$
1]
b1110 f
b1111 d
0+
b10100111 )
b1111 ,
#4016000
b1110 >
b1111 ?
b11100101 (!
b1011100101001010101011100001000 G
1)!
b11101100110110100001100101101001 G
b11010111010110011010111000010110 G
b10101110 +!
1w
b10101110 y
#4020000
0$
1&
b10101110 (
1z
b111011 F
b10101110 a
1_
0]
1b
#4025000
1$
1]
b1111 f
b1110 e
b10101110 t
b11110100 )
#4026000
b10101110 :
b1110 =
b10000 ?
b1111 >
b1111 ?
b11100110 (!
b10101110101111011000010110011111 G
0)!
b10011001011000001001101010100 G
0*!
b10101010100110101011111001000101 G
b1010101 +!
0w
0x
b1010101 y
#4030000
0$
0&
0'
b1010101 (
0z
0{
b1010101 a
0`
0_
0]
0b
0c
#4035000
1$
1]
#4036000
b11100111 (!
b110111110110001101111001000010 G
1)!
b10011010001101010101010011011011 G
b10000110110111110001001001100000 G
b1101 +!
1w
b1101 y
#4040000
0$
1&
b1101 (
1z
b1101 a
1_
0]
1b
#4045000
1$
1]
b10000 d
b1111 e
b1101 u
1+
b10000 ,
0b
#4046000
b1101 ;
b1111 =
b10000 ?
b11101000 (!
b1100110111100001001011011100001 G
b111101001100110011111100101110 G
b11011011011011001110110111010111 G
b10110110 +!
b10110110 y
#4050000
0$
b10110110 (
0z
b1100110 B
b10110110 a
0]
#4055000
1$
1]
#4056000
b11101001 (!
b101100001001010110000000101100 G
b10011111111111000011111100111101 G
b101011011100011011110011011010 G
b1010110 +!
b1010110 y
#4060000
0$
b1010110 (
b1100111 B
b1010110 a
0]
#4065000
1$
1]
#4066000
b11101010 (!
b1001101100001010100110010010011 G
0)!
b100101001101001100100010111000 G
b1000010001011100001001101011001 G
b10000100 +!
0w
b10000100 y
#4070000
0$
0&
b10000100 (
b10000100 a
0_
0]
#4075000
1$
1]
#4076000
b11101011 (!
b1101001001110100000001101000110 G
1)!
b111000111001010010110100001111 G
b1011111110111011101100000000100 G
b10111111 +!
1w
b10111111 y
#4080000
0$
1&
b10111111 (
b1101000 B
b10111111 a
1_
0]
#4085000
1$
1]
#4086000
b11101100 (!
b11100000101000100010111100110101 G
b1001101011110100111111001110010 G
b11000001111101010000101101001011 G
b10000011 +!
b10000011 y
#4090000
0$
b10000011 (
b1101001 B
b10000011 a
0]
#4095000
1$
1]
#4096000
b11101101 (!
b11001110000101111101101000010000 G
b11001001111000110111011010001 G
b10110101110101100101101001011110 G
b1101011 +!
b1101011 y
#4100000
0$
b1101011 (
b1101010 B
b1101011 a
0]
#4105000
1$
1]
#4106000
b11101110 (!
b11011001100110110010001101000111 G
b1000101010011001101101011011100 G
b1000000100001000110111000101101 G
b10000001 +!
b10000001 y
#4110000
0$
b10000001 (
b1101011 B
b10000001 a
0]
#4115000
1$
1]
#4116000
b11101111 (!
b11010001110100011000001100001010 G
b101011011101110111000100000011 G
b1010000011001011010011001101000 G
b10100000 +!
b10100000 y
#4120000
0$
b10100000 (
b1101100 B
b10100000 a
0]
#4125000
1$
1]
#4126000
b11110000 (!
b110001010000011000100101001001 G
0)!
b1001110101111001010010001110110 G
1*!
b1000101110111111011000001111111 G
b10001011 +!
0w
1x
b10001011 y
#4130000
0$
0&
1'
b10001011 (
1{
b10001011 a
1`
0_
0]
1c
#4135000
1$
1]
b0 f
b1111 d
0+
b11111 )
b1111 ,
#4136000
b0 >
b1111 ?
b11110001 (!
b100101011100100010110100 G
1)!
b11011011110101101101110000100101 G
0*!
b11010000011000010010101010100010 G
b10100000 +!
1w
0x
b10100000 y
#4140000
0$
1&
0'
b10100000 (
1z
0{
b10100000 a
0`
1_
0]
1b
0c
#4145000
1$
1]
b10000 d
b0 e
b10100000 v
1+
b10000 ,
0b
#4146000
b10100000 <
b0 =
b10000 ?
b11110010 (!
b11110111100110110101110110111011 G
b10001000111001111000110111000000 G
b11110001010111110100001011000001 G
b11100010 +!
b11100010 y
#4150000
0$
b11100010 (
0z
b1101101 B
b11100010 a
0]
#4155000
1$
1]
#4156000
b11110011 (!
b1100010011011010100000110001110 G
b10011111010111111011010010110111 G
b110000100010000000000110001100 G
b1100001 +!
b1100001 y
#4160000
0$
b1100001 (
b1101110 B
b1100001 a
0]
#4165000
1$
1]
#4166000
b11110100 (!
b11000110100010010101100100011101 G
0)!
b1001110100111111101010100111010 G
b11101001000010111011000101110011 G
b11010010 +!
0w
b11010010 y
#4170000
0$
0&
b11010010 (
b11010010 a
0_
0]
#4175000
1$
1]
#4176000
b11110101 (!
b11100111110100101111000000011000 G
1)!
b1001010001100110111101100111001 G
b10000011101101001001000110100110 G
b111 +!
1w
b111 y
#4180000
0$
1&
b111 (
b1101111 B
b111 a
1_
0]
#4185000
1$
1]
#4186000
b11110110 (!
b110100101001000000111111101111 G
0)!
b10001100000111101110010101100100 G
b10101011110001111100010100010101 G
b1010111 +!
0w
b1010111 y
#4190000
0$
0&
b1010111 (
b1010111 a
0_
0]
#4195000
1$
1]
#4196000
b11110111 (!
b1111001000011111110001011010010 G
1)!
b10100011000011110100110000101011 G
b10100110010010010010110101110000 G
b1001100 +!
1w
b1001100 y
#4200000
0$
1&
b1001100 (
b1110000 B
b1001100 a
1_
0]
#4205000
1$
1]
#4206000
b11111000 (!
b1101010110000001001010110001 G
b111011001010101111010010111110 G
b10000100100100011010001000100111 G
b1001 +!
b1001 y
#4210000
0$
b1001 (
b1110001 B
b1001 a
0]
#4215000
1$
1]
#4216000
b11111001 (!
b110000000000011101010000111100 G
b1011101011110100000000000001101 G
b1100101111111011001101101010 G
b11001 +!
b11001 y
#4220000
0$
b11001 (
b1110010 B
b11001 a
0]
#4225000
1$
1]
#4226000
b11111010 (!
b10100101000010010000110111100011 G
b10101011110101111010010111001000 G
b110100111000101110100100101001 G
b1101001 +!
b1101001 y
#4230000
0$
b1101001 (
b1110011 B
b1101001 a
0]
#4235000
1$
1]
#4236000
b11111011 (!
b11001000101101001100101011010110 G
b10110001111010010100101101011111 G
b10011100000001000010111000010100 G
b111000 +!
b111000 y
#4240000
0$
b111000 (
b1110100 B
b111000 a
0]
#4245000
1$
1]
#4246000
b11111100 (!
b1010011110000111110101000000101 G
b11110000110010011010011100000010 G
1*!
b10110101111101111101011010011011 G
b1101011 +!
1x
b1101011 y
#4250000
0$
1'
b1101011 (
1{
b10011 D
b1101011 a
1`
0]
1c
#4255000
1$
1]
b1 f
b1111 d
0+
b111010 )
b1111 ,
1b
#4256000
b1 >
b1111 ?
b11111101 (!
b100011111101111011100100100000 G
0)!
b11010111001011101111010100001 G
b10101000000100111001111101110 G
b101010 +!
0w
b101010 y
#4260000
0$
0&
b101010 (
b101010 a
0_
0]
0b
#4265000
1$
1]
b10 f
b1110 d
b111000 )
b1110 ,
#4266000
b10 >
b1110 ?
b11111110 (!
b1100110110001111110101110010111 G
1)!
b1100000101001010101001011101100 G
0*!
b11100100001010110001011111101 G
b111001 +!
1w
0x
b111001 y
#4270000
0$
1&
0'
b111001 (
1z
0{
b111001 a
0`
1_
0]
1b
0c
#4275000
1$
1]
b1111 d
b1 e
b111001 g
b1111 ,
#4276000
b111001 -
b1 =
b1111 ?
b11111111 (!
b11111111110101000001110110011010 G
b10111111111101101000011001010011 G
b11000011100011101100011101111000 G
b10000111 +!
b10000111 y
#4280000
0$
b10000111 (
b10000111 a
0]
#4285000
1$
1]
b10000 d
b10 e
b10000111 h
1+
b10000 ,
0b
#4286000
b10000111 .
b10 =
b10000 ?
b100000000 (!
b10100000111011101101001100011001 G
b11010011000100000101000000000110 G
1*!
b101000001001100110001011001111 G
b1010000 +!
1x
b1010000 y
#4290000
0$
1'
b1010000 (
0z
1{
b10100 D
b1010000 a
1`
0]
1c
#4295000
1$
1]
b11 f
b1111 d
0+
b10100101 )
b1111 ,
1b
#4296000
b11 >
b1111 ?
b100000001 (!
b1111100100100001010001011000100 G
b10111010110110100100101011110101 G
b1100100010111011100110010 G
b11 +!
b11 y
#4300000
0$
b11 (
1z
b111100 F
b11 a
0]
#4305000
1$
1]
b100 f
b11 e
b11 i
b1100101 )
#4306000
b11 /
b11 =
b10000 ?
b100 >
b1111 ?
b100000010 (!
b11011101110111111110100001011 G
0)!
b10111110011011100011000011010000 G
0*!
b1000111100001111010011010010001 G
b10001111 +!
0w
0x
b10001111 y
#4310000
0$
0&
0'
b10001111 (
0z
0{
b10001111 a
0`
0_
0]
0b
0c
#4315000
1$
1]
#4316000
b100000011 (!
b11010001101001101011111100011110 G
1)!
b11001010110011001000100000111 G
b1101010000111010111110110011100 G
b11010100 +!
1w
b11010100 y
#4320000
0$
1&
b11010100 (
1z
b11010100 a
1_
0]
1b
#4325000
1$
1]
b10000 d
b100 e
b11010100 j
1+
b10000 ,
0b
#4326000
b11010100 0
b100 =
b10000 ?
b100000100 (!
b11110110100110101000000111101101 G
b11010100010000000001001111001010 G
b1001100000110110001101011000011 G
b10011000 +!
b10011000 y
#4330000
0$
b10011000 (
0z
b1110101 B
b10011000 a
0]
#4335000
1$
1]
#4336000
b100000101 (!
b1101100110100110101010100101000 G
b110101101101100011100100001001 G
1*!
b1111100110110100010000100110110 G
b11111001 +!
1x
b11111001 y
#4340000
0$
1'
b11111001 (
1{
b10101 D
b11111001 a
1`
0]
1c
#4345000
1$
1]
b101 f
b1111 d
0+
b1001110 )
b1111 ,
1b
#4346000
b101 >
b1111 ?
b100000110 (!
b101111100100100101011000111111 G
b11011100110011110100001101110100 G
0*!
b10011011110110011110011111100101 G
b110111 +!
0x
b110111 y
#4350000
0$
0'
b110111 (
1z
0{
b110111 a
0`
0]
0c
#4355000
1$
1]
b10000 d
b101 e
b110111 k
1+
b10000 ,
0b
#4356000
b110111 1
b101 =
b10000 ?
b100000111 (!
b11000110001010100101001101100010 G
b101001100000101011111101111011 G
1*!
b10100000111001111001010010000000 G
b1000001 +!
1x
b1000001 y
#4360000
0$
1'
b1000001 (
0z
1{
b10110 D
b1000001 a
1`
0]
1c
#4365000
1$
1]
b110 f
b1111 d
0+
b10000010 )
b1111 ,
1b
#4366000
b110 >
b1111 ?
b100001000 (!
b110000011111000110101010000001 G
b10001111100010101101011001001110 G
0*!
b11010101010111011001001001110111 G
b10101010 +!
0x
b10101010 y
#4370000
0$
0'
b10101010 (
1z
0{
b10101010 a
0`
0]
0c
#4375000
1$
1]
b10000 d
b110 e
b10101010 l
1+
b10000 ,
0b
#4376000
b10101010 2
b110 =
b10000 ?
b100001001 (!
b101110110101010101010001001100 G
b10101010011010000101110011011101 G
b11111001001101001010111111010 G
b111110 +!
b111110 y
#4380000
0$
b111110 (
0z
b1110110 B
b111110 a
0]
#4385000
1$
1]
#4386000
b100001010 (!
b1111101011111011100101100110011 G
b10101100010000000100111011011000 G
b10000010010110000001101011111001 G
b100 +!
b100 y
#4390000
0$
b100 (
b1110111 B
b100 a
0]
#4395000
1$
1]
#4396000
b100001011 (!
b11110100111001010011111001100110 G
b11111110001001000010010110101111 G
b1111110100010110001000000100100 G
b11111101 +!
b11111101 y
#4400000
0$
b11111101 (
b1111000 B
b11111101 a
0]
#4405000
1$
1]
#4406000
b100001100 (!
b1110101010100011100000011010101 G
b11011010000101110011101110010010 G
b1110001100110001110111101011 G
b11100 +!
b11100 y
#4410000
0$
b11100 (
b1111001 B
b11100 a
0]
#4415000
1$
1]
#4416000
b100001101 (!
b10101010111101110010000110000 G
0)!
b11010010110000110010101001110001 G
1*!
b11011001111000011011100101111110 G
b10110011 +!
0w
1x
b10110011 y
#4420000
0$
0&
1'
b10110011 (
1{
b10110011 a
1`
0_
0]
1c
#4425000
1$
1]
b111 f
b1111 d
0+
b11001110 )
b1111 ,
#4426000
b111 >
b1111 ?
b100001110 (!
b10101001101010101110111111100111 G
1)!
b1111011111101111101011011111100 G
0*!
b10110010010111011111001111001101 G
b1100100 +!
1w
0x
b1100100 y
#4430000
0$
1&
0'
b1100100 (
1z
0{
b1100100 a
0`
1_
0]
1b
0c
#4435000
1$
1]
b10000 d
b111 e
b1100100 m
1+
b10000 ,
0b
#4436000
b1100100 3
b111 =
b10000 ?
b100001111 (!
b10001110011010101010010000101010 G
b11001111001011001011110100011 G
b11111101001100001011010010001000 G
b11111010 +!
b11111010 y
#4440000
0$
b11111010 (
0z
b1111010 B
b11111010 a
0]
#4445000
1$
1]
#4446000
b100010000 (!
b11101101101100110111100011101001 G
0)!
b11101110110001001010011110010110 G
1*!
b11010111100100101101000100011111 G
b10101111 +!
0w
1x
b10101111 y
#4450000
0$
0&
1'
b10101111 (
1{
b10101111 a
1`
0_
0]
1c
#4455000
1$
1]
b1000 f
b1111 d
0+
b1011011 )
b1111 ,
#4456000
b1000 >
b1111 ?
b100010001 (!
b11100110010011110000100011010100 G
b1111001100100001101010111000101 G
0*!
b10001001100110110010111111000010 G
b10011 +!
0x
b10011 y
#4460000
0$
0'
b10011 (
0{
b10011 a
0`
0]
0c
#4465000
1$
1]
#4466000
b100010010 (!
b1000010011101000001100001011011 G
1)!
b110100100011110001111111100000 G
b1111011000110101110011001100001 G
b11110110 +!
1w
b11110110 y
#4470000
0$
1&
b11110110 (
1z
b11110110 a
1_
0]
1b
#4475000
1$
1]
b10000 d
b1000 e
b11110110 n
1+
b10000 ,
0b
#4476000
b11110110 4
b1000 =
b10000 ?
b100010011 (!
b11011000100111100110100010101110 G
b11101010110110001010100101010111 G
b10111001011100000000010110101100 G
b1110010 +!
b1110010 y
#4480000
0$
b1110010 (
0z
b1111011 B
b1110010 a
0]
#4485000
1$
1]
#4486000
b100010100 (!
b110100101010100100011010111101 G
b11000101011110011111001011010 G
b11101000110110011000000000010011 G
b11010001 +!
b11010001 y
#4490000
0$
b11010001 (
b1111100 B
b11010001 a
0]
#4495000
1$
1]
#4496000
b100010101 (!
b1101111111000011000111000 G
b10100110011001110101001011011001 G
b11010010110010110101110011000110 G
b10100101 +!
b10100101 y
#4500000
0$
b10100101 (
b1111101 B
b10100101 a
0]
#4505000
1$
1]
#4506000
b100010110 (!
b1111101010101010101100010001111 G
0)!
b1011011001100010110110000100 G
b1111110101001100010011010110101 G
b11111101 +!
0w
b11111101 y
#4510000
0$
0&
b11111101 (
b11111101 a
0_
0]
#4515000
1$
1]
#4516000
b100010111 (!
b1101110010010111111110010 G
1)!
b11111000101011001010111011001011 G
b10010101111100110100011110010000 G
b101011 +!
1w
b101011 y
#4520000
0$
1&
b101011 (
b1111110 B
b101011 a
1_
0]
#4525000
1$
1]
#4526000
b100011000 (!
b10110110000000101001111001010001 G
b10000000011100111110001111011110 G
b10100011001111011011111011000111 G
b1000110 +!
b1000110 y
#4530000
0$
b1000110 (
b1111111 B
b1000110 a
0]
#4535000
1$
1]
#4536000
b100011001 (!
b10011001111010001110000001011100 G
b11110011001111000101010110101101 G
1*!
b101101010101110110010010001010 G
b1011010 +!
1x
b1011010 y
#4540000
0$
1'
b1011010 (
1{
b10111 D
b1011010 a
1`
0]
1c
#4545000
1$
1]
b1001 f
b1111 d
0+
b10001100 )
b1111 ,
1b
#4546000
b1001 >
b1111 ?
b100011010 (!
b100011101000001000010010000011 G
b110010110001111100001111101000 G
0*!
b10010010110100101010100011001001 G
b100101 +!
0x
b100101 y
#4550000
0$
0'
b100101 (
1z
0{
b100101 a
0`
0]
0c
#4555000
1$
1]
b10000 d
b1001 e
b100101 o
1+
b10000 ,
0b
#4556000
b100101 5
b1001 =
b10000 ?
b100011011 (!
b11101110000011000101110111110110 G
b10011110101000101011101111111111 G
b111110110110111111000110100 G
b1111 +!
b1111 y
#4560000
0$
b1111 (
0z
b10000000 B
b1111 a
0]
#4565000
1$
1]
#4566000
b100011100 (!
b11101110011000001011001110100101 G
b10000000001101000011110000100010 G
1*!
b10001101000000111110000100111011 G
b11010 +!
1x
b11010 y
#4570000
0$
1'
b11010 (
1{
b11000 D
b11010 a
1`
0]
1c
#4575000
1$
1]
b1010 f
b1111 d
0+
b1001010 )
b1111 ,
1b
#4576000
b1010 >
b1111 ?
b100011101 (!
b11111111110001100101101101000000 G
b111111101110010101001001000001 G
0*!
b11000010110101010010101100001110 G
b10000101 +!
0x
b10000101 y
#4580000
0$
0'
b10000101 (
1z
0{
b10000101 a
0`
0]
0c
#4585000
1$
1]
b10000 d
b1010 e
b10000101 p
1+
b10000 ,
0b
#4586000
b10000101 6
b1010 =
b10000 ?
b100011110 (!
b10111100010011000000110111 G
b11001010110011010110011100001100 G
b111011110000110010000010011101 G
b1110111 +!
b1110111 y
#4590000
0$
b1110111 (
0z
b10000001 B
b1110111 a
0]
#4595000
1$
1]
#4596000
b100011111 (!
b11100100100001100001011010111010 G
b11100101010000011010010011110011 G
1*!
b10001111111001000110110110011000 G
b11111 +!
1x
b11111 y
#4600000
0$
1'
b11111 (
1{
b11001 D
b11111 a
1`
0]
1c
#4605000
1$
1]
b1011 f
b1111 d
0+
b10000 )
b1111 ,
1b
#4606000
b1011 >
b1111 ?
b100100000 (!
b1000001000101000111101010111001 G
0)!
b10100010010110101010101100100110 G
0*!
b1001000011100011111101101101111 G
b10010000 +!
0w
0x
b10010000 y
#4610000
0$
0&
0'
b10010000 (
0{
b10010000 a
0`
0_
0]
0b
0c
#4615000
1$
1]
#4616000
b100100001 (!
b11001000011110011111101011100100 G
1)!
b10110110010011110111110010010101 G
b10000011100011110101010001010010 G
b111 +!
1w
b111 y
#4620000
0$
1&
b111 (
1z
b111 a
1_
0]
1b
#4625000
1$
1]
b10000 d
b1011 e
b111 q
1+
b10000 ,
0b
#4626000
b111 7
b1011 =
b10000 ?
b100100010 (!
b11110101011000001010111110101011 G
b10111000000110101101011110000 G
b11110100001111100000001000110001 G
b11101000 +!
b11101000 y
#4630000
0$
b11101000 (
0z
b10000010 B
b11101000 a
0]
#4635000
1$
1]
#4636000
b100100011 (!
b10111101111101010011111000111110 G
b11001111110010011111110110100111 G
b10100100010010001001100110111100 G
b1001000 +!
b1001000 y
#4640000
0$
b1001000 (
b10000011 B
b1001000 a
0]
#4645000
1$
1]
#4646000
b100100100 (!
b11010111101011011010011110001101 G
b101111000111100101010011101010 G
b10011010100000111110000101100011 G
b110101 +!
b110101 y
#4650000
0$
b110101 (
b10000100 B
b110101 a
0]
#4655000
1$
1]
#4656000
b100100101 (!
b1001111011100001000001101001000 G
0)!
b11010111000010111100100010101001 G
b10010110010010010100010001010110 G
b101100 +!
0w
b101100 y
#4660000
0$
0&
b101100 (
b101100 a
0_
0]
#4665000
1$
1]
#4666000
b100100110 (!
b1010101011110100001011011011111 G
1)!
b10111100110011001010001110010100 G
b110111110000011000000110000101 G
b1101111 +!
1w
b1101111 y
#4670000
0$
1&
b1101111 (
b10000101 B
b1101111 a
1_
0]
#4675000
1$
1]
#4676000
b100100111 (!
b11111011000011010111100010000010 G
b110001011010100001101000011011 G
1*!
b1111011001010100011010100000 G
b11110 +!
1x
b11110 y
#4680000
0$
1'
b11110 (
1{
b11010 D
b11110 a
1`
0]
1c
#4685000
1$
1]
b1100 f
b1111 d
0+
b1001100 )
b1111 ,
1b
#4686000
b1100 >
b1111 ?
b100101000 (!
b10111111010011111010111000100001 G
0)!
b11101100110001110001110101101110 G
0*!
b11010101010111110010011100010111 G
b10101010 +!
0w
0x
b10101010 y
#4690000
0$
0&
0'
b10101010 (
0{
b10101010 a
0`
0_
0]
0b
0c
#4695000
1$
1]
#4696000
b100101001 (!
b11011001010001010111100001101100 G
1)!
b11111100001010101110101001111101 G
1*!
b110110000110001111100011010 G
b1101 +!
1w
1x
b1101 y
#4700000
0$
1&
1'
b1101 (
1z
1{
b111101 F
b1101 a
1`
1_
0]
1b
1c
#4705000
1$
1]
b1101 f
b1100 e
b1101 r
b10101110 )
#4706000
b1101 8
b1100 =
b10000 ?
b1101 >
b1111 ?
b100101010 (!
b1110001111011100011100111010011 G
0)!
b10001110100001110000010011111000 G
b10010101111001001010011001 G
b100 +!
0w
b100 y
#4710000
0$
0&
b100 (
0z
b100 a
0_
0]
0b
#4715000
1$
1]
b1110 f
b1110 d
b1101 )
b1110 ,
#4716000
b1110 >
b1110 ?
b100101011 (!
b11100101001010110010100110000110 G
1)!
b11011110001100100000111001001111 G
0*!
b10000111000111100111100001000100 G
b1110 +!
1w
0x
b1110 y
#4720000
0$
1&
0'
b1110 (
1z
0{
b1110 a
0`
1_
0]
1b
0c
#4725000
1$
1]
b1111 d
b1101 e
b1110 s
b1111 ,
#4726000
b1110 9
b1101 =
b1111 ?
b100101100 (!
b110111110001011100001001110101 G
b1110110101100011010100010110010 G
b10111010100001110010000010001011 G
b1110101 +!
b1110101 y
#4730000
0$
b1110101 (
b1110101 a
0]
#4735000
1$
1]
b10000 d
b1110 e
b1110101 t
1+
b10000 ,
0b
#4736000
b1110101 :
b1110 =
b10000 ?
b100101101 (!
b1011011011001110001111001010000 G
0)!
b10001100011011010101011000010001 G
b1010110111111011100100010011110 G
b10101101 +!
0w
b10101101 y
#4740000
0$
0&
b10101101 (
0z
b10101101 a
0_
0]
#4745000
1$
1]
#4746000
b100101110 (!
b1010101000001111010110010000111 G
1)!
b100111011011110000001100011100 G
b111010001010011110100101101101 G
b1110100 +!
1w
b1110100 y
#4750000
0$
1&
b1110100 (
b10000110 B
b1110100 a
1_
0]
#4755000
1$
1]
#4756000
b100101111 (!
b10011101110101110111010101001010 G
b11001011110001111010111001000011 G
b1000000101111001010101000 G
b10 +!
b10 y
#4760000
0$
b10 (
b10000111 B
b10 a
0]
#4765000
1$
1]
#4766000
b100110000 (!
b11101000010101101101100010001001 G
b1001111000100110101101010110110 G
1*!
b10101000110100001110000110111111 G
b1010001 +!
1x
b1010001 y
#4770000
0$
1'
b1010001 (
1{
b11011 D
b1010001 a
1`
0]
1c
#4775000
1$
1]
b1111 f
b1111 d
0+
b10100000 )
b1111 ,
1b
#4776000
b1111 >
b1111 ?
b100110001 (!
b10101100011110100111100011110100 G
b11001111001010110011111101100101 G
b1010111001111101110010011100010 G
b10101110 +!
b10101110 y
#4780000
0$
b10101110 (
1z
b111110 F
b10101110 a
0]
#4785000
1$
1]
b0 f
b1111 e
b10101110 u
b111001 )
#4786000
b10101110 ;
b1111 =
b10000 ?
b0 >
b1111 ?
b100110010 (!
b11110011110111101100001011111011 G
0)!
b1011100010000111110001000000000 G
0*!
b110110110101011111101000000001 G
b1101101 +!
0w
0x
b1101101 y
#4790000
0$
0&
0'
b1101101 (
0z
0{
b1101101 a
0`
0_
0]
0b
0c
#4795000
1$
1]
#4796000
b100110011 (!
b11000001000011000011111111001110 G
1)!
b1110101110110101000110111110111 G
b111001100000011100111001100 G
b1110 +!
1w
b1110 y
#4800000
0$
1&
b1110 (
1z
b1110 a
1_
0]
1b
#4805000
1$
1]
b10000 d
b0 e
b1110 v
1+
b10000 ,
0b
#4806000
b1110 <
b0 =
b10000 ?
b100110100 (!
b1101110010110011010010001011101 G
b10001111011111100101011101111010 G
b10101010000101110011111010110011 G
b1010100 +!
b1010100 y
#4810000
0$
b1010100 (
0z
b10001000 B
b1010100 a
0]
#4815000
1$
1]
#4816000
b100110101 (!
b10100001011111110100110001011000 G
0)!
b10110001010001001101001111001 G
b1101000110101001101011111100110 G
b11010001 +!
0w
b11010001 y
#4820000
0$
0&
b11010001 (
b11010001 a
0_
0]
#4825000
1$
1]
#4826000
b100110110 (!
b10011001010011011001000100101111 G
1)!
b1000100101010111010010110100100 G
b1011010100000001111100001010101 G
b10110101 +!
1w
b10110101 y
#4830000
0$
1&
b10110101 (
b10001001 B
b10110101 a
1_
0]
#4835000
1$
1]
#4836000
b100110111 (!
b11111110001110000010110100010010 G
b10011010010110000000000101101011 G
1*!
b10001111101101001000110110000 G
b100011 +!
1x
b100011 y
#4840000
0$
1'
b100011 (
1{
b11100 D
b100011 a
1`
0]
1c
#4845000
1$
1]
b1 f
b1111 d
0+
b10000111 )
b1111 ,
1b
#4846000
b1 >
b1111 ?
b100111000 (!
b1111001100010001001100111110001 G
b11011100001001011000001011111110 G
0*!
b10110100101011101100101101100111 G
b1101001 +!
0x
b1101001 y
#4850000
0$
0'
b1101001 (
1z
0{
b1101001 a
0`
0]
0c
#4855000
1$
1]
b10000 d
b1 e
b1101001 g
1+
b10000 ,
0b
#4856000
b1101001 -
b1 =
b10000 ?
b100111001 (!
b1011011101101000001110001111100 G
b10110001001010010001101101001101 G
b1111100110101100010110101010 G
b11111 +!
b11111 y
#4860000
0$
b11111 (
0z
b10001010 B
b11111 a
0]
#4865000
1$
1]
#4866000
b100111010 (!
b100000101000111110101100100011 G
b1100001010101110001001000001000 G
b1110000101010111101100001101001 G
b11100001 +!
b11100001 y
#4870000
0$
b11100001 (
b10001011 B
b11100001 a
0]
#4875000
1$
1]
#4876000
b100111011 (!
b11001100000000101010000100010110 G
b100001010111110001110010011111 G
b10101010001111001111111001010100 G
b1010100 +!
b1010100 y
#4880000
0$
b1010100 (
b10001100 B
b1010100 a
0]
#4885000
1$
1]
#4886000
b100111100 (!
b1101010000101011110110101000101 G
b11111101111000001000000101000010 G
b110100100110011101101111011011 G
b1101001 +!
b1101001 y
#4890000
0$
b1101001 (
b10001101 B
b1101001 a
0]
#4895000
1$
1]
#4896000
b100111101 (!
b11001011001110100010110101100000 G
b11011111010001000011010111100001 G
b1110110001111001001001000101110 G
b11101100 +!
b11101100 y
#4900000
0$
b11101100 (
b10001110 B
b11101100 a
0]
#4905000
1$
1]
#4906000
b100111110 (!
b1010100000110110110010011010111 G
b100010111001011010101100101100 G
b1000110110001110100111000111101 G
b10001101 +!
b10001101 y
#4910000
0$
b10001101 (
b10001111 B
b10001101 a
0]
#4915000
1$
1]
#4916000
b100111111 (!
b11010110011111011111111011010 G
b11000100111101001011001110010011 G
b11011000101001010100001110111000 G
b10110001 +!
b10110001 y
#4920000
0$
b10110001 (
b10010000 B
b10110001 a
0]
#4925000
1$
1]
#4926000
b101000000 (!
b100100011111111001001001011001 G
b1000110111011111011011001000110 G
1*!
b10110000011111001000010000001111 G
b1100000 +!
1x
b1100000 y
#4930000
0$
1'
b1100000 (
1{
b11101 D
b1100000 a
1`
0]
1c
#4935000
1$
1]
b10 f
b1111 d
0+
b11 )
b1111 ,
1b
#4936000
b10 >
b1111 ?
b101000001 (!
b101010011110011000001100000100 G
b10110001111110010001111000110101 G
0*!
b1001001001110101110000101110010 G
b10010010 +!
0x
b10010010 y
#4940000
0$
0'
b10010010 (
1z
0{
b10010010 a
0`
0]
0c
#4945000
1$
1]
b10000 d
b10 e
b10010010 h
1+
b10000 ,
0b
#4946000
b10010010 .
b10 =
b10000 ?
b101000010 (!
b10000011000010110101001001001011 G
b11010101100010011011010100010000 G
1*!
b10110010100001111100110111010001 G
b1100101 +!
1x
b1100101 y
#4950000
0$
1'
b1100101 (
0z
1{
b11110 D
b1100101 a
1`
0]
1c
#4955000
1$
1]
b11 f
b1111 d
0+
b11010100 )
b1111 ,
1b
#4956000
b11 >
b1111 ?
b101000011 (!
b10101010000001000110110101011110 G
b11001100011101110101101001000111 G
0*!
b100101011011111110010111011100 G
b1001010 +!
0x
b1001010 y
#4960000
0$
0'
b1001010 (
1z
0{
b1001010 a
0`
0]
0c
#4965000
1$
1]
b10000 d
b11 e
b1001010 i
1+
b10000 ,
0b
#4966000
b1001010 /
b11 =
b10000 ?
b101000100 (!
b10001111001000110011110100101101 G
b10100110100000000100011000001010 G
b11110010100001001100000000011 G
b111100 +!
b111100 y
#4970000
0$
b111100 (
0z
b10010001 B
b111100 a
0]
#4975000
1$
1]
#4976000
b101000101 (!
b11110110010001001110000101101000 G
0)!
b10010110000000101100100001001001 G
b1100101011110001011101110110 G
b11001 +!
0w
b11001 y
#4980000
0$
0&
b11001 (
b11001 a
0_
0]
#4985000
1$
1]
#4986000
b101000110 (!
b100011110111001100011101111111 G
b10110101011011000011001110110100 G
1*!
b11111001111110011000101100100101 G
b11110011 +!
1x
b11110011 y
#4990000
0$
1'
b11110011 (
1{
b11110011 a
1`
0]
1c
#4995000
1$
1]
b100 f
b1111 d
0+
b110111 )
b1111 ,
#4996000
b100 >
b1111 ?
b101000111 (!
b1100100000010100100110110100010 G
1)!
b11101111110100110110010010111011 G
0*!
b101101001000000010100011000000 G
b1011010 +!
1w
0x
b1011010 y
#5000000
0$
1&
0'
b1011010 (
1z
0{
b1011010 a
0`
1_
0]
1b
0c
#5005000
1$
1]
b10000 d
b100 e
b1011010 j
1+
b10000 ,
0b
#5006000
b1011010 0
b100 =
b10000 ?
b101001000 (!
b11101101100100100110000111000001 G
b1110111100000001010010001110 G
b111011110110011010101110110111 G
b1110111 +!
b1110111 y
#5010000
0$
b1110111 (
0z
b10010010 B
b1110111 a
0]
#5015000
1$
1]
#5016000
b101001001 (!
b10100110101111011100110010001100 G
0)!
b11110101111010111110100000011101 G
b11010000110011110101100000111010 G
b10100001 +!
0w
b10100001 y
#5020000
0$
0&
b10100001 (
b10100001 a
0_
0]
#5025000
1$
1]
#5026000
b101001010 (!
b10101101111101001100001110011 G
b10101111110100001110101100011000 G
1*!
b1010001010101000111101000111001 G
b10100010 +!
1x
b10100010 y
#5030000
0$
1'
b10100010 (
1{
b10100010 a
1`
0]
1c
#5035000
1$
1]
b101 f
b1111 d
0+
b10101010 )
b1111 ,
#5036000
b101 >
b1111 ?
b101001011 (!
b11100101000100111100010010100110 G
1)!
b110110011101101110011011101111 G
0*!
b10001101111000000001000001100100 G
b11011 +!
1w
0x
b11011 y
#5040000
0$
1&
0'
b11011 (
1z
0{
b11011 a
0`
1_
0]
1b
0c
#5045000
1$
1]
b10000 d
b101 e
b11011 k
1+
b10000 ,
0b
#5046000
b11011 1
b101 =
b10000 ?
b101001100 (!
b1101101001100011010000010101 G
0)!
b10010010110100011100010111010010 G
b11111110110110010001001100101011 G
b11111101 +!
0w
b11111101 y
#5050000
0$
0&
b11111101 (
0z
b11111101 a
0_
0]
#5055000
1$
1]
#5056000
b101001101 (!
b101100111110001000100001110000 G
b101010011000101111000110110001 G
b11101001001100101000011110111110 G
b11010010 +!
b11010010 y
#5060000
0$
b11010010 (
b11010010 a
0]
#5065000
1$
1]
#5066000
b101001110 (!
b11010110000110010101100100100111 G
1)!
b10100111110100101111100111100 G
b11100010100100000100111100001101 G
b11000101 +!
1w
b11000101 y
#5070000
0$
1&
b11000101 (
b10010011 B
b11000101 a
1_
0]
#5075000
1$
1]
#5076000
b101001111 (!
b10000100111111111011001101010 G
b1100110000001011011010011100011 G
b10110001101001000110000011001000 G
b1100011 +!
b1100011 y
#5080000
0$
b1100011 (
b10010100 B
b1100011 a
0]
#5085000
1$
1]
#5086000
b101010000 (!
b11111010010100111010100000101001 G
b1011100101100001011110111010110 G
b11110001000000011110001001011111 G
b11100010 +!
b11100010 y
#5090000
0$
b11100010 (
b10010101 B
b11100010 a
0]
#5095000
1$
1]
#5096000
b101010001 (!
b11111001011000000001100100010100 G
b10101100010011100001100100000101 G
1*!
b1010110101000100101000000010 G
b10101 +!
1x
b10101 y
#5100000
0$
1'
b10101 (
1{
b11111 D
b10101 a
1`
0]
1c
#5105000
1$
1]
b110 f
b1111 d
0+
b1100100 )
b1111 ,
1b
#5106000
b110 >
b1111 ?
b101010010 (!
b10111101110000110101110110011011 G
b111110110011011101010000100000 G
0*!
b10010010101110000111110110100001 G
b100101 +!
0x
b100101 y
#5110000
0$
0'
b100101 (
1z
0{
b100101 a
0`
0]
0c
#5115000
1$
1]
b10000 d
b110 e
b100101 l
1+
b10000 ,
0b
#5116000
b100101 2
b110 =
b10000 ?
b101010011 (!
b1011001101111101100011011101110 G
0)!
b1010100110011010110001010010111 G
b10111001000100001001110111101100 G
b1110010 +!
0w
b1110010 y
#5120000
0$
0&
b1110010 (
0z
b1110010 a
0_
0]
#5125000
1$
1]
#5126000
b101010100 (!
b10101000001111110111000111111101 G
1)!
b1100101100101010010000010011010 G
b1011101011001110110101010011 G
b10111 +!
1w
b10111 y
#5130000
0$
1&
b10111 (
b10010110 B
b10111 a
1_
0]
#5135000
1$
1]
#5136000
b101010101 (!
b1110110110100100001001111000 G
b111100100111110101001000011001 G
b11110100110110010000001100000110 G
b11101001 +!
b11101001 y
#5140000
0$
b11101001 (
b10010111 B
b11101001 a
0]
#5145000
1$
1]
#5146000
b101010110 (!
b11001111101001011100111001111 G
0)!
b11110000001101110100110111000100 G
b1111001000000000011100111110101 G
b11110010 +!
0w
b11110010 y
#5150000
0$
0&
b11110010 (
b11110010 a
0_
0]
#5155000
1$
1]
#5156000
b101010111 (!
b100010000101001101101000110010 G
1)!
b110011111110010100010000001011 G
b10001011000110110000101111010000 G
b10110 +!
1w
b10110 y
#5160000
0$
1&
b10110 (
b10011000 B
b10110 a
1_
0]
#5165000
1$
1]
#5166000
b101011000 (!
b11010000000100100000010110010001 G
0)!
b10001110010001111101001000011110 G
b1100111010011001100100000000111 G
b11001110 +!
0w
b11001110 y
#5170000
0$
0&
b11001110 (
b11001110 a
0_
0]
#5175000
1$
1]
#5176000
b101011001 (!
b1100110101010111000100010011100 G
1)!
b1110101111010000101000011101101 G
b10001000000100011101011011001010 G
b10000 +!
1w
b10000 y
#5180000
0$
1&
b10000 (
b10011001 B
b10000 a
1_
0]
#5185000
1$
1]
#5186000
b101011010 (!
b10110100111110110100000111000011 G
b11110001010011011001000000101000 G
b10111011100101100111100000001001 G
b1110111 +!
b1110111 y
#5190000
0$
b1110111 (
b10011010 B
b1110111 a
0]
#5195000
1$
1]
#5196000
b101011011 (!
b1010011100111111001010000110110 G
b10100101100001100110110100111111 G
1*!
b11001101011100001010111001110100 G
b10011010 +!
1x
b10011010 y
#5200000
0$
1'
b10011010 (
1{
b100000 D
b10011010 a
1`
0]
1c
#5205000
1$
1]
b111 f
b1111 d
0+
b11110110 )
b1111 ,
1b
#5206000
b111 >
b1111 ?
b101011100 (!
b11101010100010111001011011100101 G
0)!
b1111111010101100111011001100010 G
0*!
b11010010101000011100011001111011 G
b10100101 +!
0w
0x
b10100101 y
#5210000
0$
0&
0'
b10100101 (
0{
b10100101 a
0`
0_
0]
0b
0c
#5215000
1$
1]
#5216000
b101011101 (!
b10101001000110110010111110000000 G
1)!
b11111011101011101000100110000001 G
b11110001010000001010100101001110 G
b11100010 +!
1w
b11100010 y
#5220000
0$
1&
b11100010 (
1z
b11100010 a
1_
0]
1b
#5225000
1$
1]
b10000 d
b111 e
b11100010 m
1+
b10000 ,
0b
#5226000
b11100010 3
b111 =
b10000 ?
b101011110 (!
b100010101011101000100101110111 G
b101100001101100001111101001100 G
b1000110001110011110101111011101 G
b10001100 +!
b10001100 y
#5230000
0$
b10001100 (
0z
b10011011 B
b10001100 a
0]
#5235000
1$
1]
#5236000
b101011111 (!
b11001001110010001100011111010 G
b110001111101111011001000110011 G
1*!
b1001001100110010100100111011000 G
b10010011 +!
1x
b10010011 y
#5240000
0$
1'
b10010011 (
1{
b100001 D
b10010011 a
1`
0]
1c
#5245000
1$
1]
b1000 f
b1111 d
0+
b100101 )
b1111 ,
1b
#5246000
b1000 >
b1111 ?
b101100000 (!
b10010110000001100111111001 G
b1110011110101110111000101100110 G
0*!
b100101101011011111110010101111 G
b1001011 +!
0x
b1001011 y
#5250000
0$
0'
b1001011 (
1z
0{
b1001011 a
0`
0]
0c
#5255000
1$
1]
b10000 d
b1000 e
b1001011 n
1+
b10000 ,
0b
#5256000
b1001011 4
b1000 =
b10000 ?
b101100001 (!
b11111110110101110011101100100100 G
b111011011111110010111111010101 G
b1001010000111000001111010010010 G
b10010100 +!
b10010100 y
#5260000
0$
b10010100 (
0z
b10011100 B
b10010100 a
0]
#5265000
1$
1]
#5266000
b101100010 (!
b11100100101000111110010011101011 G
b1001110110010010011111100110000 G
b10001110100011010000100101110001 G
b11101 +!
b11101 y
#5270000
0$
b11101 (
b10011101 B
b11101 a
0]
#5275000
1$
1]
#5276000
b101100011 (!
b1011001110111000100110001111110 G
b1110001110010011010011011100111 G
b10110110110110000111111100 G
b101 +!
b101 y
#5280000
0$
b101 (
b10011110 B
b101 a
0]
#5285000
1$
1]
#5286000
b101100100 (!
b11001111101000110100001011001101 G
b11010010111011011110011100101010 G
b11100100011010010011111010100011 G
b11001000 +!
b11001000 y
#5290000
0$
b11001000 (
b10011111 B
b11001000 a
0]
#5295000
1$
1]
#5296000
b101100101 (!
b1111111000110000110111110001000 G
b1110011110000110011011111101001 G
b11010101000100111001101010010110 G
b10101010 +!
b10101010 y
#5300000
0$
b10101010 (
b10100000 B
b10101010 a
0]
#5305000
1$
1]
#5306000
b101100110 (!
b111010001000100110100000011111 G
b10110100111101011111001111010100 G
b1011010001010100000010011000101 G
b10110100 +!
b10110100 y
#5310000
0$
b10110100 (
b10100001 B
b10110100 a
0]
#5315000
1$
1]
#5316000
b101100111 (!
b1011010101010001101001011000010 G
0)!
b11111110101001101001111101011011 G
b111000000011101011100000 G
b1 +!
0w
b1 y
#5320000
0$
0&
b1 (
b1 a
0_
0]
#5325000
1$
1]
#5326000
b101101000 (!
b1010001011011001000010101100001 G
b111100000011011011101110101110 G
b10000101001101010010000001010111 G
b1010 +!
b1010 y
#5330000
0$
b1010 (
b1010 a
0]
#5335000
1$
1]
#5336000
b101101001 (!
b1111110100001100101000010101100 G
1)!
b1110100010100110101010110111101 G
b10110111110100110100000101011010 G
b1101111 +!
1w
b1101111 y
#5340000
0$
1&
b1101111 (
b10100010 B
b1101111 a
1_
0]
#5345000
1$
1]
#5346000
b101101010 (!
b101111110101101110011100010011 G
0)!
b11111111001100000000100111000 G
b111010011101101101000111011001 G
b1110100 +!
0w
b1110100 y
#5350000
0$
0&
b1110100 (
b1110100 a
0_
0]
#5355000
1$
1]
#5356000
b101101011 (!
b10101011101001110000111111000110 G
1)!
b10110101010111110001111 G
b10010011000101111101100010000100 G
b100110 +!
1w
b100110 y
#5360000
0$
1&
b100110 (
b10100011 B
b100110 a
1_
0]
#5365000
1$
1]
#5366000
b101101100 (!
b11011000100110110001010110110101 G
b1101001111111111001001011110010 G
1*!
b1101111000100001111010111001011 G
b11011110 +!
1x
b11011110 y
#5370000
0$
1'
b11011110 (
1{
b100010 D
b11011110 a
1`
0]
1c
#5375000
1$
1]
b1001 f
b1111 d
0+
b10000101 )
b1111 ,
1b
#5376000
b1001 >
b1111 ?
b101101101 (!
b11000010110110110010001010010000 G
b1001100110010111111110101010001 G
0*!
b11011000100001111111011011011110 G
b10110001 +!
0x
b10110001 y
#5380000
0$
0'
b10110001 (
1z
0{
b10110001 a
0`
0]
0c
#5385000
1$
1]
b10000 d
b1001 e
b10110001 o
1+
b10000 ,
0b
#5386000
b10110001 5
b1001 =
b10000 ?
b101101110 (!
b1000011010001111111010111000111 G
0)!
b1111101111000011110101101011100 G
1*!
b110010001110010010010010101101 G
b1100100 +!
0w
1x
b1100100 y
#5390000
0$
0&
1'
b1100100 (
0z
1{
b1100100 a
1`
0_
0]
1c
#5395000
1$
1]
b1010 f
b1111 d
0+
b111 )
b1111 ,
#5396000
b1010 >
b1111 ?
b101101111 (!
b1000011010011000010011110001010 G
1)!
b11101001100001111010101110000011 G
0*!
b10010000110111001111111011101000 G
b100001 +!
1w
0x
b100001 y
#5400000
0$
1&
0'
b100001 (
1z
0{
b100001 a
0`
1_
0]
1b
0c
#5405000
1$
1]
b10000 d
b1010 e
b100001 p
1+
b10000 ,
0b
#5406000
b100001 6
b1010 =
b10000 ?
b101110000 (!
b111000110100011110011111001001 G
b10000101001001101000011110110 G
1*!
b10000011100011011101001011111111 G
b111 +!
1x
b111 y
#5410000
0$
1'
b111 (
0z
1{
b100011 D
b111 a
1`
0]
1c
#5415000
1$
1]
b1011 f
b1111 d
0+
b1101 )
b1111 ,
1b
#5416000
b1011 >
b1111 ?
b101110001 (!
b1011111010001111110100100110100 G
b11011100101000010110001010100101 G
b1000001111000110101111100100010 G
b10000011 +!
b10000011 y
#5420000
0$
b10000011 (
1z
b111111 F
b10000011 a
0]
#5425000
1$
1]
b1100 f
b1011 e
b10000011 q
b1110 )
#5426000
b10000011 7
b1011 =
b10000 ?
b1100 >
b1111 ?
b101110010 (!
b10101110000010011110100000111011 G
b11000110111101001111011001000000 G
0*!
b10111000111010100111000101000001 G
b1110001 +!
0x
b1110001 y
#5430000
0$
0'
b1110001 (
0{
b1110001 a
0`
0]
0c
#5435000
1$
1]
b10000 d
b1100 e
b1110001 r
1+
b10000 ,
0b
#5436000
b1110001 8
b1100 =
b10000 ?
b101110011 (!
b1101100101111011111111000001110 G
b10111000000110010010011100110111 G
1*!
b11011010010110010011001000001100 G
b10110100 +!
1x
b10110100 y
#5440000
0$
1'
b10110100 (
0z
1{
b100100 D
b10110100 a
1`
0]
1c
#5445000
1$
1]
b1101 f
b1111 d
0+
b1110101 )
b1111 ,
1b
#5446000
b1101 >
b1111 ?
b101110100 (!
b10010011000000111010111110011101 G
b10011001011110111001100110111010 G
0*!
b11001000100000101000101111110011 G
b10010001 +!
0x
b10010001 y
#5450000
0$
0'
b10010001 (
1z
0{
b10010001 a
0`
0]
0c
#5455000
1$
1]
b10000 d
b1101 e
b10010001 s
1+
b10000 ,
0b
#5456000
b10010001 9
b1101 =
b10000 ?
b101110101 (!
b10111101100110000110100010011000 G
b11111000111100110111100110111001 G
b110001110111111101111000100110 G
b1100011 +!
b1100011 y
#5460000
0$
b1100011 (
0z
b10100100 B
b1100011 a
0]
#5465000
1$
1]
#5466000
b101110110 (!
b101100101100101101001001101111 G
b10110010010100010010010111100100 G
1*!
b1111110010111110101110010101 G
b11111 +!
1x
b11111 y
#5470000
0$
1'
b11111 (
1{
b100101 D
b11111 a
1`
0]
1c
#5475000
1$
1]
b1110 f
b1111 d
0+
b10101110 )
b1111 ,
1b
#5476000
b1110 >
b1111 ?
b101110111 (!
b11101100110101110011011101010010 G
b11001101011110000111011010101011 G
0*!
b11110001010001011010111110000 G
b111100 +!
0x
b111100 y
#5480000
0$
0'
b111100 (
1z
0{
b111100 a
0`
0]
0c
#5485000
1$
1]
b10000 d
b1110 e
b111100 t
1+
b10000 ,
0b
#5486000
b111100 :
b1110 =
b10000 ?
b101111000 (!
b11101101110001101110000100110001 G
b1100010111000101101000100111110 G
1*!
b10000101011111111011010010100111 G
b1010 +!
1x
b1010 y
#5490000
0$
1'
b1010 (
0z
1{
b100110 D
b1010 a
1`
0]
1c
#5495000
1$
1]
b1111 f
b1111 d
0+
b1110 )
b1111 ,
1b
#5496000
b1111 >
b1111 ?
b101111001 (!
b11000000101110010010010111100 G
b10011100001000011111011010001101 G
0*!
b10110111010001001001011111101010 G
b1101110 +!
0x
b1101110 y
#5500000
0$
0'
b1101110 (
1z
0{
b1101110 a
0`
0]
0c
#5505000
1$
1]
b10000 d
b1111 e
b1101110 u
1+
b10000 ,
0b
#5506000
b1101110 ;
b1111 =
b10000 ?
b101111010 (!
b11010101100011101000100001100011 G
b11001000011100110011111001001000 G
b10011100101110101000011110101001 G
b111001 +!
b111001 y
#5510000
0$
b111001 (
0z
b10100101 B
b111001 a
0]
#5515000
1$
1]
#5516000
b101111011 (!
b10000001111010110011011101010110 G
b110010100000001010110111011111 G
1*!
b10100111101111101000111010010100 G
b1001111 +!
1x
b1001111 y
#5520000
0$
1'
b1001111 (
1{
b100111 D
b1001111 a
1`
0]
1c
#5525000
1$
1]
b0 f
b1111 d
0+
b1101001 )
b1111 ,
1b
#5526000
b0 >
b1111 ?
b101111100 (!
b10001111011010011011000010000101 G
b11100110000111100001101110000010 G
0*!
b11101001000000111010000100011011 G
b11010010 +!
0x
b11010010 y
#5530000
0$
0'
b11010010 (
1z
0{
b11010010 a
0`
0]
0c
#5535000
1$
1]
b10000 d
b0 e
b11010010 v
1+
b10000 ,
0b
#5536000
b11010010 <
b0 =
b10000 ?
b101111101 (!
b1101000001100010110000110100000 G
b1010011001000000100110100100001 G
b10000001111010010111000001101110 G
b11 +!
b11 y
#5540000
0$
b11 (
0z
b10100110 B
b11 a
0]
#5545000
1$
1]
#5546000
b101111110 (!
b1010011000100101001111000010111 G
b10110000001101100001101101100 G
b10111110110000101111100101111101 G
b1111101 +!
b1111101 y
#5550000
0$
b1111101 (
b10100111 B
b1111101 a
0]
#5555000
1$
1]
#5556000
b101111111 (!
b10100010010010100010001000011010 G
b11011011001100101010000011010011 G
b10111010100010000111111111111000 G
b1110101 +!
b1110101 y
#5560000
0$
b1110101 (
b10101000 B
b1110101 a
0]
#5565000
1$
1]
#5566000
b110000000 (!
b11001101110001100001000110011001 G
b11101000000110011101110010000110 G
b1001011011100110010101001111 G
b10010 +!
b10010 y
#5570000
0$
b10010 (
b10101001 B
b10010 a
0]
#5575000
1$
1]
#5576000
b110000001 (!
b10001101110110110010001101000100 G
0)!
b11011100100010011011000101110101 G
1*!
b1001001101110110000101110110010 G
b10010011 +!
0w
1x
b10010011 y
#5580000
0$
0&
1'
b10010011 (
1{
b10010011 a
1`
0_
0]
1c
#5585000
1$
1]
b1 f
b1111 d
0+
b10010010 )
b1111 ,
#5586000
b1 >
b1111 ?
b110000010 (!
b10010110000100100110011110001011 G
1)!
b10000011100010011111100101010000 G
0*!
b1010000011101011011010100010001 G
b10100000 +!
1w
0x
b10100000 y
#5590000
0$
1&
0'
b10100000 (
1z
0{
b10100000 a
0`
1_
0]
1b
0c
#5595000
1$
1]
b10000 d
b1 e
b10100000 g
1+
b10000 ,
0b
#5596000
b10100000 -
b1 =
b10000 ?
b110000011 (!
b11101100001001101101110011110 G
b111110001010001110001110000111 G
b10111101110100110000111000011100 G
b1111011 +!
b1111011 y
#5600000
0$
b1111011 (
0z
b10101010 B
b1111011 a
0]
#5605000
1$
1]
#5606000
b110000100 (!
b11000111110101011011100001101101 G
b10011000111011110011100001001010 G
b11010101101101011101010101000011 G
b10101011 +!
b10101011 y
#5610000
0$
b10101011 (
b10101011 B
b10101011 a
0]
#5615000
1$
1]
#5616000
b110000101 (!
b110011101100110010110110101000 G
0)!
b10101101011101010001011110001001 G
b11110000011111101100110110110110 G
b11100000 +!
0w
b11100000 y
#5620000
0$
0&
b11100000 (
b11100000 a
0_
0]
#5625000
1$
1]
#5626000
b110000110 (!
b11010011101100101111100010111111 G
1)!
b10010101101100011110001111110100 G
b11001011111110101110111001100101 G
b10010111 +!
1w
b10010111 y
#5630000
0$
1&
b10010111 (
b10101100 B
b10010111 a
1_
0]
#5635000
1$
1]
#5636000
b110000111 (!
b100011100010000011111100010 G
b1010011110010111100100111111011 G
b111101011011010111110100000000 G
b1111010 +!
b1111010 y
#5640000
0$
b1111010 (
b10101101 B
b1111010 a
0]
#5645000
1$
1]
#5646000
b110001000 (!
b111101000001100001100100000001 G
b1000110001010000001001011001110 G
b1001001110110011000010011110111 G
b10010011 +!
b10010011 y
#5650000
0$
b10010011 (
b10101110 B
b10010011 a
0]
#5655000
1$
1]
#5656000
b110001001 (!
b10110011111001110000010011001100 G
b11010000000010010011001101011101 G
b1000010010101101101101001111010 G
b10000100 +!
b10000100 y
#5660000
0$
b10000100 (
b10101111 B
b10000100 a
0]
#5665000
1$
1]
#5666000
b110001010 (!
b1100011000111110010010110110011 G
b11010100011100100011101011000 G
b11000100111001101001100101111001 G
b10001001 +!
b10001001 y
#5670000
0$
b10001001 (
b10110000 B
b10001001 a
0]
#5675000
1$
1]
#5676000
b110001011 (!
b11111011111011010000101011100110 G
b11010001010001010110100000101111 G
b10000011000011011101000010100100 G
b110 +!
b110 y
#5680000
0$
b110 (
b10110001 B
b110 a
0]
#5685000
1$
1]
#5686000
b110001100 (!
b1110110010011000110011101010101 G
b11110000110001000000010010 G
b11111011000101101100100001101011 G
b11110110 +!
b11110110 y
#5690000
0$
b11110110 (
b10110010 B
b11110110 a
0]
#5695000
1$
1]
#5696000
b110001101 (!
b1110101101110110010110000 G
0)!
b1001111110100000111100011110001 G
b11111001000001100001010111111110 G
b11110010 +!
0w
b11110010 y
#5700000
0$
0&
b11110010 (
b11110010 a
0_
0]
#5705000
1$
1]
#5706000
b110001110 (!
b11001110111110111000001001100111 G
b111011011011010011101111100 G
1*!
b101011110011000110101001001101 G
b1010111 +!
1x
b1010111 y
#5710000
0$
1'
b1010111 (
1{
b1010111 a
1`
0]
1c
#5715000
1$
1]
b10 f
b1111 d
0+
b1001010 )
b1111 ,
#5716000
b10 >
b1111 ?
b110001111 (!
b11011110011001000000100010101010 G
1)!
b110011001101011001001000100011 G
0*!
b1001100011101001100110100001000 G
b10011000 +!
1w
0x
b10011000 y
#5720000
0$
1&
0'
b10011000 (
1z
0{
b10011000 a
0`
1_
0]
1b
0c
#5725000
1$
1]
b10000 d
b10 e
b10011000 h
1+
b10000 ,
0b
#5726000
b10011000 .
b10 =
b10000 ?
b110010000 (!
b10100 %!
b1010000 &!
b0 (!
b11110100111110011001011101101001 G
0)!
b1101111111101111001010000010110 G
1*!
b11001111110111001011001110011111 G
b10011111 +!
0w
1x
b10011111 y
#5730000
0$
0&
1'
b10011111 (
0z
1{
b10011111 a
1`
0_
0]
1c
#5735000
1$
1]
b11 f
b1111 d
0+
b1011010 )
b1111 ,
#5736000
b11 >
b1111 ?
b1 (!
b1011100011110011110100101010100 G
b100111110011010001110001000101 G
b1100101111101000010010001000010 G
b11001011 +!
b11001011 y
#5740000
0$
b11001011 (
b11001011 a
0]
#5745000
1$
1]
b100 f
b1110 d
b11011 )
b1110 ,
#5746000
b100 >
b1110 ?
b10 (!
b101110100110100110001011011011 G
b10001011100000010100100001100000 G
b10001111100100111101010011100001 G
b11111 +!
b11111 y
#5750000
0$
b11111 (
b11111 a
0]
#5755000
1$
1]
b101 f
b1101 d
b100101 )
b1101 ,
#5756000
b101 >
b1101 ?
b11 (!
b1010000000100011110010100101110 G
b11101100001001011101101111010111 G
b11100010010100011111011000101100 G
b11000100 +!
b11000100 y
#5760000
0$
b11000100 (
b11000100 a
0]
#5765000
1$
1]
b110 f
b1100 d
b11100010 )
b1100 ,
#5766000
b110 >
b1100 ?
b100 (!
b1011011010011100101110100111101 G
b1110101101110011100001011011010 G
0*!
b1110111100000000001101010010011 G
b11101111 +!
0x
b11101111 y
#5770000
0$
0'
b11101111 (
0{
b11101111 a
0`
0]
0c
#5775000
1$
1]
#5776000
b101 (!
b1001101100000011011111010111000 G
b1100110010011010001000101011001 G
1*!
b11100110111100010110100101000110 G
b11001101 +!
1x
b11001101 y
#5780000
0$
1'
b11001101 (
1{
b11001101 a
1`
0]
1c
#5785000
1$
1]
b111 f
b1011 d
b1001011 )
b1011 ,
#5786000
b111 >
b1011 ?
b110 (!
b10011010111011111101101100001111 G
b11011010000010010111000000100 G
b1010000100011000000110100110101 G
b10100001 +!
b10100001 y
#5790000
0$
b10100001 (
b10100001 a
0]
#5795000
1$
1]
b1000 f
b1010 d
b10110001 )
b1010 ,
#5796000
b1000 >
b1010 ?
b111 (!
b10101010000001110100010001110010 G
b11001010101111011001100101001011 G
b10010011111001111001000000010000 G
b100111 +!
b100111 y
#5800000
0$
b100111 (
b100111 a
0]
#5805000
1$
1]
b1001 f
b1001 d
b100001 )
b1001 ,
#5806000
b1001 >
b1001 ?
b1000 (!
b11000010110011110010110011010001 G
b10110001111111101000000001011110 G
b11110101101011111001000101000111 G
b11101011 +!
b11101011 y
#5810000
0$
b11101011 (
b11101011 a
0]
#5815000
1$
1]
b1010 f
b1000 d
b10000011 )
b1000 ,
#5816000
b1010 >
b1000 ?
b1001 (!
b111001001111101111000011011100 G
b11111010011111100000110000101101 G
b1001101110110000100100001010 G
b10011 +!
b10011 y
#5820000
0$
b10011 (
b10011 a
0]
#5825000
1$
1]
b1011 f
b111 d
b1110001 )
b111 ,
#5826000
b1011 >
b111 ?
b1010 (!
b1010011010001011011111100000011 G
b11111000100100000001110001101000 G
0*!
b1111001010000000000011101001001 G
b11110010 +!
0x
b11110010 y
#5830000
0$
0'
b11110010 (
0{
b11110010 a
0`
0]
0c
#5835000
1$
1]
#5836000
b1011 (!
b1011111111011011000101001110110 G
b1101011101101011101111001111111 G
1*!
b1011011011011101001111010110100 G
b10110110 +!
1x
b10110110 y
#5840000
0$
1'
b10110110 (
1{
b10110110 a
1`
0]
1c
#5845000
1$
1]
b1100 f
b110 d
b10010001 )
b110 ,
#5846000
b1100 >
b110 ?
b1100 (!
b1110100010110000011101000100101 G
b11011111101111110111000010100010 G
b1010101101001110110101110111011 G
b10101011 +!
b10101011 y
#5850000
0$
b10101011 (
b10101011 a
0]
#5855000
1$
1]
b1101 f
b101 d
b111100 )
b101 ,
#5856000
b1101 >
b101 ?
b1101 (!
b10000011010001001100001111000000 G
b1011111110000011000000011000001 G
0*!
b10001111101110011110001110 G
b100 +!
0x
b100 y
#5860000
0$
0'
b100 (
0{
b100 a
0`
0]
0c
#5865000
1$
1]
#5866000
b1110 (!
b11100101101011111010001010110111 G
b1111011100111111001011110001100 G
b10110001000010100111011100011101 G
b1100010 +!
b1100010 y
#5870000
0$
b1100010 (
b1100010 a
0]
#5875000
1$
1]
#5876000
b1111 (!
b11000100100010101101101100111010 G
b1001011100011010111111101110011 G
1*!
b101111001110101110011000011000 G
b1011110 +!
1x
b1011110 y
#5880000
0$
1'
b1011110 (
1{
b1011110 a
1`
0]
1c
#5885000
1$
1]
b1110 f
b100 d
b1101110 )
b100 ,
#5886000
b1110 >
b100 ?
b10000 (!
b10110101111100010111100100111001 G
1)!
b1101110101111101111011110100110 G
b1011001001001011011110111101111 G
b10110010 +!
1w
b10110010 y
#5890000
0$
1&
b10110010 (
1z
b1000000 F
b10110010 a
1_
0]
1b
#5895000
1$
1]
b1111 f
b11 e
b10110010 i
b11010010 )
#5896000
b10110010 /
b11 =
b101 ?
b1111 >
b100 ?
b10001 (!
b1011110011010011101101100100 G
0)!
b11010110000001010001100010101 G
b11010111100111111010100011010010 G
b10101111 +!
0w
b10101111 y
#5900000
0$
0&
b10101111 (
0z
b10101111 a
0_
0]
0b
#5905000
1$
1]
b0 f
b11 d
b10100000 )
b11 ,
#5906000
b0 >
b11 ?
b10010 (!
b1101111001111101101101000101011 G
b100000100100111110001101110000 G
0*!
b1111100011010011101000010110001 G
b11111000 +!
0x
b11111000 y
#5910000
0$
0'
b11111000 (
0{
b11111000 a
0`
0]
0c
#5915000
1$
1]
#5916000
b10011 (!
b11010001000001100001101010111110 G
b11001011111111010001000000100111 G
1*!
b1000011100111101110101000111100 G
b10000111 +!
1x
b10000111 y
#5920000
0$
1'
b10000111 (
1{
b10000111 a
1`
0]
1c
#5925000
1$
1]
b1 f
b10 d
b10011000 )
b10 ,
#5926000
b1 >
b10 ?
b10100 (!
b100010011000101001111000001101 G
b101001000011000011100101101010 G
b10110111000111100101101111100011 G
b1101110 +!
b1101110 y
#5930000
0$
b1101110 (
b1101110 a
0]
#5935000
1$
1]
b10 f
b1 d
b10110010 )
b1 ,
#5936000
b10 >
b1 ?
b10101 (!
b10001001110111010001101111001000 G
b10111100010000000110011100101001 G
b1101011111110001011000011010110 G
b11010111 +!
b11010111 y
#5940000
0$
b11010111 (
b11010111 a
0]
#5945000
1$
1]
b11 f
b0 d
1*
b1011010 )
b0 ,
0c
#5946000
b11 >
b0 ?
b10110 (!
b11000111111101100111100101011111 G
b11101111010000000010000010100 G
b10111111000101000100100000000101 G
b1111110 +!
b1111110 y
#5950000
0$
b1111110 (
0{
b11 C
b1111110 a
0]
#5955000
1$
1]
#5956000
b10111 (!
b1010010111010101110110100000010 G
b1000001001010101110010010011011 G
b1000001100011111110111100100000 G
b10000011 +!
b10000011 y
#5960000
0$
b10000011 (
b100 C
b10000011 a
0]
#5965000
1$
1]
#5966000
b11000 (!
b10111110100001110001110010100001 G
1)!
b10001011010001110001100111101110 G
b111110001011101101100110010111 G
b1111100 +!
1w
b1111100 y
#5970000
0$
1&
b1111100 (
1z
b11 E
b1111100 a
1_
0]
1b
#5975000
1$
1]
b1 d
b100 e
b1111100 j
b1111100 )
0*
b1 ,
1c
#5976000
b1111100 0
b100 =
b1 ?
b11001 (!
b110001001111110100011101100 G
0)!
b11011101101101011000000011111101 G
b1000010111000100010001110011010 G
b10000101 +!
0w
b10000101 y
#5980000
0$
0&
b10000101 (
0z
1{
b10000101 a
0_
0]
0b
#5985000
1$
1]
b100 f
b0 d
1*
b11011 )
b0 ,
0c
#5986000
b100 >
b0 ?
b11010 (!
b101110011111110101010001010011 G
b111100100011011110101111000 G
b110011110010111101000100011001 G
b1100111 +!
b1100111 y
#5990000
0$
b1100111 (
0{
b101 C
b1100111 a
0]
#5995000
1$
1]
#5996000
b11011 (!
b10100100111011011011011000000110 G
b11011010100111110001000011001111 G
b110110000010011111100011000100 G
b1101100 +!
b1101100 y
#6000000
0$
b1101100 (
b110 C
b1101100 a
0]
#6005000
1$
1]
#6006000
b11100 (!
b11000000011000100010100011110101 G
b110011101001000011110100110010 G
b11101110110100101000101100001011 G
b11011101 +!
b11011101 y
#6010000
0$
b11011101 (
b111 C
b11011101 a
0]
#6015000
1$
1]
#6016000
b11101 (!
b1111010101100111110011011010000 G
b1001011100110000110010010010001 G
0*!
b10101010101101001110010100011110 G
b1010101 +!
0x
b1010101 y
#6020000
0$
0'
b1010101 (
b1010101 a
0`
0]
#6025000
1$
1]
#6026000
b11110 (!
b11000111100110111111111100000111 G
b11000010111001011001001110011100 G
1*!
b1001101111100100001111111101101 G
b10011011 +!
1x
b10011011 y
#6030000
0$
1'
b10011011 (
b1000 C
b10011011 a
1`
0]
#6035000
1$
1]
#6036000
b11111 (!
b11010110011011111001100111001010 G
b11111011111101110110100011000011 G
0*!
b10111110001100111100101100101000 G
b1111100 +!
0x
b1111100 y
#6040000
0$
0'
b1111100 (
b1111100 a
0`
0]
#6045000
1$
1]
#6046000
b100000 (!
b10111011111100101011011100001001 G
b10001011101100010000011100110110 G
1*!
b11100001010101101000010000111111 G
b11000010 +!
1x
b11000010 y
#6050000
0$
1'
b11000010 (
b1001 C
b11000010 a
1`
0]
#6055000
1$
1]
#6056000
b100001 (!
b1011011001111100001100101110100 G
b1010001011110010100010111100101 G
0*!
b10101100100011101001100101100010 G
b1011001 +!
0x
b1011001 y
#6060000
0$
0'
b1011001 (
b1011001 a
0`
0]
#6065000
1$
1]
#6066000
b100010 (!
b101010111001100110101111011 G
b11001111001110101100101010000000 G
b10111000110111001010100010000001 G
b1110001 +!
b1110001 y
#6070000
0$
b1110001 (
b1110001 a
0]
#6075000
1$
1]
#6076000
b100011 (!
b11100101110000100111110001001110 G
1)!
b1011001010110111000000001110111 G
1*!
b10110100010000101110101001001100 G
b1101000 +!
1w
1x
b1101000 y
#6080000
0$
1&
1'
b1101000 (
1z
b100 E
b1101000 a
1`
1_
0]
1b
#6085000
1$
1]
b1 d
b101 e
b1101000 k
b1101000 )
0*
b1 ,
1c
#6086000
b1101000 1
b101 =
b1 ?
b100100 (!
b10101001110001110111101011011101 G
b10010000110101111001101111111010 G
b10001011100011011001100100110011 G
b10111 +!
b10111 y
#6090000
0$
b10111 (
1{
b1000001 F
b10111 a
0]
#6095000
1$
1]
b101 f
b110 e
b10111 l
b10111 )
#6096000
b10111 2
b110 =
b10 ?
b101 >
b1 ?
b100101 (!
b10001010010111100100010011011000 G
0)!
b11011011110101000001100011111001 G
0*!
b11100111000101011010010001100110 G
b11001110 +!
0w
0x
b11001110 y
#6100000
0$
0&
0'
b11001110 (
0z
0{
b11001110 a
0`
0_
0]
0b
0c
#6105000
1$
1]
#6106000
b100110 (!
b11001010000100111101001110101111 G
b10100111010011110110011000100100 G
1*!
b1101000111010001001111011010101 G
b11010001 +!
1x
b11010001 y
#6110000
0$
1'
b11010001 (
1{
b11010001 a
1`
0]
1c
#6115000
1$
1]
b110 f
b0 d
1*
b11100010 )
b0 ,
0c
#6116000
b110 >
b0 ?
b100111 (!
b1110001001011010000000110010010 G
1)!
b11101011101100001010101111101011 G
b1100001000111111001101000110000 G
b11000010 +!
1w
b11000010 y
#6120000
0$
1&
b11000010 (
1z
0{
b101 E
b11000010 a
1_
0]
1b
#6125000
1$
1]
b1 d
b111 e
b11000010 m
b11000010 )
0*
b1 ,
1c
#6126000
b11000010 3
b111 =
b1 ?
b101000 (!
b11111011010100101110100001110001 G
0)!
b1011111101000101101111101111110 G
b10111010010001000101110111100111 G
b1110100 +!
0w
b1110100 y
#6130000
0$
0&
b1110100 (
0z
1{
b1110100 a
0_
0]
0b
#6135000
1$
1]
b111 f
b0 d
1*
b1001011 )
b0 ,
0c
#6136000
b111 >
b0 ?
b101001 (!
b11111111011010101110110011111100 G
b11100011101001001001000111001101 G
b110111111111010010101000101010 G
b1101111 +!
b1101111 y
#6140000
0$
b1101111 (
0{
b1010 C
b1101111 a
0]
#6145000
1$
1]
#6146000
b101010 (!
b11011011000010001110010110100011 G
b10111111011011000010101010001000 G
b11110010010011101111011011101001 G
b11100100 +!
b11100100 y
#6150000
0$
b11100100 (
b1011 C
b11100100 a
0]
#6155000
1$
1]
#6156000
b101011 (!
b10101011101000110110010110 G
1)!
b10010000100011011111111100011111 G
b11110110110010001101111011010100 G
b11101101 +!
1w
b11101101 y
#6160000
0$
1&
b11101101 (
1z
b110 E
b11101101 a
1_
0]
1b
#6165000
1$
1]
b1 d
b1000 e
b11101101 n
b11101101 )
0*
b1 ,
1c
#6166000
b11101101 4
b1000 =
b1 ?
b101100 (!
b10110000111111110011001111000101 G
b11100101110000100111010111000010 G
b1010010011101010010011001011011 G
b10100100 +!
b10100100 y
#6170000
0$
b10100100 (
1{
b1000010 F
b10100100 a
0]
#6175000
1$
1]
b1000 f
b1001 e
b10100100 o
b10100100 )
#6176000
b10100100 5
b1001 =
b10 ?
b1000 >
b1 ?
b101101 (!
b100001000111010101010111100000 G
b1010111101110100010010001100001 G
b11011000010010010000111010101110 G
b10110000 +!
b10110000 y
#6180000
0$
b10110000 (
b1000011 F
b10110000 a
0]
#6185000
1$
1]
b1001 f
b1010 e
b10110000 p
b10110000 )
#6186000
b10110000 6
b1010 =
b10 ?
b1001 >
b1 ?
b101110 (!
b11110110111011011001011101010111 G
0)!
b1100100010010001001101110101100 G
b10011001101110000110010010111101 G
b110011 +!
0w
b110011 y
#6190000
0$
0&
b110011 (
0z
b110011 a
0_
0]
0b
#6195000
1$
1]
b1010 f
b0 d
1*
b10000011 )
b0 ,
0c
#6196000
b1010 >
b0 ?
b101111 (!
b11011010100000110100010001011010 G
1)!
b11101001111100000100111000010011 G
b11010111011110000111110000111000 G
b10101110 +!
1w
b10101110 y
#6200000
0$
1&
b10101110 (
1z
0{
b111 E
b10101110 a
1_
0]
1b
#6205000
1$
1]
b1 d
b1011 e
b10101110 q
b10101110 )
0*
b1 ,
1c
#6206000
b10101110 7
b1011 =
b1 ?
b110000 (!
b100110000000100101000011011001 G
0)!
b11011110110011101100001011000110 G
b10101110001111000000011010001111 G
b1011100 +!
0w
b1011100 y
#6210000
0$
0&
b1011100 (
0z
1{
b1011100 a
0_
0]
0b
#6215000
1$
1]
b1011 f
b0 d
1*
b1110001 )
b0 ,
0c
#6216000
b1011 >
b0 ?
b110001 (!
b10011000111101011000001110000100 G
1)!
b1110111110011000000010010110101 G
b1001111010100011111010111110010 G
b10011110 +!
1w
b10011110 y
#6220000
0$
1&
b10011110 (
1z
0{
b1000 E
b10011110 a
1_
0]
1b
#6225000
1$
1]
b1 d
b1100 e
b10011110 r
b10011110 )
0*
b1 ,
1c
#6226000
b10011110 8
b1100 =
b1 ?
b110010 (!
b10100100000100010011110011001011 G
0)!
b1111110101011101111110110010000 G
b1010010100100010101110001010001 G
b10100101 +!
0w
b10100101 y
#6230000
0$
0&
b10100101 (
0z
1{
b10100101 a
0_
0]
0b
#6235000
1$
1]
b1100 f
b0 d
1*
b10010001 )
b0 ,
0c
#6236000
b1100 >
b0 ?
b110011 (!
b11011100011010000000100111011110 G
1)!
b11010001101011100010110011000111 G
b11101101100001101111011001011100 G
b11011011 +!
1w
b11011011 y
#6240000
0$
1&
b11011011 (
1z
0{
b1001 E
b11011011 a
1_
0]
1b
#6245000
1$
1]
b1 d
b1101 e
b11011011 s
b11011011 )
0*
b1 ,
1c
#6246000
b11011011 9
b1101 =
b1 ?
b110100 (!
b101111100011111001110101101 G
0)!
b11111111110011001110101010001010 G
b101001100010101101001010000011 G
b1010011 +!
0w
b1010011 y
#6250000
0$
0&
b1010011 (
0z
1{
b1010011 a
0_
0]
0b
#6255000
1$
1]
b1101 f
b0 d
1*
b111100 )
b0 ,
0c
#6256000
b1101 >
b0 ?
b110101 (!
b100011010111100011100111101000 G
1)!
b1010101010011010010011011001001 G
0*!
b1100000100010010100001111110110 G
b11000001 +!
1w
0x
b11000001 y
#6260000
0$
1&
0'
b11000001 (
1z
0{
b11000001 a
0`
1_
0]
1b
#6265000
1$
1]
b1 d
b1110 e
b11000001 t
b11000001 )
0*
b1 ,
#6266000
b11000001 :
b1110 =
b1 ?
b110110 (!
b10001010010101001110100111111111 G
0)!
b11111111111000000101010000110100 G
1*!
b10011111000111100001000110100101 G
b111110 +!
0w
1x
b111110 y
#6270000
0$
0&
1'
b111110 (
0z
1{
b111110 a
1`
0_
0]
0b
1c
#6275000
1$
1]
b1110 f
b0 d
1*
b1101110 )
b0 ,
0c
#6276000
b1110 >
b0 ?
b110111 (!
b11100111101000001000100010 G
b1110100101010111110111100111011 G
b11000000011111001000101000000 G
b110000 +!
b110000 y
#6280000
0$
b110000 (
0{
b1100 C
b110000 a
0]
#6285000
1$
1]
#6286000
b111000 (!
b10100000000101111001000001000001 G
b11110101011100101101000100001110 G
b110010100111010001111000110111 G
b1100101 +!
b1100101 y
#6290000
0$
b1100101 (
b1101 C
b1100101 a
0]
#6295000
1$
1]
#6296000
b111001 (!
b10100000100100001111110100001100 G
b11101110000000000011111010011101 G
b11010111111111010001110010111010 G
b10101111 +!
b10101111 y
#6300000
0$
b10101111 (
b1110 C
b10101111 a
0]
#6305000
1$
1]
#6306000
b111010 (!
b11101100110111110111001011110011 G
b1111010101110000110001110011000 G
b110010011100111100010111001 G
b1100 +!
b1100 y
#6310000
0$
b1100 (
b1111 C
b1100 a
0]
#6315000
1$
1]
#6316000
b111011 (!
b10000001101100010001000100100110 G
b11101001110011111010100101101111 G
b1110000010101000101000011100100 G
b11100000 +!
b11100000 y
#6320000
0$
b11100000 (
b10000 C
b11100000 a
0]
#6325000
1$
1]
#6326000
b111100 (!
b10001100100001000101101010010101 G
b10011001001010110001101001010010 G
b11110010001011000011110110101011 G
b11100100 +!
b11100100 y
#6330000
0$
b11100100 (
b10001 C
b11100100 a
0]
#6335000
1$
1]
#6336000
b111101 (!
b1101010001110100001000011110000 G
b10100010010111100000000110001 G
b11011001100111000110010000111110 G
b10110011 +!
b10110011 y
#6340000
0$
b10110011 (
b10010 C
b10110011 a
0]
#6345000
1$
1]
#6346000
b111110 (!
b10010111100100010110101110100111 G
b101101100100011010111110111100 G
b10010011010100100100010110001101 G
b100110 +!
b100110 y
#6350000
0$
b100110 (
b10011 C
b100110 a
0]
#6355000
1$
1]
#6356000
b111111 (!
b1101011111101101101101011101010 G
b11011000101101010010111101100011 G
b11101011111000011111100101001000 G
b11010111 +!
b11010111 y
#6360000
0$
b11010111 (
b10100 C
b11010111 a
0]
#6365000
1$
1]
#6366000
b1000000 (!
b1010110111001010100011010101001 G
b10000000110110010010101001010110 G
b1011111011000110100010011011111 G
b10111110 +!
b10111110 y
#6370000
0$
b10111110 (
b10101 C
b10111110 a
0]
#6375000
1$
1]
#6376000
b1000001 (!
b10110001110111000111100110010100 G
b11001010011011101111110000101 G
b10111001110101011111010000010 G
b101110 +!
b101110 y
#6380000
0$
b101110 (
b10110 C
b101110 a
0]
#6385000
1$
1]
#6386000
b1000010 (!
b1010100001110010010100000011011 G
b10000000111010010111110010100000 G
b10010010111011001110110000100001 G
b100101 +!
b100101 y
#6390000
0$
b100101 (
b10111 C
b100101 a
0]
#6395000
1$
1]
#6396000
b1000011 (!
b10011011110101111100001101101110 G
b10000100001000100001010100010111 G
0*!
b10011111011101000000111001101100 G
b111110 +!
0x
b111110 y
#6400000
0$
0'
b111110 (
b111110 a
0`
0]
#6405000
1$
1]
#6406000
b1000100 (!
b10100011000101110000100001111101 G
b11001101010111010010010100011010 G
1*!
b1010011100100110000011111010011 G
b10100111 +!
1x
b10100111 y
#6410000
0$
1'
b10100111 (
b11000 C
b10100111 a
1`
0]
#6415000
1$
1]
#6416000
b1000101 (!
b1101011111101011111101011111000 G
1)!
b11101100101100001001000010011001 G
b10001010101001000111110000110 G
b100010 +!
1w
b100010 y
#6420000
0$
1&
b100010 (
1z
b1010 E
b100010 a
1_
0]
1b
#6425000
1$
1]
b1 d
b1111 e
b100010 u
b100010 )
0*
b1 ,
1c
#6426000
b100010 ;
b1111 =
b1 ?
b1000110 (!
b10111011100001101011110001001111 G
0)!
b10111110110000111100111001000100 G
b10000010100010011010000001110101 G
b101 +!
0w
b101 y
#6430000
0$
0&
b101 (
0z
1{
b101 a
0_
0]
0b
#6435000
1$
1]
b1111 f
b0 d
1*
b11010010 )
b0 ,
0c
#6436000
b1111 >
b0 ?
b1000111 (!
b100101110100000110111010110010 G
b1001100001110011010111010001011 G
b10100110100110001101010001010000 G
b1001101 +!
b1001101 y
#6440000
0$
b1001101 (
0{
b11001 C
b1001101 a
0]
#6445000
1$
1]
#6446000
b1001000 (!
b11111111011110100001010000010001 G
b11011011110101111110111010011110 G
b11110001101001100001101010000111 G
b11100011 +!
b11100011 y
#6450000
0$
b11100011 (
b11010 C
b11100011 a
0]
#6455000
1$
1]
#6456000
b1001001 (!
b1011111000110001100100011100 G
b100110001111011000011101101101 G
b1000110100100101111101101001010 G
b10001101 +!
b10001101 y
#6460000
0$
b10001101 (
b11011 C
b10001101 a
0]
#6465000
1$
1]
#6466000
b1001010 (!
b11110101101111111111110001000011 G
b10000110110011110110100010101000 G
b11100101000011110101011010001001 G
b11001010 +!
b11001010 y
#6470000
0$
b11001010 (
b11100 C
b11001010 a
0]
#6475000
1$
1]
#6476000
b1001011 (!
b10001011001101100100000010110110 G
b1111100011100010000111110111111 G
b1110100000101010100111011110100 G
b11101000 +!
b11101000 y
#6480000
0$
b11101000 (
b11101 C
b11101000 a
0]
#6485000
1$
1]
#6486000
b1001100 (!
b1011001000001101001110101100101 G
1)!
b111101101011110010101011100010 G
b1110101010101001101000011111011 G
b11101010 +!
1w
b11101010 y
#6490000
0$
1&
b11101010 (
1z
b1011 E
b11101010 a
1_
0]
1b
#6495000
1$
1]
b1 d
b0 e
b11101010 v
b11101010 )
0*
b1 ,
1c
#6496000
b11101010 <
b0 =
b1 ?
b1001101 (!
b10100100000110001100000000000 G
0)!
b101101001100100011100000000001 G
b11110110000011111110010111001110 G
b11101100 +!
0w
b11101100 y
#6500000
0$
0&
b11101100 (
0z
1{
b11101100 a
0_
0]
0b
#6505000
1$
1]
b0 f
b0 d
1*
b10100000 )
b0 ,
0c
#6506000
b0 >
b0 ?
b1001110 (!
b10111111001101000111101111110111 G
1)!
b1000011010010011100111111001100 G
b1110001011101001100001001011101 G
b11100010 +!
1w
b11100010 y
#6510000
0$
1&
b11100010 (
1z
0{
b1100 E
b11100010 a
1_
0]
1b
#6515000
1$
1]
b1 d
b1 e
b11100010 g
b11100010 )
0*
b1 ,
1c
#6516000
b11100010 -
b1 =
b1 ?
b1001111 (!
b10001010101110110101110101111010 G
0)!
b11111001010000110000110010110011 G
b1111000010010100001001011000 G
b11110 +!
0w
b11110 y
#6520000
0$
0&
b11110 (
0z
1{
b11110 a
0_
0]
0b
#6525000
1$
1]
b1 f
b0 d
1*
b10011000 )
b0 ,
0c
#6526000
b1 >
b0 ?
b1010000 (!
b11000101001000001001100001111001 G
b11011010100010011110111100110 G
b111110000110010011111100101111 G
b1111100 +!
b1111100 y
#6530000
0$
b1111100 (
0{
b11110 C
b1111100 a
0]
#6535000
1$
1]
#6536000
b1010001 (!
b1000001100110111111101110100100 G
1)!
b1110001010100111101011001010101 G
b11011000010110011111001100010010 G
b10110000 +!
1w
b10110000 y
#6540000
0$
1&
b10110000 (
1z
b1101 E
b10110000 a
1_
0]
1b
#6545000
1$
1]
b1 d
b10 e
b10110000 h
b10110000 )
0*
b1 ,
1c
#6546000
b10110000 .
b10 =
b1 ?
b1010010 (!
b11000100011100011000111101101011 G
b10100010101000110100011110110000 G
b11001111000101000101011111110001 G
b10011110 +!
b10011110 y
#6550000
0$
b10011110 (
1{
b1000100 F
b10011110 a
0]
#6555000
1$
1]
b10 f
b11 e
b10011110 i
b10011110 )
#6556000
b10011110 /
b11 =
b10 ?
b10 >
b1 ?
b1010011 (!
b110011101100101010100011111110 G
0)!
b100001101001000011100101100111 G
0*!
b10000000110100110011001001111100 G
b1 +!
0w
0x
b1 y
#6560000
0$
0&
0'
b1 (
0z
0{
b1 a
0`
0_
0]
0b
0c
#6565000
1$
1]
#6566000
b1010100 (!
b10101001010111011100101001101 G
b11100101101110010100101110101010 G
b10101001111000110011100100100011 G
b1010011 +!
b1010011 y
#6570000
0$
b1010011 (
b1010011 a
0]
#6575000
1$
1]
#6576000
b1010101 (!
b11001101111111101000100000001000 G
1)!
b1101001110000110101011001101001 G
b11110011001110001000011100010110 G
b11100110 +!
1w
b11100110 y
#6580000
0$
1&
b11100110 (
1z
b11100110 a
1_
0]
1b
#6585000
1$
1]
b10 d
b100 e
b11100110 j
b10 ,
#6586000
b11100110 0
b100 =
b10 ?
b1010110 (!
b101010001101100100101010011111 G
b11011001111000101101010001010100 G
1*!
b11010011110000000100101101000101 G
b10100111 +!
1x
b10100111 y
#6590000
0$
1'
b10100111 (
1{
b1000101 F
b10100111 a
1`
0]
1c
#6595000
1$
1]
b11 f
b101 e
b10100111 k
b11100110 )
#6596000
b10100111 1
b101 =
b11 ?
b11 >
b10 ?
b1010111 (!
b10100000000100111100011101000010 G
b11111000001101101110100111011011 G
b1110111101101000110001101100000 G
b11101111 +!
b11101111 y
#6600000
0$
b11101111 (
b1000110 F
b11101111 a
0]
#6605000
1$
1]
b100 f
b110 e
b11101111 l
b10100111 )
#6606000
b11101111 2
b110 =
b11 ?
b100 >
b10 ?
b1011000 (!
b1100111110111110111001111100001 G
0)!
b11111010101100110011100000101110 G
b10011100011000101001011010111 G
b100111 +!
0w
b100111 y
#6610000
0$
0&
b100111 (
0z
b100111 a
0_
0]
0b
#6615000
1$
1]
b101 f
b1 d
b11101111 )
b1 ,
#6616000
b101 >
b1 ?
b1011001 (!
b11010011010100100000100101100 G
b11001101100100010110110000111101 G
b1101100001011111100010111011010 G
b11011000 +!
b11011000 y
#6620000
0$
b11011000 (
b11011000 a
0]
#6625000
1$
1]
b110 f
b0 d
1*
b11000010 )
b0 ,
0c
#6626000
b110 >
b0 ?
b1011010 (!
b11010101001001111000000110010011 G
b110011110010100011100110111000 G
0*!
b11110111100101101001000001011001 G
b11101111 +!
0x
b11101111 y
#6630000
0$
0'
b11101111 (
0{
b11101111 a
0`
0]
#6635000
1$
1]
#6636000
b1011011 (!
b1111001001111110001110001000110 G
b1101000001111110011001000001111 G
1*!
b11100010001101001101100100000100 G
b11000100 +!
1x
b11000100 y
#6640000
0$
1'
b11000100 (
b11111 C
b11000100 a
1`
0]
#6645000
1$
1]
#6646000
b1011100 (!
b10101100010110101111110000110101 G
1)!
b10011111110111111010011101110010 G
b1001000010111110000001001011 G
b10010 +!
1w
b10010 y
#6650000
0$
1&
b10010 (
1z
b1110 E
b10010 a
1_
0]
1b
#6655000
1$
1]
b1 d
b111 e
b10010 m
b10010 )
0*
b1 ,
1c
#6656000
b10010 3
b111 =
b1 ?
b1011101 (!
b10111001001100010110101100010000 G
0)!
b111010000100101000101111010001 G
0*!
b11111101110001001001001101011110 G
b11111011 +!
0w
0x
b11111011 y
#6660000
0$
0&
0'
b11111011 (
0z
b11111011 a
0`
0_
0]
0b
0c
#6665000
1$
1]
#6666000
b1011110 (!
b11000101010000111100100001000111 G
b110000101110011111101111011100 G
b1110010100101001101101100101101 G
b11100101 +!
b11100101 y
#6670000
0$
b11100101 (
b11100101 a
0]
#6675000
1$
1]
#6676000
b1011111 (!
b101011100000011100110000001010 G
1)!
b111010010101101110011000000011 G
b111010001110101011101101000 G
b1110 +!
1w
b1110 y
#6680000
0$
1&
b1110 (
1z
b1110 a
1_
0]
1b
#6685000
1$
1]
b10 d
b1000 e
b1110 n
b10 ,
#6686000
b1110 4
b1000 =
b10 ?
b1100000 (!
b11001010111110010100011001001001 G
0)!
b1111000011101111111110101110110 G
1*!
b10001101011010101111010101111111 G
b11010 +!
0w
1x
b11010 y
#6690000
0$
0&
1'
b11010 (
0z
1{
b11010 a
1`
0_
0]
0b
1c
#6695000
1$
1]
b111 f
b1 d
b1110 )
b1 ,
#6696000
b111 >
b1 ?
b1100001 (!
b10100010100111010000100110110100 G
b111010111100101110100100100101 G
b1110011100000001001001110100010 G
b11100111 +!
b11100111 y
#6700000
0$
b11100111 (
b11100111 a
0]
#6705000
1$
1]
b1000 f
b0 d
1*
b10100100 )
b0 ,
0c
#6706000
b1000 >
b0 ?
b1100010 (!
b10011001000101110111001010111011 G
b111011010101010101111011000000 G
b110111111011001001111111000001 G
b1101111 +!
b1101111 y
#6710000
0$
b1101111 (
0{
b100000 C
b1101111 a
0]
#6715000
1$
1]
#6716000
b1100011 (!
b1101100010110011011101010001110 G
b1100111000011001100110110111 G
0*!
b1011111001011010110001010001100 G
b10111110 +!
0x
b10111110 y
#6720000
0$
0'
b10111110 (
b10111110 a
0`
0]
#6725000
1$
1]
#6726000
b1100100 (!
b11100111111001010000011000011101 G
1)!
b1011001110100100101111000111010 G
b11111010011110000110011001110011 G
b11110100 +!
1w
b11110100 y
#6730000
0$
1&
b11110100 (
1z
b11110100 a
1_
0]
1b
#6735000
1$
1]
b1 d
b1001 e
b11110100 o
b11110100 )
0*
b1 ,
#6736000
b11110100 5
b1001 =
b1 ?
b1100101 (!
b10110000100001110000100011000 G
0)!
b1101000000010100111100000111001 G
1*!
b1010000101101100010101010100110 G
b10100001 +!
0w
1x
b10100001 y
#6740000
0$
0&
1'
b10100001 (
0z
1{
b10100001 a
1`
0_
0]
0b
1c
#6745000
1$
1]
b1001 f
b0 d
1*
b10110000 )
b0 ,
0c
#6746000
b1001 >
b0 ?
b1100110 (!
b1100101100001001010011101111 G
1)!
b10110101111001100110011001100100 G
b11000011000101110001001000010101 G
b10000110 +!
1w
b10000110 y
#6750000
0$
1&
b10000110 (
1z
0{
b1111 E
b10000110 a
1_
0]
1b
#6755000
1$
1]
b1 d
b1010 e
b10000110 p
b10000110 )
0*
b1 ,
1c
#6756000
b10000110 6
b1010 =
b1 ?
b1100111 (!
b1110111011110011000101111010010 G
0)!
b1100100010000001010000100101011 G
b110001000110110011111001110000 G
b1100010 +!
0w
b1100010 y
#6760000
0$
0&
b1100010 (
0z
1{
b1100010 a
0_
0]
0b
#6765000
1$
1]
b1010 f
b0 d
1*
b10101110 )
b0 ,
0c
#6766000
b1010 >
b0 ?
b1101000 (!
b11110011011011001010111110110001 G
b100010101001011010110110111110 G
b11010110001111001100011100100111 G
b10101100 +!
b10101100 y
#6770000
0$
b10101100 (
0{
b100001 C
b10101100 a
0]
#6775000
1$
1]
#6776000
b1101001 (!
b1101011111011110111010100111100 G
b1100111100001110110100001101 G
b10000110000001000111110001101010 G
b1100 +!
b1100 y
#6780000
0$
b1100 (
b100010 C
b1100 a
0]
#6785000
1$
1]
#6786000
b1101010 (!
b1000010100110000001011100011 G
1)!
b11100100100000011101011011001000 G
0*!
b1101010101010010010011000101001 G
b11010101 +!
1w
0x
b11010101 y
#6790000
0$
1&
0'
b11010101 (
1z
b11010101 a
0`
1_
0]
1b
#6795000
1$
1]
b1 d
b1011 e
b11010101 q
b11010101 )
0*
b1 ,
#6796000
b11010101 7
b1011 =
b1 ?
b1101011 (!
b100110100011001010001111010110 G
0)!
b10100110110001110001000001011111 G
1*!
b10111001100110111110111100010100 G
b1110011 +!
0w
1x
b1110011 y
#6800000
0$
0&
1'
b1110011 (
0z
1{
b1110011 a
1`
0_
0]
0b
1c
#6805000
1$
1]
b1011 f
b0 d
1*
b10011110 )
b0 ,
0c
#6806000
b1011 >
b0 ?
b1101100 (!
b1111100000101100111011100000101 G
b11111001000011011001000000000010 G
b10110000001011100110101110011011 G
b1100000 +!
b1100000 y
#6810000
0$
b1100000 (
0{
b100011 C
b1100000 a
0]
#6815000
1$
1]
#6816000
b1101101 (!
b11011100001111100000101000100000 G
1)!
b10001110010100011011101110100001 G
b11011001100110110110110011101110 G
b10110011 +!
1w
b10110011 y
#6820000
0$
1&
b10110011 (
1z
b10000 E
b10110011 a
1_
0]
1b
#6825000
1$
1]
b1 d
b1100 e
b10110011 r
b10110011 )
0*
b1 ,
1c
#6826000
b10110011 8
b1100 =
b1 ?
b1101110 (!
b10010010111011000101000010010111 G
0)!
b11110111111010110011001111101100 G
b10101100111001111000111111111101 G
b1011001 +!
0w
b1011001 y
#6830000
0$
0&
b1011001 (
0z
1{
b1011001 a
0_
0]
0b
#6835000
1$
1]
b1100 f
b0 d
1*
b11011011 )
b0 ,
0c
#6836000
b1100 >
b0 ?
b1101111 (!
b11000111101110110010011010011010 G
1)!
b10011000011011011011101101010011 G
b1011101101101010011100001111000 G
b10111011 +!
1w
b10111011 y
#6840000
0$
1&
b10111011 (
1z
0{
b10001 E
b10111011 a
1_
0]
1b
#6845000
1$
1]
b1 d
b1101 e
b10111011 s
b10111011 )
0*
b1 ,
1c
#6846000
b10111011 9
b1101 =
b1 ?
b1110000 (!
b1110110011101000101000000011001 G
0)!
b10011010011100110100100000110 G
b11011010001001010110011111001111 G
b10110100 +!
0w
b10110100 y
#6850000
0$
0&
b10110100 (
0z
1{
b10110100 a
0_
0]
0b
#6855000
1$
1]
b1101 f
b0 d
1*
b11000001 )
b0 ,
0c
#6856000
b1101 >
b0 ?
b1110001 (!
b11111110000010001010001111000100 G
b10000001000000000001011111110101 G
b1100110001111111010000000110010 G
b11001100 +!
b11001100 y
#6860000
0$
b11001100 (
0{
b100100 C
b11001100 a
0]
#6865000
1$
1]
#6866000
b1110010 (!
b10111100010001111101001000001011 G
b111101001110001100000111010000 G
b10101010000110101100001110010001 G
b1010100 +!
b1010100 y
#6870000
0$
b1010100 (
b100101 C
b1010100 a
0]
#6875000
1$
1]
#6876000
b1110011 (!
b1010110111011011111100000011110 G
b10101010010001110011011000000111 G
b101110110010111001111010011100 G
b1011101 +!
b1011101 y
#6880000
0$
b1011101 (
b100110 C
b1011101 a
0]
#6885000
1$
1]
#6886000
b1110100 (!
b1101110101101111110111011101101 G
b11101111010110010101110011001010 G
b10010001000011111000111111000011 G
b100010 +!
b100010 y
#6890000
0$
b100010 (
b100111 C
b100010 a
0]
#6895000
1$
1]
#6896000
b1110101 (!
b10000011100001100000011000101000 G
b100110110010101111011000001001 G
0*!
b1010101000011100111101000110110 G
b10101010 +!
0x
b10101010 y
#6900000
0$
0'
b10101010 (
b10101010 a
0`
0]
#6905000
1$
1]
#6906000
b1110110 (!
b1010011000000101001101100111111 G
b110110001101111000010001110100 G
1*!
b11000000101000101111010011100101 G
b10000001 +!
1x
b10000001 y
#6910000
0$
1'
b10000001 (
b101000 C
b10000001 a
1`
0]
#6915000
1$
1]
#6916000
b1110111 (!
b1111101110100101011110001100010 G
b110001101100111101010001111011 G
b11000011010001100110010110000000 G
b10000110 +!
b10000110 y
#6920000
0$
b10000110 (
b101001 C
b10000110 a
0]
#6925000
1$
1]
#6926000
b1111000 (!
b1011000000001101100011110000001 G
b10011101000100000100111101001110 G
b11101001011001000111011101110111 G
b11010010 +!
b11010010 y
#6930000
0$
b11010010 (
b101010 C
b11010010 a
0]
#6935000
1$
1]
#6936000
b1111001 (!
b1110110111110111011010101001100 G
1)!
b11000101000100010000100111011101 G
b10110110000000100001111011111010 G
b1101100 +!
1w
b1101100 y
#6940000
0$
1&
b1101100 (
1z
b10010 E
b1101100 a
1_
0]
1b
#6945000
1$
1]
b1 d
b1110 e
b1101100 t
b1101100 )
0*
b1 ,
1c
#6946000
b1101100 :
b1110 =
b1 ?
b1111010 (!
b11111010001111111000000000110011 G
b11110100011110011111111011000 G
b11111110110011000001011111111001 G
b11111101 +!
b11111101 y
#6950000
0$
b11111101 (
1{
b1000111 F
b11111101 a
0]
#6955000
1$
1]
b1110 f
b1111 e
b11111101 u
b11111101 )
#6956000
b11111101 ;
b1111 =
b10 ?
b1110 >
b1 ?
b1111011 (!
b1111110100111111101011101100110 G
0)!
b1011011010101011010101010101111 G
b100111111100111001000100100100 G
b1001111 +!
0w
b1001111 y
#6960000
0$
0&
b1001111 (
0z
b1001111 a
0_
0]
0b
#6965000
1$
1]
b1111 f
b0 d
1*
b11101010 )
b0 ,
0c
#6966000
b1111 >
b0 ?
b1111100 (!
b11101101100011100000110111010101 G
1)!
b1111111010010011110010010010010 G
b10010011010110010111001011101011 G
b100110 +!
1w
b100110 y
#6970000
0$
1&
b100110 (
1z
0{
b10011 E
b100110 a
1_
0]
1b
#6975000
1$
1]
b1 d
b0 e
b100110 v
b100110 )
0*
b1 ,
1c
#6976000
b100110 <
b0 =
b1 ?
b1111101 (!
b11111100011000011111010100110000 G
0)!
b1001000101001100011101110001 G
b11011001101010111001001111110 G
b110110 +!
0w
b110110 y
#6980000
0$
0&
b110110 (
0z
1{
b110110 a
0_
0]
0b
#6985000
1$
1]
b0 f
b0 d
1*
b11100010 )
b0 ,
0c
#6986000
b0 >
b0 ?
b1111110 (!
b11110011000110110001010011100111 G
b100001101001100111011111111100 G
b11011110011000011110000011001101 G
b10111100 +!
b10111100 y
#6990000
0$
b10111100 (
0{
b101011 C
b10111100 a
0]
#6995000
1$
1]
#6996000
b1111111 (!
b11101101100110000110110100101010 G
b1101101110001001000110010100011 G
b1101110001010111110010110001000 G
b11011100 +!
b11011100 y
#7000000
0$
b11011100 (
b101100 C
b11011100 a
0]
#7005000
1$
1]
#7006000
b10000000 (!
b1011001010101101011010111101001 G
b10100111100101011000000010010110 G
b1001010110101011001011000011111 G
b10010101 +!
b10010101 y
#7010000
0$
b10010101 (
b101101 C
b10010101 a
0]
#7015000
1$
1]
#7016000
b10000001 (!
b1011011110001111100100111010100 G
b1101110000100000110001011000101 G
b1011010111010000001100011000010 G
b10110101 +!
b10110101 y
#7020000
0$
b10110101 (
b101110 C
b10110101 a
0]
#7025000
1$
1]
#7026000
b10000010 (!
b10101101110111111010110101011011 G
b1000101010001100111000011100000 G
0*!
b1111110000000111100001101100001 G
b11111100 +!
0x
b11111100 y
#7030000
0$
0'
b11111100 (
b11111100 a
0`
0]
#7035000
1$
1]
#7036000
b10000011 (!
b11011101010100000110000110101110 G
b10110000000000100000111001010111 G
b11010101101101110011010101100 G
b110101 +!
b110101 y
#7040000
0$
b110101 (
b110101 a
0]
#7045000
1$
1]
#7046000
b10000100 (!
b10010100110110010111001110111101 G
b10110000101111110100011101011010 G
1*!
b10000111001001011011010100010011 G
b1110 +!
1x
b1110 y
#7050000
0$
1'
b1110 (
b101111 C
b1110 a
1`
0]
#7055000
1$
1]
#7056000
b10000101 (!
b11011000011101101111011100111000 G
b1011001000010011100111111011001 G
b10011100010000100111010111000110 G
b111000 +!
b111000 y
#7060000
0$
b111000 (
b110000 C
b111000 a
0]
#7065000
1$
1]
#7066000
b10000110 (!
b11110110111110010101110110001111 G
1)!
b11001100111111110010111010000100 G
0*!
b1001100001110001111001110110101 G
b10011000 +!
1w
0x
b10011000 y
#7070000
0$
1&
0'
b10011000 (
1z
b10011000 a
0`
1_
0]
1b
#7075000
1$
1]
b1 d
b1 e
b10011000 g
b10011000 )
0*
b1 ,
#7076000
b10011000 -
b1 =
b1 ?
b10000111 (!
b11100001101100000101100011110010 G
0)!
b111101011011000001111001011 G
b1111001011011101101100010010000 G
b11110010 +!
0w
b11110010 y
#7080000
0$
0&
b11110010 (
0z
b11110010 a
0_
0]
0b
#7085000
1$
1]
#7086000
b10001000 (!
b10110111010100101011101101010001 G
b10111100000101000001110011011110 G
1*!
b10111110011100000110001111000111 G
b1111100 +!
1x
b1111100 y
#7090000
0$
1'
b1111100 (
1{
b1111100 a
1`
0]
1c
#7095000
1$
1]
b1 f
b0 d
1*
b10110000 )
b0 ,
0c
#7096000
b1 >
b0 ?
b10001001 (!
b10011000110110000000000101011100 G
b1011110011001101100001010101101 G
0*!
b10010010110110011010110110001010 G
b100101 +!
0x
b100101 y
#7100000
0$
0'
b100101 (
0{
b100101 a
0`
0]
#7105000
1$
1]
#7106000
b10001010 (!
b1010011101010011111100110000011 G
b10011010010010110111010011101000 G
1*!
b11011000010001000110010111001001 G
b10110000 +!
1x
b10110000 y
#7110000
0$
1'
b10110000 (
b110001 C
b10110000 a
1`
0]
#7115000
1$
1]
#7116000
b10001011 (!
b1101101110011011011011110110 G
b100010111110000000000011111111 G
b10011001101001001011111100110100 G
b110011 +!
b110011 y
#7120000
0$
b110011 (
b110010 C
b110011 a
0]
#7125000
1$
1]
#7126000
b10001100 (!
b100101110101101100000010100101 G
b11110101011001011010010100100010 G
0*!
b1010000111010011111011000111011 G
b10100001 +!
0x
b10100001 y
#7130000
0$
0'
b10100001 (
b10100001 a
0`
0]
#7135000
1$
1]
#7136000
b10001101 (!
b10100011000101100010110001000000 G
b11100101010000001010111101000001 G
1*!
b10001100111100111010010000001110 G
b11001 +!
1x
b11001 y
#7140000
0$
1'
b11001 (
b110011 C
b11001 a
1`
0]
#7145000
1$
1]
#7146000
b10001110 (!
b11100010011111010001010100110111 G
b11001101011101001100100000001100 G
b111100101110001100110110011101 G
b1111001 +!
b1111001 y
#7150000
0$
b1111001 (
b110100 C
b1111001 a
0]
#7155000
1$
1]
#7156000
b10001111 (!
b11010000000010101001111110111010 G
1)!
b11000010010110000101100111110011 G
b1110111010001000101111010011000 G
b11101110 +!
1w
b11101110 y
#7160000
0$
1&
b11101110 (
1z
b10100 E
b11101110 a
1_
0]
1b
#7165000
1$
1]
b1 d
b10 e
b11101110 h
b11101110 )
0*
b1 ,
1c
#7166000
b11101110 .
b10 =
b1 ?
b10010000 (!
b1011001001001010111011110111001 G
b11000001110011100100010000100110 G
b11101111110010001000000001101111 G
b11011111 +!
b11011111 y
#7170000
0$
b11011111 (
1{
b1001000 F
b11011111 a
0]
#7175000
1$
1]
b10 f
b11 e
b11011111 i
b11011111 )
#7176000
b11011111 /
b11 =
b10 ?
b10 >
b1 ?
b10010001 (!
b10110010100000110111101111100100 G
b11100011110001100100110010101 G
0*!
b10111000100010101111110101010010 G
b1110001 +!
0x
b1110001 y
#7180000
0$
0'
b1110001 (
0{
b1110001 a
0`
0]
0c
#7185000
1$
1]
b10 d
b100 e
b1110001 j
b10 ,
#7186000
b1110001 0
b100 =
b10 ?
b10010010 (!
b11010011011111000000010010101011 G
0)!
b10101011001101110110101111110000 G
1*!
b1010111110011001001111100110001 G
b10101111 +!
0w
1x
b10101111 y
#7190000
0$
0&
1'
b10101111 (
0z
1{
b10101111 a
1`
0_
0]
0b
1c
#7195000
1$
1]
b11 f
b1 d
b1110001 )
b1 ,
#7196000
b11 >
b1 ?
b10010011 (!
b1010010001000011111011100111110 G
1)!
b1110101111111110010001010100111 G
b10010100101110000011101010111100 G
b101001 +!
1w
b101001 y
#7200000
0$
1&
b101001 (
1z
b1001001 F
b101001 a
1_
0]
1b
#7205000
1$
1]
b100 f
b101 e
b101001 k
b101001 )
#7206000
b101001 1
b101 =
b10 ?
b100 >
b1 ?
b10010100 (!
b10101101001111101001010010001101 G
0)!
b1111101001101010001110111101010 G
0*!
b10011111101111101011001100011 G
b100111 +!
0w
0x
b100111 y
#7210000
0$
0&
0'
b100111 (
0z
0{
b100111 a
0`
0_
0]
0b
0c
#7215000
1$
1]
#7216000
b10010101 (!
b1101001101111001011010001001000 G
b11110101100011000000010110101001 G
1*!
b11000011000100110001110101010110 G
b10000110 +!
1x
b10000110 y
#7220000
0$
1'
b10000110 (
1{
b10000110 a
1`
0]
1c
#7225000
1$
1]
b101 f
b0 d
1*
b11101111 )
b0 ,
0c
#7226000
b101 >
b0 ?
b10010110 (!
b1001100001000011101101111011111 G
b10001011001001100110010010010100 G
b11000101011011100000111010000101 G
b10001010 +!
b10001010 y
#7230000
0$
b10001010 (
0{
b110101 C
b10001010 a
0]
#7235000
1$
1]
#7236000
b10010111 (!
b10111110011000110110000110000010 G
b11100011000010101010111100011011 G
b1001100011011001011110100000 G
b10011 +!
b10011 y
#7240000
0$
b10011 (
b110110 C
b10011 a
0]
#7245000
1$
1]
#7246000
b10011000 (!
b1101110101101011000101100100001 G
b1101010100100100001011001101110 G
b11011000100011011000110000010111 G
b10110001 +!
b10110001 y
#7250000
0$
b10110001 (
b110111 C
b10110001 a
0]
#7255000
1$
1]
#7256000
b10011001 (!
b100101100011010101100101101100 G
b10011001001001110001011101111101 G
b10110111111111000010100000011010 G
b1101111 +!
b1101111 y
#7260000
0$
b1101111 (
b111000 C
b1101111 a
0]
#7265000
1$
1]
#7266000
b10011010 (!
b1001011000011110110111011010011 G
1)!
b1010010110011110111010111111000 G
0*!
b1001111000101110000111110011001 G
b10011110 +!
1w
0x
b10011110 y
#7270000
0$
1&
0'
b10011110 (
1z
b10011110 a
0`
1_
0]
1b
#7275000
1$
1]
b1 d
b110 e
b10011110 l
b10011110 )
0*
b1 ,
#7276000
b10011110 2
b110 =
b1 ?
b10011011 (!
b10010000110110110100001010000110 G
0)!
b1100100011110110001001101001111 G
b11001001110110000111100101000100 G
b10010011 +!
0w
b10010011 y
#7280000
0$
0&
b10010011 (
0z
b10010011 a
0_
0]
0b
#7285000
1$
1]
#7286000
b10011100 (!
b11001110001011000111101110101 G
b111010111100011101000110110010 G
1*!
b1001100111111001111010110001011 G
b10011001 +!
1x
b10011001 y
#7290000
0$
1'
b10011001 (
1{
b10011001 a
1`
0]
1c
#7295000
1$
1]
b110 f
b0 d
1*
b10010 )
b0 ,
0c
#7296000
b110 >
b0 ?
b10011101 (!
b1110100100100111010111101010000 G
b10001001011110100111001100010001 G
b11000001111101110000000110011110 G
b10000011 +!
b10000011 y
#7300000
0$
b10000011 (
0{
b111001 C
b10000011 a
0]
#7305000
1$
1]
#7306000
b10011110 (!
b11011111011111110101000110000111 G
b11000001100111110010010000011100 G
b1000101011000010101011001101101 G
b10001010 +!
b10001010 y
#7310000
0$
b10001010 (
b111010 C
b10001010 a
0]
#7315000
1$
1]
#7316000
b10011111 (!
b11010110110000101011111001001010 G
b10011011111001100010001101000011 G
b10101010010101111010001110101000 G
b1010100 +!
b1010100 y
#7320000
0$
b1010100 (
b111011 C
b1010100 a
0]
#7325000
1$
1]
#7326000
b10100000 (!
b1111111001001011001010110001001 G
b1001111001110011011001110110110 G
b10011000010110010011010111111 G
b100110 +!
b100110 y
#7330000
0$
b100110 (
b111100 C
b100110 a
0]
#7335000
1$
1]
#7336000
b10100001 (!
b11110111101001001011100111110100 G
1)!
b1100110010011100100110001100101 G
b110010111110010100110111100010 G
b1100101 +!
1w
b1100101 y
#7340000
0$
1&
b1100101 (
1z
b10101 E
b1100101 a
1_
0]
1b
#7345000
1$
1]
b1 d
b111 e
b1100101 m
b1100101 )
0*
b1 ,
1c
#7346000
b1100101 3
b111 =
b1 ?
b10100010 (!
b11001000011110011101011111111011 G
b10010001100001001011001100000000 G
0*!
b11110111010110100101011100000001 G
b11101110 +!
0x
b11101110 y
#7350000
0$
0'
b11101110 (
b11101110 a
0`
0]
0c
#7355000
1$
1]
b10 d
b1000 e
b11101110 n
b10 ,
#7356000
b11101110 4
b1000 =
b10 ?
b10100011 (!
b110000111011100011001110 G
0)!
b1000101111010110111001011110111 G
1*!
b1100101010110001001101011001100 G
b11001010 +!
0w
1x
b11001010 y
#7360000
0$
0&
1'
b11001010 (
0z
1{
b11001010 a
1`
0_
0]
0b
1c
#7365000
1$
1]
b111 f
b1 d
b11101110 )
b1 ,
#7366000
b111 >
b1 ?
b10100100 (!
b1000010100111000101000101011101 G
b10011000101010111110000001111010 G
b11011100100000101111001110110011 G
b10111001 +!
b10111001 y
#7370000
0$
b10111001 (
b10111001 a
0]
#7375000
1$
1]
b1000 f
b0 d
1*
b11110100 )
b0 ,
0c
#7376000
b1000 >
b0 ?
b10100101 (!
b101110111100000011110101011000 G
b110110101101001011101111001 G
b11110111000000010111000011100110 G
b11101110 +!
b11101110 y
#7380000
0$
b11101110 (
0{
b111101 C
b11101110 a
0]
#7385000
1$
1]
#7386000
b10100110 (!
b1001111110010010001011000101111 G
b110000010101100010011010100100 G
b111011100101110100010101010101 G
b1110111 +!
b1110111 y
#7390000
0$
b1110111 (
b111110 C
b1110111 a
0]
#7395000
1$
1]
#7396000
b10100111 (!
b10101011111111001101011000010010 G
b1100110011010000101011001101011 G
b10100100010110111010001010110000 G
b1001000 +!
b1001000 y
#7400000
0$
b1001000 (
b111111 C
b1001000 a
0]
#7405000
1$
1]
#7406000
b10101000 (!
b11100111010101000011011011110001 G
b10111100001010110011101111111110 G
b11100101010001111000001100111 G
b111001 +!
b111001 y
#7410000
0$
b111001 (
b1000000 C
b111001 a
0]
#7415000
1$
1]
#7416000
b10101001 (!
b1110111111001001011110101111100 G
b1011101010001110000100001001101 G
b1010101100110101000111010101010 G
b10101011 +!
b10101011 y
#7420000
0$
b10101011 (
b1000001 C
b10101011 a
0]
#7425000
1$
1]
#7426000
b10101010 (!
b11110100101011001110000000100011 G
b10010101111101000100001100001000 G
b10111111000010010001010101101001 G
b1111110 +!
b1111110 y
#7430000
0$
b1111110 (
b1000010 C
b1111110 a
0]
#7435000
1$
1]
#7436000
b10101011 (!
b10000101110001010111101000010110 G
b10100000011010111110000110011111 G
b11010010011101111011111101010100 G
b10100100 +!
b10100100 y
#7440000
0$
b10100100 (
b1000011 C
b10100100 a
0]
#7445000
1$
1]
#7446000
b10101100 (!
b1011101111011110111101001000101 G
b11011100001111110110101001000010 G
b1011011110111000011011011 G
b10 +!
b10 y
#7450000
0$
b10 (
b1000100 C
b10 a
0]
#7455000
1$
1]
#7456000
b10101101 (!
b111111110100110111111001100000 G
b1011000001001110001001011100001 G
b10100110001000001000101100101110 G
b1001100 +!
b1001100 y
#7460000
0$
b1001100 (
b1000101 C
b1001100 a
0]
#7465000
1$
1]
#7466000
b10101110 (!
b111010010011101100100111010111 G
1)!
b1111011001011101000110000101100 G
b10001101100100000111101100111101 G
b11011 +!
1w
b11011 y
#7470000
0$
1&
b11011 (
1z
b10110 E
b11011 a
1_
0]
1b
#7475000
1$
1]
b1 d
b1001 e
b11011 o
b11011 )
0*
b1 ,
1c
#7476000
b11011 5
b1001 =
b1 ?
b10101111 (!
b101110001100011100100011011010 G
0)!
b1001101111010101110100010010011 G
b111011011111101011010010111000 G
b1110110 +!
0w
b1110110 y
#7480000
0$
0&
b1110110 (
0z
1{
b1110110 a
0_
0]
0b
#7485000
1$
1]
b1001 f
b0 d
1*
b10000110 )
b0 ,
0c
#7486000
b1001 >
b0 ?
b10110000 (!
b11001000010111000000111101011001 G
b101101110110001100111101000110 G
0*!
b10001000011010101000100100001111 G
b10000 +!
0x
b10000 y
#7490000
0$
0'
b10000 (
0{
b10000 a
0`
0]
#7495000
1$
1]
#7496000
b10110001 (!
b101111010101001000010000000100 G
b10110101011001011110101100110101 G
1*!
b1011010110001000000101001110010 G
b10110101 +!
1x
b10110101 y
#7500000
0$
1'
b10110101 (
b1000110 C
b10110101 a
1`
0]
#7505000
1$
1]
#7506000
b10110010 (!
b10101101111101100010011101001011 G
b11110101011001110100011000010000 G
b1000010100011110101011010001 G
b10000 +!
b10000 y
#7510000
0$
b10000 (
b1000111 C
b10000 a
0]
#7515000
1$
1]
#7516000
b10110011 (!
b10111101010101101010011001011110 G
b10101011001100111111111101000111 G
b10111011111000010000011011011100 G
b1110111 +!
b1110111 y
#7520000
0$
b1110111 (
b1001000 C
b1110111 a
0]
#7525000
1$
1]
#7526000
b10110100 (!
b11100111011001111010101000101101 G
b111011110101001000111100001010 G
b1000011100001000000110100000011 G
b10000111 +!
b10000111 y
#7530000
0$
b10000111 (
b1001001 C
b10000111 a
0]
#7535000
1$
1]
#7536000
b10110101 (!
b11010010011010101001001001101000 G
b1111011001011101000010101001001 G
b10000110010011100111000001110110 G
b1100 +!
b1100 y
#7540000
0$
b1100 (
b1001010 C
b1100 a
0]
#7545000
1$
1]
#7546000
b10110110 (!
b11111000111111000000110001111111 G
b111010111101110111010010110100 G
0*!
b111101110010011001100000100101 G
b1111011 +!
0x
b1111011 y
#7550000
0$
0'
b1111011 (
b1111011 a
0`
0]
#7555000
1$
1]
#7556000
b10110111 (!
b1001111010011011011011010100010 G
b101010001000110111100110111011 G
b101010100011111100111000000 G
b1010 +!
b1010 y
#7560000
0$
b1010 (
b1010 a
0]
#7565000
1$
1]
#7566000
b10111000 (!
b1100110000100111011111011000001 G
b1111101010000001000110110001110 G
1*!
b100001011011111001000010110111 G
b1000010 +!
1x
b1000010 y
#7570000
0$
1'
b1000010 (
b1001011 C
b1000010 a
1`
0]
#7575000
1$
1]
#7576000
b10111001 (!
b1011001110010110110001100 G
b10001010011110111001010100011101 G
b11000000101001011110000100111010 G
b10000001 +!
b10000001 y
#7580000
0$
b10000001 (
b1001100 C
b10000001 a
0]
#7585000
1$
1]
#7586000
b10111010 (!
b10010010011111110100110101110011 G
b10100010100101101110000011000 G
0*!
b1010111100111110111011100111001 G
b10101111 +!
0x
b10101111 y
#7590000
0$
0'
b10101111 (
b10101111 a
0`
0]
#7595000
1$
1]
#7596000
b10111011 (!
b10111010111110010101110110100110 G
b11000001000101110110101111101111 G
1*!
b111100001010111001000101100100 G
b1111000 +!
1x
b1111000 y
#7600000
0$
1'
b1111000 (
b1001101 C
b1111000 a
1`
0]
#7605000
1$
1]
#7606000
b10111100 (!
b11110110101010011000000100010101 G
b10100010010111110110111011010010 G
b1001101110111100110100000101011 G
b10011011 +!
b10011011 y
#7610000
0$
b10011011 (
b1001110 C
b10011011 a
0]
#7615000
1$
1]
#7616000
b10111101 (!
b1110100011101001100101110000 G
b1111111011010111000111010110001 G
b1110000100010100000010111110 G
b11100 +!
b11100 y
#7620000
0$
b11100 (
b1001111 C
b11100 a
0]
#7625000
1$
1]
#7626000
b10111110 (!
b1100100110110000111111000100111 G
b111101111011000000000000111100 G
b10010010001110110011110000001101 G
b100100 +!
b100100 y
#7630000
0$
b100100 (
b1010000 C
b100100 a
0]
#7635000
1$
1]
#7636000
b10111111 (!
b1010111100010001011111101101010 G
b11001001101000111010100111100011 G
b1110001100100101001000111001000 G
b11100011 +!
b11100011 y
#7640000
0$
b11100011 (
b1010001 C
b11100011 a
0]
#7645000
1$
1]
#7646000
b11000000 (!
b11110101100011011110010100101001 G
1)!
b10111100011011001001011011010110 G
b11111101011100111010011101011111 G
b11111010 +!
1w
b11111010 y
#7650000
0$
1&
b11111010 (
1z
b10111 E
b11111010 a
1_
0]
1b
#7655000
1$
1]
b1 d
b1010 e
b11111010 p
b11111010 )
0*
b1 ,
1c
#7656000
b11111010 6
b1010 =
b1 ?
b11000001 (!
b1111100011110111101101000010100 G
0)!
b11010011010101001010011000000101 G
0*!
b101101001111000011001100000010 G
b1011010 +!
0w
0x
b1011010 y
#7660000
0$
0&
0'
b1011010 (
0z
b1011010 a
0`
0_
0]
0b
0c
#7665000
1$
1]
#7666000
b11000010 (!
b1111010110011011111001010011011 G
b10111110110110000010010100100000 G
1*!
b11110010000110000101101010100001 G
b11100100 +!
1x
b11100100 y
#7670000
0$
1'
b11100100 (
1{
b11100100 a
1`
0]
1c
#7675000
1$
1]
b1010 f
b0 d
1*
b11010101 )
b0 ,
0c
#7676000
b1010 >
b0 ?
b11000011 (!
b1110100101110111011111111101110 G
b11000011000001011100011110010111 G
b111110010110100111111011101100 G
b1111100 +!
b1111100 y
#7680000
0$
b1111100 (
0{
b1010010 C
b1111100 a
0]
#7685000
1$
1]
#7686000
b11000100 (!
b101110101011001111011111101 G
b100100001000000010100110011010 G
b10111001011110000010001001010011 G
b1110010 +!
b1110010 y
#7690000
0$
b1110010 (
b1010011 C
b1110010 a
0]
#7695000
1$
1]
#7696000
b11000101 (!
b11000001010001001011001101111000 G
b11110100100110001100111100011001 G
b1101111111110110001110000000110 G
b11011111 +!
b11011111 y
#7700000
0$
b11011111 (
b1010100 C
b11011111 a
0]
#7705000
1$
1]
#7706000
b11000110 (!
b10001000100001111011111011001111 G
1)!
b11111000001100110100111011000100 G
b10101010110110100000011011110101 G
b1010101 +!
1w
b1010101 y
#7710000
0$
1&
b1010101 (
1z
b11000 E
b1010101 a
1_
0]
1b
#7715000
1$
1]
b1 d
b1011 e
b1010101 q
b1010101 )
0*
b1 ,
1c
#7716000
b1010101 7
b1011 =
b1 ?
b11000111 (!
b11101001111001110000001100110010 G
0)!
b1100010110010001100100001011 G
b10000010101010011001110011010000 G
b101 +!
0w
b101 y
#7720000
0$
0&
b101 (
0z
1{
b101 a
0_
0]
0b
#7725000
1$
1]
b1011 f
b0 d
1*
b10110011 )
b0 ,
0c
#7726000
b1011 >
b0 ?
b11001000 (!
b11011011100110010010001010010001 G
1)!
b11000010111100110000101100011110 G
b1111111010011100110110100000111 G
b11111110 +!
1w
b11111110 y
#7730000
0$
1&
b11111110 (
1z
0{
b11001 E
b11111110 a
1_
0]
1b
#7735000
1$
1]
b1 d
b1100 e
b11111110 r
b11111110 )
0*
b1 ,
1c
#7736000
b11111110 8
b1100 =
b1 ?
b11001001 (!
b1011010010111011010100110011100 G
0)!
b11001000001110011011110111101101 G
b10110011110001111111001010 G
b101 +!
0w
b101 y
#7740000
0$
0&
b101 (
0z
1{
b101 a
0_
0]
0b
#7745000
1$
1]
b1100 f
b0 d
1*
b10111011 )
b0 ,
0c
#7746000
b1100 >
b0 ?
b11001010 (!
b11100100010000111011011011000011 G
b11110001010001000100000100101000 G
b11101100000111110011010100001001 G
b11011000 +!
b11011000 y
#7750000
0$
b11011000 (
0{
b1010101 C
b11011000 a
0]
#7755000
1$
1]
#7756000
b11001011 (!
b11011111101101111110110100110110 G
b1101010100010101011001000111111 G
b1110010111001110111101110100 G
b11100 +!
b11100 y
#7760000
0$
b11100 (
b1010110 C
b11100 a
0]
#7765000
1$
1]
#7766000
b11001100 (!
b101000000010001010001111100101 G
b100011001000101101111101100010 G
b11000111101001101101101101111011 G
b10001111 +!
b10001111 y
#7770000
0$
b10001111 (
b1010111 C
b10001111 a
0]
#7775000
1$
1]
#7776000
b11001101 (!
b110101001111100000000010000000 G
b11001001001011001110011010000001 G
b1000111001010100010001001001110 G
b10001110 +!
b10001110 y
#7780000
0$
b10001110 (
b1011000 C
b10001110 a
0]
#7785000
1$
1]
#7786000
b11001110 (!
b1000010110010010110111001110111 G
b100100011000001000000001001100 G
b10001000000101101001100011011101 G
b10000 +!
b10000 y
#7790000
0$
b10000 (
b1011001 C
b10000 a
0]
#7795000
1$
1]
#7796000
b11001111 (!
b10111000101110001010000111111010 G
b11101110000011010110011100110011 G
b10110110001011000011101011011000 G
b1101100 +!
b1101100 y
#7800000
0$
b1101100 (
b1011010 C
b1101100 a
0]
#7805000
1$
1]
#7806000
b11010000 (!
b1011011010000000001011011111001 G
b1101010011101100000101001100110 G
b1001001011100111000000110101111 G
b10010010 +!
b10010010 y
#7810000
0$
b10010010 (
b1011011 C
b10010010 a
0]
#7815000
1$
1]
#7816000
b11010001 (!
b110000110000111011110000100100 G
b10111001011011110111110011010101 G
b10100100011100101100011110010010 G
b1001000 +!
b1001000 y
#7820000
0$
b1001000 (
b1011100 C
b1001000 a
0]
#7825000
1$
1]
#7826000
b11010010 (!
b1001011100111100011100111101011 G
b11010000100100000101000000110000 G
b10100111110100101010011001110001 G
b1001111 +!
b1001111 y
#7830000
0$
b1001111 (
b1011101 C
b1001111 a
0]
#7835000
1$
1]
#7836000
b11010011 (!
b10111100100101000000010101111110 G
1)!
b10001100010011011100101111100111 G
b11001100011100000001011111100 G
b110011 +!
1w
b110011 y
#7840000
0$
1&
b110011 (
1z
b11010 E
b110011 a
1_
0]
1b
#7845000
1$
1]
b1 d
b1101 e
b110011 s
b110011 )
0*
b1 ,
1c
#7846000
b110011 9
b1101 =
b1 ?
b11010100 (!
b10101111110110110010111111001101 G
0)!
b100011101111111011000000101010 G
b1100100111000011001110100011 G
b11001 +!
0w
b11001 y
#7850000
0$
0&
b11001 (
0z
1{
b11001 a
0_
0]
0b
#7855000
1$
1]
b1101 f
b0 d
1*
b1101100 )
b0 ,
0c
#7856000
b1101 >
b0 ?
b11010101 (!
b111011010101111010000010001000 G
1)!
b10011000110110100111010011101001 G
b11110011110010000111001110010110 G
b11100111 +!
1w
b11100111 y
#7860000
0$
1&
b11100111 (
1z
0{
b11011 E
b11100111 a
1_
0]
1b
#7865000
1$
1]
b1 d
b1110 e
b11100111 t
b11100111 )
0*
b1 ,
1c
#7866000
b11100111 :
b1110 =
b1 ?
b11010110 (!
b11011000111110010010110100011111 G
0)!
b10010011111100101011010011010100 G
b10000001010111011001000111000101 G
b10 +!
0w
b10 y
#7870000
0$
0&
b10 (
0z
1{
b10 a
0_
0]
0b
#7875000
1$
1]
b1110 f
b0 d
1*
b11111101 )
b0 ,
0c
#7876000
b1110 >
b0 ?
b11010111 (!
b11101010000110011011101111000010 G
b10000000111001100011010001011011 G
b11101010110111000101111100000 G
b111010 +!
b111010 y
#7880000
0$
b111010 (
0{
b1011110 C
b111010 a
0]
#7885000
1$
1]
#7886000
b11011000 (!
b10110100010010010110001001100001 G
b1111011001000111011010010101110 G
b100000011100101000010101010111 G
b1000000 +!
b1000000 y
#7890000
0$
b1000000 (
b1011111 C
b1000000 a
0]
#7895000
1$
1]
#7896000
b11011001 (!
b1010001110100010011000110101100 G
b1010101101101101000001010111101 G
b1101010100001110100101001011010 G
b11010101 +!
b11010101 y
#7900000
0$
b11010101 (
b1100000 C
b11010101 a
0]
#7905000
1$
1]
#7906000
b11011010 (!
b1110111011101110001110000010011 G
b11010010111000010111001000111000 G
b11000011100011010100111011011001 G
b10000111 +!
b10000111 y
#7910000
0$
b10000111 (
b1100001 C
b10000111 a
0]
#7915000
1$
1]
#7916000
b11011011 (!
b10100000000100010100011000110 G
b1001010100100101011010010001111 G
b11011111001101001101100110000100 G
b10111110 +!
b10111110 y
#7920000
0$
b10111110 (
b1100010 C
b10111110 a
0]
#7925000
1$
1]
#7926000
b11011100 (!
b1000101111000011110001010110101 G
b1010001000110101011101111110010 G
b1001111001011100101011001011 G
b10011 +!
b10011 y
#7930000
0$
b10011 (
b1100011 C
b10011 a
0]
#7935000
1$
1]
#7936000
b11011101 (!
b1100011000110101011001110010000 G
b1101011000100000001101001010001 G
b10100111100011000010111111011110 G
b1001111 +!
b1001111 y
#7940000
0$
b1001111 (
b1100100 C
b1001111 a
0]
#7945000
1$
1]
#7946000
b11011110 (!
b1111001100011101001101011000111 G
b101111110101010000110001011100 G
b101011100101111001000110101101 G
b1010111 +!
b1010111 y
#7950000
0$
b1010111 (
b1100101 C
b1010111 a
0]
#7955000
1$
1]
#7956000
b11011111 (!
b101100011100100111000010001010 G
b11010111111001010010000010000011 G
b10100101101001001010111111101000 G
b1001011 +!
b1001011 y
#7960000
0$
b1001011 (
b1100110 C
b1001011 a
0]
#7965000
1$
1]
#7966000
b11100000 (!
b10110001101101111010010011001001 G
b1001000001101100010100111110110 G
b10111101011101110001011111111111 G
b1111010 +!
b1111010 y
#7970000
0$
b1111010 (
b1100111 C
b1111010 a
0]
#7975000
1$
1]
#7976000
b11100001 (!
b11011100100101010010101000110100 G
b1100000110010110110111110100101 G
b1000111001110001100100000100010 G
b10001110 +!
b10001110 y
#7980000
0$
b10001110 (
b1101000 C
b10001110 a
0]
#7985000
1$
1]
#7986000
b11100010 (!
b10110010110000111111110100111011 G
1)!
b11000000010001100011101000000 G
b1111000011001011100111001000001 G
b11110000 +!
1w
b11110000 y
#7990000
0$
1&
b11110000 (
1z
b11100 E
b11110000 a
1_
0]
1b
#7995000
1$
1]
b1 d
b1111 e
b11110000 u
b11110000 )
0*
b1 ,
1c
#7996000
b11110000 ;
b1111 =
b1 ?
b11100011 (!
b1100011010000000111011100001110 G
0)!
b110111101110010000110000110111 G
0*!
b10001000001001001001100001100 G
b100010 +!
0w
0x
b100010 y
#8000000
0$
0&
0'
b100010 (
0z
b100010 a
0`
0_
0]
0b
0c
#8005000
1$
1]
#8006000
b11100100 (!
b1101111001011010101110010011101 G
b10110001101001000010001010111010 G
1*!
b10111000111011010100000011110011 G
b1110001 +!
1x
b1110001 y
#8010000
0$
1'
b1110001 (
1{
b1110001 a
1`
0]
1c
#8015000
1$
1]
b1111 f
b0 d
1*
b100110 )
b0 ,
0c
#8016000
b1111 >
b0 ?
b11100101 (!
b1100011001111000101100110011000 G
b11100001011110000111011010111001 G
b100010001101110111011100100110 G
b1000100 +!
b1000100 y
#8020000
0$
b1000100 (
0{
b1101001 C
b1000100 a
0]
#8025000
1$
1]
#8026000
b11100110 (!
b10101110100111010101011101101111 G
b101000110111101010011011100100 G
b10101111101010010011100010010101 G
b1011111 +!
b1011111 y
#8030000
0$
b1011111 (
b1101010 C
b1011111 a
0]
#8035000
1$
1]
#8036000
b11100111 (!
b1111010111101101110000001010010 G
b11100001011001111100101110101011 G
b10010001001000001100011011110000 G
b100010 +!
b100010 y
#8040000
0$
b100010 (
b1101011 C
b100010 a
0]
#8045000
1$
1]
#8046000
b11101000 (!
b10101000010010010111111000110001 G
b11111100011100111000101000111110 G
b10010000110010001101100110100111 G
b100001 +!
b100001 y
#8050000
0$
b100001 (
b1101100 C
b100001 a
0]
#8055000
1$
1]
#8056000
b11101001 (!
b11111101100010101100010110111100 G
b11011001111001101110001110001101 G
b11010111111110110000011101010 G
b110101 +!
b110101 y
#8060000
0$
b110101 (
b1101101 C
b110101 a
0]
#8065000
1$
1]
#8066000
b11101010 (!
b11110111010101100111110101100011 G
b11110010000000110110111101001000 G
0*!
b1101000101011101100010010101001 G
b11010001 +!
0x
b11010001 y
#8070000
0$
0'
b11010001 (
b11010001 a
0`
0]
#8075000
1$
1]
#8076000
b11101011 (!
b1111000100110010001000001010110 G
b1101000101111000111001011011111 G
b11100011100111000100111110010100 G
b11000111 +!
b11000111 y
#8080000
0$
b11000111 (
b11000111 a
0]
#8085000
1$
1]
#8086000
b11101100 (!
b10000011110010100011110110000101 G
b1011100110000000010010000010 G
1*!
b101011110000011011000011011 G
b1010 +!
1x
b1010 y
#8090000
0$
1'
b1010 (
b1101110 C
b1010 a
1`
0]
#8095000
1$
1]
#8096000
b11101101 (!
b10110010000111011011001010100000 G
b11010110011110100010101000100001 G
b11110000110000110100101101110 G
b111100 +!
b111100 y
#8100000
0$
b111100 (
b1101111 C
b111100 a
0]
#8105000
1$
1]
#8106000
b11101110 (!
b11000000010101010000001100010111 G
b1011000010100101010010001101100 G
0*!
b10010000111100110010011001111101 G
b100001 +!
0x
b100001 y
#8110000
0$
0'
b100001 (
b100001 a
0`
0]
#8115000
1$
1]
#8116000
b11101111 (!
b10010010001001110010101100011010 G
b110001101001111101010111010011 G
1*!
b11111000101001111000011111000 G
b111110 +!
1x
b111110 y
#8120000
0$
1'
b111110 (
b1110000 C
b111110 a
1`
0]
#8125000
1$
1]
#8126000
b11110000 (!
b11100100111110011000111010011001 G
b10010110101011011111010110000110 G
b1110100010010110110101001001111 G
b11101000 +!
b11101000 y
#8130000
0$
b11101000 (
b1110001 C
b11101000 a
0]
#8135000
1$
1]
#8136000
b11110001 (!
b1011111000110010010010001000100 G
b10010010001111010111111001110101 G
b10111001000111110011010010110010 G
b1110010 +!
b1110010 y
#8140000
0$
b1110010 (
b1110010 C
b1110010 a
0]
#8145000
1$
1]
#8146000
b11110010 (!
b1000010111000011110010001011 G
b10011101011110101000101001010000 G
b11011110011101101101001000010001 G
b10111100 +!
b10111100 y
#8150000
0$
b10111100 (
b1110011 C
b10111100 a
0]
#8155000
1$
1]
#8156000
b11110011 (!
b11111111111000100001010010011110 G
1)!
b1110111101101001000100010000111 G
0*!
b10001111000001110010111100011100 G
b11110 +!
1w
0x
b11110 y
#8160000
0$
1&
0'
b11110 (
1z
b11110 a
0`
1_
0]
1b
#8165000
1$
1]
b1 d
b0 e
b11110 v
b11110 )
0*
b1 ,
#8166000
b11110 <
b0 =
b1 ?
b11110100 (!
b10101010000010010010101101101 G
0)!
b1111001011111101000000101001010 G
1*!
b111000001010000100101001000011 G
b1110000 +!
0w
1x
b1110000 y
#8170000
0$
0&
1'
b1110000 (
0z
1{
b1110000 a
1`
0_
0]
0b
1c
#8175000
1$
1]
b0 f
b0 d
1*
b10011000 )
b0 ,
0c
#8176000
b0 >
b0 ?
b11110101 (!
b1001110010010111101111010101000 G
b1101011101101111101010010001001 G
b1101100100010010010011010110110 G
b11011001 +!
b11011001 y
#8180000
0$
b11011001 (
0{
b1110100 C
b11011001 a
0]
#8185000
1$
1]
#8186000
b11110110 (!
b111100000010011110110111111 G
b11010000011000000010010011110100 G
0*!
b11100011110100011111101101100101 G
b11000111 +!
0x
b11000111 y
#8190000
0$
0'
b11000111 (
b11000111 a
0`
0]
#8195000
1$
1]
#8196000
b11110111 (!
b10100010011110111000011100010 G
b10111101001110101101111011111011 G
b1100100011100100100111000000000 G
b11001000 +!
b11001000 y
#8200000
0$
b11001000 (
b11001000 a
0]
#8205000
1$
1]
#8206000
b11111000 (!
b10001011011111100111011000000001 G
1)!
b10010110010000111000101111001110 G
1*!
b1001101111111100110100111110111 G
b10011011 +!
1w
1x
b10011011 y
#8210000
0$
1&
1'
b10011011 (
1z
b11101 E
b10011011 a
1`
1_
0]
1b
#8215000
1$
1]
b1 d
b1 e
b10011011 g
b10011011 )
0*
b1 ,
1c
#8216000
b10011011 -
b1 =
b1 ?
b11111001 (!
b11001010000100110110010111001100 G
0)!
b110011011111111110000001011101 G
0*!
b10011100001010000110001101111010 G
b111000 +!
0w
0x
b111000 y
#8220000
0$
0&
0'
b111000 (
0z
b111000 a
0`
0_
0]
0b
0c
#8225000
1$
1]
#8226000
b11111010 (!
b1111100110111101101101010110011 G
b101010010000110011100001011000 G
1*!
b1111010000010001001011001111001 G
b11110100 +!
1x
b11110100 y
#8230000
0$
1'
b11110100 (
1{
b11110100 a
1`
0]
1c
#8235000
1$
1]
b1 f
b0 d
1*
b11101110 )
b0 ,
0c
#8236000
b1 >
b0 ?
b11111011 (!
b10111110111111011010001111100110 G
b1110110010101001110110100101111 G
b11111111001111000101000110100100 G
b11111110 +!
b11111110 y
#8240000
0$
b11111110 (
0{
b1110101 C
b11111110 a
0]
#8245000
1$
1]
#8246000
b11111100 (!
b11000101000101101011010001010101 G
b10101110101010111011100100010010 G
b1010000111110110001110101101011 G
b10100001 +!
b10100001 y
#8250000
0$
b10100001 (
b1110110 C
b10100001 a
0]
#8255000
1$
1]
#8256000
b11111101 (!
b10110110111111111111110110110000 G
b10001000100100000001010111110001 G
b11000010011011111100111011111110 G
b10000100 +!
b10000100 y
#8260000
0$
b10000100 (
b1110111 C
b10000100 a
0]
#8265000
1$
1]
#8266000
b11111110 (!
b110000000010011010011101100111 G
b10011100101000100100100001111100 G
b11110100000111100101011101001101 G
b11101000 +!
b11101000 y
#8270000
0$
b11101000 (
b1111000 C
b11101000 a
0]
#8275000
1$
1]
#8276000
b11111111 (!
b1011110000001111101000110101010 G
b10000011100100101000011100100011 G
0*!
b1010100010101011111111000001000 G
b10101000 +!
0x
b10101000 y
#8280000
0$
0'
b10101000 (
b10101000 a
0`
0]
#8285000
1$
1]
#8286000
b100000000 (!
b11100100110010101101010001101001 G
1)!
b1010111100111100110110100010110 G
1*!
b10100010011111010111100010011111 G
b1000100 +!
1w
1x
b1000100 y
#8290000
0$
1&
1'
b1000100 (
1z
b11110 E
b1000100 a
1`
1_
0]
1b
#8295000
1$
1]
b1 d
b10 e
b1000100 h
b1000100 )
0*
b1 ,
1c
#8296000
b1000100 .
b10 =
b1 ?
b100000001 (!
b11110110001110001010101001010100 G
0)!
b10110110010110101010100101000101 G
0*!
b1001010011101110000110101000010 G
b10010100 +!
0w
0x
b10010100 y
#8300000
0$
0&
0'
b10010100 (
0z
b10010100 a
0`
0_
0]
0b
0c
#8305000
1$
1]
#8306000
b100000010 (!
b10111010010000111111011111011011 G
1)!
b10010011110111101001100101100000 G
1*!
b1010000011010101011000111100001 G
b10100000 +!
1w
1x
b10100000 y
#8310000
0$
1&
1'
b10100000 (
1z
1{
b1001010 F
b10100000 a
1`
1_
0]
1b
1c
#8315000
1$
1]
b10 f
b11 e
b10100000 i
b10100000 )
#8316000
b10100000 /
b11 =
b10 ?
b10 >
b1 ?
b100000011 (!
b10000010010110011101111000101110 G
0)!
b11010000011011010100000011010111 G
b10110100100111101101011100101100 G
b1101001 +!
0w
b1101001 y
#8320000
0$
0&
b1101001 (
0z
b1101001 a
0_
0]
0b
#8325000
1$
1]
b11 f
b0 d
1*
b1110001 )
b0 ,
0c
#8326000
b11 >
b0 ?
b100000100 (!
b10001011010010111000101000111101 G
b11101011101111111100101111011010 G
0*!
b1010001110010100100111110010011 G
b10100011 +!
0x
b10100011 y
#8330000
0$
0'
b10100011 (
0{
b10100011 a
0`
0]
#8335000
1$
1]
#8336000
b100000101 (!
b10100100111110010111110111000 G
b11001000100111011000111001011001 G
1*!
b110100101111101000001001000110 G
b1101001 +!
1x
b1101001 y
#8340000
0$
1'
b1101001 (
b1111001 C
b1101001 a
1`
0]
#8345000
1$
1]
#8346000
b100000110 (!
b1101011011100011110000000001111 G
b10110010101000000010111100000100 G
b1011011101011001101101000110101 G
b10110111 +!
b10110111 y
#8350000
0$
b10110111 (
b1111010 C
b10110111 a
0]
#8355000
1$
1]
#8356000
b100000111 (!
b1010101101000110110101110010 G
b101001011111000110111001001011 G
b11111000100010010010000100010000 G
b11110001 +!
b11110001 y
#8360000
0$
b11110001 (
b1111011 C
b11110001 a
0]
#8365000
1$
1]
#8366000
b100001000 (!
b11101100011010100100111010001 G
b100000101101001011100101011110 G
b10111100000000011011001000111 G
b101111 +!
b101111 y
#8370000
0$
b101111 (
b1111100 C
b101111 a
0]
#8375000
1$
1]
#8376000
b100001001 (!
b10001010101101000001000111011100 G
b1001000111101100111100100101101 G
b1101010101100110101001000001010 G
b11010101 +!
b11010101 y
#8380000
0$
b11010101 (
b1111101 C
b11010101 a
0]
#8385000
1$
1]
#8386000
b100001010 (!
b11011110110011010011010000000011 G
b1001111110011100110101101000 G
b1111001110111111100010001001001 G
b11110011 +!
b11110011 y
#8390000
0$
b11110011 (
b1111110 C
b11110011 a
0]
#8395000
1$
1]
#8396000
b100001011 (!
b10111001011100001110001101110110 G
b11110011010010010001101111111 G
0*!
b11010100011111011101111110110100 G
b10101000 +!
0x
b10101000 y
#8400000
0$
0'
b10101000 (
b10101000 a
0`
0]
#8405000
1$
1]
#8406000
b100001100 (!
b1101100110111000100011100100101 G
b10100011001001101101100110100010 G
1*!
b1111000110010111000000010111011 G
b11110001 +!
1x
b11110001 y
#8410000
0$
1'
b11110001 (
b1111111 C
b11110001 a
1`
0]
#8415000
1$
1]
#8416000
b100001101 (!
b10010001001110101001010011000000 G
b11011010001101101101110111000001 G
b1100100111100110110000010001110 G
b11001001 +!
b11001001 y
#8420000
0$
b11001001 (
b10000000 C
b11001001 a
0]
#8425000
1$
1]
#8426000
b100001110 (!
b10010011010110011000011110110111 G
1)!
b10010010011001111100010001100 G
b10001000110011100010010000011101 G
b10001 +!
1w
b10001 y
#8430000
0$
1&
b10001 (
1z
b11111 E
b10001 a
1_
0]
1b
#8435000
1$
1]
b1 d
b100 e
b10001 j
b10001 )
0*
b1 ,
1c
#8436000
b10001 0
b100 =
b1 ?
b100001111 (!
b101001000001010110010000111010 G
0)!
b10000011101000100011010001110011 G
b11011010000000001101011100011000 G
b10110100 +!
0w
b10110100 y
#8440000
0$
0&
b10110100 (
0z
1{
b10110100 a
0_
0]
0b
#8445000
1$
1]
b100 f
b0 d
1*
b101001 )
b0 ,
0c
#8446000
b100 >
b0 ?
b100010000 (!
b1110100101100000111011000111001 G
b11011101100010001001000010100110 G
b11100110010110100100001011101111 G
b11001100 +!
b11001100 y
#8450000
0$
b11001100 (
0{
b10000001 C
b11001100 a
0]
#8455000
1$
1]
#8456000
b100010001 (!
b1001110100111001011110001100100 G
1)!
b10100101011101111111000000010101 G
b10001000010100010101000111010010 G
b10000 +!
1w
b10000 y
#8460000
0$
1&
b10000 (
1z
b100000 E
b10000 a
1_
0]
1b
#8465000
1$
1]
b1 d
b101 e
b10000 k
b10000 )
0*
b1 ,
1c
#8466000
b10000 1
b101 =
b1 ?
b100010010 (!
b10011100000110000010111100101011 G
b1101000111011011111010001110000 G
b10000011001100110110110110001 G
b100000 +!
b100000 y
#8470000
0$
b100000 (
1{
b1001011 F
b100000 a
0]
#8475000
1$
1]
b101 f
b110 e
b100000 l
b100000 )
#8476000
b100000 2
b110 =
b10 ?
b101 >
b1 ?
b100010011 (!
b11000011010010001101001110111110 G
0)!
b11100111110100000011010100100111 G
b1101001100101001000101100111100 G
b11010011 +!
0w
b11010011 y
#8480000
0$
0&
b11010011 (
0z
b11010011 a
0_
0]
0b
#8485000
1$
1]
b110 f
b0 d
1*
b1100101 )
b0 ,
0c
#8486000
b110 >
b0 ?
b100010100 (!
b10100010010000011000101100001101 G
b11001101100110010000001001101010 G
b1101011000100000101000011100011 G
b11010110 +!
b11010110 y
#8490000
0$
b11010110 (
0{
b10000010 C
b11010110 a
0]
#8495000
1$
1]
#8496000
b100010101 (!
b11100001000011110100110011001000 G
1)!
b1001100111011101010010000101001 G
0*!
b1011101100110001000100111010110 G
b10111011 +!
1w
0x
b10111011 y
#8500000
0$
1&
0'
b10111011 (
1z
b10111011 a
0`
1_
0]
1b
#8505000
1$
1]
b1 d
b111 e
b10111011 m
b10111011 )
0*
b1 ,
#8506000
b10111011 3
b111 =
b1 ?
b100010110 (!
b111011111111000011111001011111 G
0)!
b10110100001111100010100010100 G
b10110100110011101101010100000101 G
b1101001 +!
0w
b1101001 y
#8510000
0$
0&
b1101001 (
0z
b1101001 a
0_
0]
0b
#8515000
1$
1]
#8516000
b100010111 (!
b11111011101101101011000000010 G
b10001000010010111100110011011 G
1*!
b10011001010111100100000000100000 G
b110010 +!
1x
b110010 y
#8520000
0$
1'
b110010 (
1{
b110010 a
1`
0]
1c
#8525000
1$
1]
b111 f
b0 d
1*
b11101110 )
b0 ,
0c
#8526000
b111 >
b0 ?
b100011000 (!
b11011001110110101111100110100001 G
1)!
b10001100101010000001001011101110 G
b111110011110110011111010010111 G
b1111100 +!
1w
b1111100 y
#8530000
0$
1&
b1111100 (
1z
0{
b100001 E
b1111100 a
1_
0]
1b
#8535000
1$
1]
b1 d
b1000 e
b1111100 n
b1111100 )
0*
b1 ,
1c
#8536000
b1111100 4
b1000 =
b1 ?
b100011001 (!
b10001001011101011100100111101100 G
0)!
b11011000011111111010110111111101 G
b10001000000100010010110010011010 G
b10000 +!
0w
b10000 y
#8540000
0$
0&
b10000 (
0z
1{
b10000 a
0_
0]
0b
#8545000
1$
1]
b1000 f
b0 d
1*
b11011 )
b0 ,
0c
#8546000
b1000 >
b0 ?
b100011010 (!
b1100111101000100101010011 G
b11100010010000000010111001111000 G
b10011110001110010100111000011001 G
b111100 +!
b111100 y
#8550000
0$
b111100 (
0{
b10000011 C
b111100 a
0]
#8555000
1$
1]
#8556000
b100011011 (!
b11101010111100111100111100000110 G
b1010101110001100001010111001111 G
b11010100100010011111100111000100 G
b10101001 +!
b10101001 y
#8560000
0$
b10101001 (
b10000100 C
b10101001 a
0]
#8565000
1$
1]
#8566000
b100011100 (!
b101101111011111111010111110101 G
b11101110100110100110011000110010 G
b1001111000001100110000000001011 G
b10011110 +!
b10011110 y
#8570000
0$
b10011110 (
b10000101 C
b10011110 a
0]
#8575000
1$
1]
#8576000
b100011101 (!
b11111011000001100111011111010000 G
1)!
b11010000000100111000000110010001 G
b11110110001000001111000011110 G
b111101 +!
1w
b111101 y
#8580000
0$
1&
b111101 (
1z
b100010 E
b111101 a
1_
0]
1b
#8585000
1$
1]
b1 d
b1001 e
b111101 o
b111101 )
0*
b1 ,
1c
#8586000
b111101 5
b1001 =
b1 ?
b100011110 (!
b10110110101100011010010000000111 G
0)!
b11110101100110111011010010011100 G
b1001010011101111000110011101101 G
b10010100 +!
0w
b10010100 y
#8590000
0$
0&
b10010100 (
0z
1{
b10010100 a
0_
0]
0b
#8595000
1$
1]
b1001 f
b0 d
1*
b11111010 )
b0 ,
0c
#8596000
b1001 >
b0 ?
b100011111 (!
b1000000110100001110001011001010 G
b1100101100100111101110111000011 G
0*!
b10110111011011100111110000101000 G
b1101110 +!
0x
b1101110 y
#8600000
0$
0'
b1101110 (
0{
b1101110 a
0`
0]
#8605000
1$
1]
#8606000
b100100000 (!
b11111011111011110111010000001001 G
b1011011101011010110000000110110 G
1*!
b10010111111011101100100100111111 G
b101111 +!
1x
b101111 y
#8610000
0$
1'
b101111 (
b10000110 C
b101111 a
1`
0]
#8615000
1$
1]
#8616000
b100100001 (!
b10010011101011100101101001110100 G
1)!
b1110111101010100101001011100101 G
b11001100011111110000001001100010 G
b10011000 +!
1w
b10011000 y
#8620000
0$
1&
b10011000 (
1z
b100011 E
b10011000 a
1_
0]
1b
#8625000
1$
1]
b1 d
b1010 e
b10011000 p
b10011000 )
0*
b1 ,
1c
#8626000
b10011000 6
b1010 =
b1 ?
b100100010 (!
b110111001101011110001001111011 G
b11010101001000011001101110000000 G
b11111100010011110000010110000001 G
b11111000 +!
b11111000 y
#8630000
0$
b11111000 (
1{
b1001100 F
b11111000 a
0]
#8635000
1$
1]
b1010 f
b1011 e
b11111000 q
b11111000 )
#8636000
b11111000 7
b1011 =
b10 ?
b1010 >
b1 ?
b100100011 (!
b10100000011111111010101001110 G
0)!
b11010101100010100110010101110111 G
b1101100011100010100101101001100 G
b11011000 +!
0w
b11011000 y
#8640000
0$
0&
b11011000 (
0z
b11011000 a
0_
0]
0b
#8645000
1$
1]
b1011 f
b0 d
1*
b11111110 )
b0 ,
0c
#8646000
b1011 >
b0 ?
b100100100 (!
b11100010110110000010011111011101 G
b11001000111110110010010011111010 G
b11010110111101110100111000110011 G
b10101101 +!
b10101101 y
#8650000
0$
b10101101 (
0{
b10000111 C
b10101101 a
0]
#8655000
1$
1]
#8656000
b100100101 (!
b1001101010011010111011000 G
b11100001001100000001010111111001 G
b11011010100110000011110101100110 G
b10110101 +!
b10110101 y
#8660000
0$
b10110101 (
b10001000 C
b10110101 a
0]
#8665000
1$
1]
#8666000
b100100110 (!
b100011011010101100010101111 G
b1110001101111111110011100100100 G
b10111100100011001110101111010101 G
b1111001 +!
b1111001 y
#8670000
0$
b1111001 (
b10001001 C
b1111001 a
0]
#8675000
1$
1]
#8676000
b100100111 (!
b10000101001111010101010010010 G
b10000100011111110000000011101011 G
b10001101101010101010101100110000 G
b11011 +!
b11011 y
#8680000
0$
b11011 (
b10001010 C
b11011 a
0]
#8685000
1$
1]
#8686000
b100101000 (!
b11000111100011001000010101110001 G
b1110011101111101001100001111110 G
0*!
b11110101110111001000001011100111 G
b11101011 +!
0x
b11101011 y
#8690000
0$
0'
b11101011 (
b11101011 a
0`
0]
#8695000
1$
1]
#8696000
b100101001 (!
b10010111001000011000110111111100 G
1)!
b1001000000100000111111011001101 G
b1010011100101111001100101010 G
b10100 +!
1w
b10100 y
#8700000
0$
1&
b10100 (
1z
b10100 a
1_
0]
1b
#8705000
1$
1]
b1 d
b1100 e
b10100 r
b10100 )
0*
b1 ,
#8706000
b10100 8
b1100 =
b1 ?
b100101010 (!
b100111100011111101101010100011 G
b11010110111011110101101110001000 G
1*!
b10100000110110100011001111101001 G
b1000001 +!
1x
b1000001 y
#8710000
0$
1'
b1000001 (
1{
b1001101 F
b1000001 a
1`
0]
1c
#8715000
1$
1]
b1100 f
b1101 e
b1000001 s
b1000001 )
#8716000
b1000001 9
b1101 =
b10 ?
b1100 >
b1 ?
b100101011 (!
b10111010001110110011010010110 G
0)!
b10101010111110001100010000011111 G
b1001111010010011001111111010100 G
b10011110 +!
0w
b10011110 y
#8720000
0$
0&
b10011110 (
0z
b10011110 a
0_
0]
0b
#8725000
1$
1]
b1101 f
b0 d
1*
b11100111 )
b0 ,
0c
#8726000
b1101 >
b0 ?
b100101100 (!
b11011010111001101100000011000101 G
b11000011010101110101111011000010 G
b111011100010001011101101011011 G
b1110111 +!
b1110111 y
#8730000
0$
b1110111 (
0{
b10001011 C
b1110111 a
0]
#8735000
1$
1]
#8736000
b100101101 (!
b1011001010111001010011011100000 G
b11101010100010110000000101100001 G
0*!
b11100001110000110000011110101110 G
b11000011 +!
0x
b11000011 y
#8740000
0$
0'
b11000011 (
b11000011 a
0`
0]
#8745000
1$
1]
#8746000
b100101110 (!
b10111000001111101111110001010111 G
b10111001100101110111110010101100 G
1*!
b11001100010011111001000110111101 G
b10011000 +!
1x
b10011000 y
#8750000
0$
1'
b10011000 (
b10001100 C
b10011000 a
1`
0]
#8755000
1$
1]
#8756000
b100101111 (!
b110111110110110100110101011010 G
b101010111001001000001100010011 G
b1110110101101111110110100111000 G
b11101101 +!
b11101101 y
#8760000
0$
b11101101 (
b10001101 C
b11101101 a
0]
#8765000
1$
1]
#8766000
b100110000 (!
b1010101100011001100110111011001 G
b1110110000011011101101111000110 G
b11001000010000000101110001111 G
b110010 +!
b110010 y
#8770000
0$
b110010 (
b10001110 C
b110010 a
0]
#8775000
1$
1]
#8776000
b100110001 (!
b1111111100101101000010010000100 G
b1010100110001101101000110110101 G
b11001101100100010001111011110010 G
b10011011 +!
b10011011 y
#8780000
0$
b10011011 (
b10001111 C
b10011011 a
0]
#8785000
1$
1]
#8786000
b100110010 (!
b11010101110100001000111001011 G
b11101011101100101000111010010000 G
b1011101110010010111100101010001 G
b10111011 +!
b10111011 y
#8790000
0$
b10111011 (
b10010000 C
b10111011 a
0]
#8795000
1$
1]
#8796000
b100110011 (!
b11001110110100000100001011011110 G
b1110011000010001101000111000111 G
b1100010011111100001011101011100 G
b11000100 +!
b11000100 y
#8800000
0$
b11000100 (
b10010001 C
b11000100 a
0]
#8805000
1$
1]
#8806000
b100110100 (!
b1011101100001000110000010101101 G
b11111100100101110011001110001010 G
b100110001111000100011110000011 G
b1001100 +!
b1001100 y
#8810000
0$
b1001100 (
b10010010 C
b1001100 a
0]
#8815000
1$
1]
#8816000
b100110101 (!
b11110101011010011110101011101000 G
b11010001101001101110001111001001 G
b111111111111101001110011110110 G
b1111111 +!
b1111111 y
#8820000
0$
b1111111 (
b10010011 C
b1111111 a
0]
#8825000
1$
1]
#8826000
b100110110 (!
b11001001110100100010111011111111 G
1)!
b1111000101100011001010100110100 G
0*!
b111111111111000001111010100101 G
1w
0x
#8830000
0$
1&
0'
1z
0`
1_
0]
1b
#8835000
1$
1]
b1 d
b1110 e
b1111111 t
b1111111 )
0*
b1 ,
#8836000
b1111111 :
b1110 =
b1 ?
b100110111 (!
b101001000101111110101100100010 G
0)!
b1010001110100000010000111011 G
1*!
b100110111001110110001001000000 G
b1001101 +!
0w
1x
b1001101 y
#8840000
0$
0&
1'
b1001101 (
0z
1{
b1001101 a
1`
0_
0]
0b
1c
#8845000
1$
1]
b1110 f
b0 d
1*
b11110000 )
b0 ,
0c
#8846000
b1110 >
b0 ?
b100111000 (!
b1001001100001101110110101000001 G
1)!
b10101000010110010100101000001110 G
b10100010010100010000001100110111 G
b1000100 +!
1w
b1000100 y
#8850000
0$
1&
b1000100 (
1z
0{
b100100 E
b1000100 a
1_
0]
1b
#8855000
1$
1]
b1 d
b1111 e
b1000100 u
b1000100 )
0*
b1 ,
1c
#8856000
b1000100 ;
b1111 =
b1 ?
b100111001 (!
b11011010000000101111000001100 G
b1110101010111011110101110011101 G
b10101100110010011010010110111010 G
b1011001 +!
b1011001 y
#8860000
0$
b1011001 (
1{
b1001110 F
b1011001 a
0]
#8865000
1$
1]
b1111 f
b0 e
b1011001 v
b1011001 )
#8866000
b1011001 <
b0 =
b10 ?
b1111 >
b1 ?
b100111010 (!
b1000000100111100010011111110011 G
0)!
b11101110101000000101010010011000 G
b10001111010001110111010110111001 G
b11110 +!
0w
b11110 y
#8870000
0$
0&
b11110 (
0z
b11110 a
0_
0]
0b
#8875000
1$
1]
b0 f
b0 d
1*
b10011011 )
b0 ,
0c
#8876000
b0 >
b0 ?
b100111011 (!
b11010010111011001010101000100110 G
b10010110010011100010111001101111 G
b10000011011001011101000111100100 G
b110 +!
b110 y
#8880000
0$
b110 (
0{
b10010100 C
b110 a
0]
#8885000
1$
1]
#8886000
b100111100 (!
b110110000101011010011110010101 G
b10000011011101100001101010010 G
b10001011111011111001001010101011 G
b10111 +!
b10111 y
#8890000
0$
b10111 (
b10010101 C
b10111 a
0]
#8895000
1$
1]
#8896000
b100111101 (!
b11001011111101100010000111110000 G
b11110101110000100101110100110001 G
b1000100100010001110100111110 G
b10001 +!
b10001 y
#8900000
0$
b10001 (
b10010110 C
b10001 a
0]
#8905000
1$
1]
#8906000
b100111110 (!
b1010111111011101001000010100111 G
b11000000010010101000010111100 G
0*!
b1001010010110011001010001101 G
b10010 +!
0x
b10010 y
#8910000
0$
0'
b10010 (
b10010 a
0`
0]
#8915000
1$
1]
#8916000
b100111111 (!
b1110101010101011010001111101010 G
b11110010110100010010010001100011 G
1*!
b110100101101100010101001001000 G
b1101001 +!
1x
b1101001 y
#8920000
0$
1'
b1101001 (
b10010111 C
b1101001 a
1`
0]
#8925000
1$
1]
#8926000
b101000000 (!
b10100000010011011000001110101001 G
b11010001011010110000001101010110 G
0*!
b100101001100110000100111011111 G
b1001010 +!
0x
b1001010 y
#8930000
0$
0'
b1001010 (
b1001010 a
0`
0]
#8935000
1$
1]
#8936000
b101000001 (!
b1101011001111100011101010010100 G
b1000100011000100110110010000101 G
1*!
b101110110110001010011110000010 G
b1011101 +!
1x
b1011101 y
#8940000
0$
1'
b1011101 (
b10011000 C
b1011101 a
1`
0]
#8945000
1$
1]
#8946000
b101000010 (!
b101011100000011011110100011011 G
1)!
b101010100110011100110110100000 G
b10111010001110101100100100100001 G
b1110100 +!
1w
b1110100 y
#8950000
0$
1&
b1110100 (
1z
b100101 E
b1110100 a
1_
0]
1b
#8955000
1$
1]
b1 d
b1 e
b1110100 g
b1110100 )
0*
b1 ,
1c
#8956000
b1110100 -
b1 =
b1 ?
b101000011 (!
b11100110011010101011110001101110 G
0)!
b10101011011110000111101000010111 G
0*!
b11100111110000111110111101101100 G
b11001111 +!
0w
0x
b11001111 y
#8960000
0$
0&
0'
b11001111 (
0z
b11001111 a
0`
0_
0]
0b
0c
#8965000
1$
1]
#8966000
b101000100 (!
b1111010011110110011010101111101 G
b10001011110111100010111000011010 G
1*!
b1110111010111000011110011010011 G
b11101110 +!
1x
b11101110 y
#8970000
0$
1'
b11101110 (
1{
b11101110 a
1`
0]
1c
#8975000
1$
1]
b1 f
b0 d
1*
b1000100 )
b0 ,
0c
#8976000
b1 >
b0 ?
b101000101 (!
b10000000110001100110101111111000 G
b10011110010110000000110110011001 G
b1010010110011001010100010000110 G
b10100101 +!
b10100101 y
#8980000
0$
b10100101 (
0{
b10011001 C
b10100101 a
0]
#8985000
1$
1]
#8986000
b101000110 (!
b1011010111101111100000101001111 G
b101110100001011100111101000100 G
b11011011111100010110110101110101 G
b10110111 +!
b10110111 y
#8990000
0$
b10110111 (
b10011010 C
b10110111 a
0]
#8995000
1$
1]
#8996000
b101000111 (!
b11010000010110001001011110110010 G
b11101110010101111000001110001011 G
b11010001010011010110010101010000 G
b10100010 +!
b10100010 y
#9000000
0$
b10100010 (
b10011011 C
b10100010 a
0]
#9005000
1$
1]
#9006000
b101001000 (!
b11101110011011110011000100010001 G
b11000101100110010010011110011110 G
b101010010001011011111110000111 G
b1010100 +!
b1010100 y
#9010000
0$
b1010100 (
b10011100 C
b1010100 a
0]
#9015000
1$
1]
#9016000
b101001001 (!
b100100000110110011101000011100 G
b10000101110111001111010001101101 G
b1011110110001100100010001001010 G
b10111101 +!
b10111101 y
#9020000
0$
b10111101 (
b10011101 C
b10111101 a
0]
#9025000
1$
1]
#9026000
b101001010 (!
b111010100001100111000101000011 G
1)!
b100010101011000001100110101000 G
b10011010110001100001001110001001 G
b110101 +!
1w
b110101 y
#9030000
0$
1&
b110101 (
1z
b100110 E
b110101 a
1_
0]
1b
#9035000
1$
1]
b1 d
b10 e
b110101 h
b110101 )
0*
b1 ,
1c
#9036000
b110101 .
b10 =
b1 ?
b101001011 (!
b10011001001001001100110110110 G
b11001001110100110101010010111111 G
0*!
b10101110010001111000111111110100 G
b1011100 +!
0x
b1011100 y
#9040000
0$
0'
b1011100 (
b1011100 a
0`
0]
0c
#9045000
1$
1]
b10 d
b11 e
b1011100 i
b10 ,
#9046000
b1011100 /
b11 =
b10 ?
b101001100 (!
b11000001100100011010101001100101 G
0)!
b10001101100011001001111100010 G
1*!
b11000011100101111110010111111011 G
b10000111 +!
0w
1x
b10000111 y
#9050000
0$
0&
1'
b10000111 (
0z
1{
b10000111 a
1`
0_
0]
0b
1c
#9055000
1$
1]
b10 f
b1 d
b1011100 )
b1 ,
#9056000
b10 >
b1 ?
b101001101 (!
b111101010010111110100100000000 G
b11011001100111101001010100000001 G
b11100110100011110101111011001110 G
b11001101 +!
b11001101 y
#9060000
0$
b11001101 (
b11001101 a
0]
#9065000
1$
1]
b11 f
b0 d
1*
b10001 )
b0 ,
0c
#9066000
b11 >
b0 ?
b101001110 (!
b1000111011011010110000011110111 G
b100001011110100011000011001100 G
b110100000111110110111101011101 G
b1101000 +!
b1101000 y
#9070000
0$
b1101000 (
0{
b10011110 C
b1101000 a
0]
#9075000
1$
1]
#9076000
b101001111 (!
b11000101001100001110011001111010 G
1)!
b1001010010101101100000110110011 G
b10110001000000100011001101011000 G
b1100010 +!
1w
b1100010 y
#9080000
0$
1&
b1100010 (
1z
b100111 E
b1100010 a
1_
0]
1b
#9085000
1$
1]
b1 d
b100 e
b1100010 j
b1100010 )
0*
b1 ,
1c
#9086000
b1100010 0
b100 =
b1 ?
b101010000 (!
b1110101101101001010101111001 G
0)!
b10100011010001011101011011100110 G
b100001101111001100010000101111 G
b1000011 +!
0w
b1000011 y
#9090000
0$
0&
b1000011 (
0z
1{
b1000011 a
0_
0]
0b
#9095000
1$
1]
b100 f
b0 d
1*
b10000 )
b0 ,
0c
#9096000
b100 >
b0 ?
b101010001 (!
b1011110010011100111110010100100 G
1)!
b11111101110100100010001101010101 G
0*!
b10000011001101001110000010010 G
b100000 +!
1w
0x
b100000 y
#9100000
0$
1&
0'
b100000 (
1z
0{
b100000 a
0`
1_
0]
1b
#9105000
1$
1]
b1 d
b101 e
b100000 k
b100000 )
0*
b1 ,
#9106000
b100000 1
b101 =
b1 ?
b101010010 (!
b11110100001010011110010001101011 G
b10001010100100000101100010110000 G
1*!
b10100010110001111111010011110001 G
b1000101 +!
1x
b1000101 y
#9110000
0$
1'
b1000101 (
1{
b1001111 F
b1000101 a
1`
0]
1c
#9115000
1$
1]
b101 f
b110 e
b1000101 l
b1000101 )
#9116000
b1000101 2
b110 =
b10 ?
b101 >
b1 ?
b101010011 (!
b1110110100000000110000111111110 G
0)!
b11001011110001100101111001100111 G
b10011111000010111101001101111100 G
b111110 +!
0w
b111110 y
#9120000
0$
0&
b111110 (
0z
b111110 a
0_
0]
0b
#9125000
1$
1]
b110 f
b0 d
1*
b10111011 )
b0 ,
0c
#9126000
b110 >
b0 ?
b101010100 (!
b11001001101100011010011001001101 G
b101111000000010001010010101010 G
b11000110100101000010111000100011 G
b10001101 +!
b10001101 y
#9130000
0$
b10001101 (
0{
b10011111 C
b10001101 a
0]
#9135000
1$
1]
#9136000
b101010101 (!
b10111001001000111011100100001000 G
b11001011000010001001001101101001 G
0*!
b10011000110000110110000000010110 G
b110001 +!
0x
b110001 y
#9140000
0$
0'
b110001 (
b110001 a
0`
0]
#9145000
1$
1]
#9146000
b101010110 (!
b10100000011010110000111110011111 G
b11110101001001011001010101010100 G
b11001101000000011101100001000101 G
b10011010 +!
b10011010 y
#9150000
0$
b10011010 (
b10011010 a
0]
#9155000
1$
1]
#9156000
b101010111 (!
b11010101110101011000001000010 G
b10010010101101000111111011011011 G
1*!
b100011110101011011010001100000 G
b1000111 +!
1x
b1000111 y
#9160000
0$
1'
b1000111 (
b10100000 C
b1000111 a
1`
0]
#9165000
1$
1]
#9166000
b101011000 (!
b1000000101010100101000011100001 G
1)!
b10111111010111110011000100101110 G
b1000101111001111011011111010111 G
b10001011 +!
1w
b10001011 y
#9170000
0$
1&
b10001011 (
1z
b101000 E
b10001011 a
1_
0]
1b
#9175000
1$
1]
b1 d
b111 e
b10001011 m
b10001011 )
0*
b1 ,
1c
#9176000
b10001011 3
b111 =
b1 ?
b101011001 (!
b1110110101110110010001000101100 G
0)!
b10110110110000101001100100111101 G
b11010100110110011100111011011010 G
b10101001 +!
0w
b10101001 y
#9180000
0$
0&
b10101001 (
0z
1{
b10101001 a
0_
0]
0b
#9185000
1$
1]
b111 f
b0 d
1*
b1111100 )
b0 ,
0c
#9186000
b111 >
b0 ?
b101011010 (!
b1010000110001011011011010010011 G
b1101111001010111010101010111000 G
b11101000010110110000110101011001 G
b11010000 +!
b11010000 y
#9190000
0$
b11010000 (
0{
b10100001 C
b11010000 a
0]
#9195000
1$
1]
#9196000
b101011011 (!
b10111101111100000011010101000110 G
1)!
b10000001010101010011011100001111 G
b11100000101111101101000000100 G
b111000 +!
1w
b111000 y
#9200000
0$
1&
b111000 (
1z
b101001 E
b111000 a
1_
0]
1b
#9205000
1$
1]
b1 d
b1000 e
b111000 n
b111000 )
0*
b1 ,
1c
#9206000
b111000 4
b1000 =
b1 ?
b101011100 (!
b10001111001011111100100100110101 G
0)!
b11011111101100001101000001110010 G
b11101011100111101011010101001011 G
b11010111 +!
0w
b11010111 y
#9210000
0$
0&
b11010111 (
0z
1{
b11010111 a
0_
0]
0b
#9215000
1$
1]
b1000 f
b0 d
1*
b111101 )
b0 ,
0c
#9216000
b1000 >
b0 ?
b101011101 (!
b1110010100101101111110000010000 G
b1101001110001001010100011010001 G
b1010111110111101100110001011110 G
b10101111 +!
b10101111 y
#9220000
0$
b10101111 (
0{
b10100010 C
b10101111 a
0]
#9225000
1$
1]
#9226000
b101011110 (!
b1111010001010000110110101000111 G
b1001101001100110001110011011100 G
b10000111010000010100100000101101 G
b1110 +!
b1110 y
#9230000
0$
b1110 (
b10100011 C
b1110 a
0]
#9235000
1$
1]
#9236000
b101011111 (!
b11101000000111100001010100001010 G
b1111100001100100101101100000011 G
b1011101111101010000100001101000 G
b10111011 +!
b10111011 y
#9240000
0$
b10111011 (
b10100100 C
b10111011 a
0]
#9245000
1$
1]
#9246000
b101100000 (!
b10110111000011010000001101001001 G
b1000001110111110101011001110110 G
b1101101101100100011101001111111 G
b11011011 +!
b11011011 y
#9250000
0$
b11011011 (
b10100101 C
b11011011 a
0]
#9255000
1$
1]
#9256000
b101100001 (!
b11111001100000100101010110100 G
b10111000001010101111011000100101 G
b10011111000010111111110010100010 G
b111110 +!
b111110 y
#9260000
0$
b111110 (
b10100110 C
b111110 a
0]
#9265000
1$
1]
#9266000
b101100010 (!
b11110101000011111000011110111011 G
1)!
b10001111000011110010111111000000 G
b10000100010101011111110011000001 G
b1000 +!
1w
b1000 y
#9270000
0$
1&
b1000 (
1z
b101010 E
b1000 a
1_
0]
1b
#9275000
1$
1]
b1 d
b1001 e
b1000 o
b1000 )
0*
b1 ,
1c
#9276000
b1000 5
b1001 =
b1 ?
b101100011 (!
b1010011011100100011001110001110 G
0)!
b11010010100111110111111010110111 G
b1000001110111101100001110001100 G
b10000011 +!
0w
b10000011 y
#9280000
0$
0&
b10000011 (
0z
1{
b10000011 a
0_
0]
0b
#9285000
1$
1]
b1001 f
b0 d
1*
b10011000 )
b0 ,
0c
#9286000
b1001 >
b0 ?
b101100100 (!
b11010010110111001011001100011101 G
b11000010111100001110011100111010 G
b111101111000010001101101110011 G
b1111011 +!
b1111011 y
#9290000
0$
b1111011 (
0{
b10100111 C
b1111011 a
0]
#9295000
1$
1]
#9296000
b101100101 (!
b10111000110101101001000011000 G
b10101111001111010111010100111001 G
b11101000011000111100001110100110 G
b11010000 +!
b11010000 y
#9300000
0$
b11010000 (
b10101000 C
b11010000 a
0]
#9305000
1$
1]
#9306000
b101100110 (!
b11101100011110010001100111101111 G
1)!
b10011101001110011110011101100100 G
b10111111100000100101111100010101 G
b1111111 +!
1w
b1111111 y
#9310000
0$
1&
b1111111 (
1z
b101011 E
b1111111 a
1_
0]
1b
#9315000
1$
1]
b1 d
b1010 e
b1111111 p
b1111111 )
0*
b1 ,
1c
#9316000
b1111111 6
b1010 =
b1 ?
b101100111 (!
b1011001010011110011010011010010 G
b10111110111011011111011000101011 G
0*!
b11110000001110010100111101110000 G
b11100000 +!
0x
b11100000 y
#9320000
0$
0'
b11100000 (
b11100000 a
0`
0]
0c
#9325000
1$
1]
b10 d
b1011 e
b11100000 q
b10 ,
#9326000
b11100000 7
b1011 =
b10 ?
b101101000 (!
b10010110010111010100110010110001 G
0)!
b1110010010011000110011010111110 G
1*!
b11001111001000111110110000100111 G
b10011110 +!
0w
1x
b10011110 y
#9330000
0$
0&
1'
b10011110 (
0z
1{
b10011110 a
1`
0_
0]
0b
1c
#9335000
1$
1]
b1010 f
b1 d
b11100000 )
b1 ,
#9336000
b1010 >
b1 ?
b101101001 (!
b10011110111010010001011000111100 G
b101101000000111101101000001101 G
0*!
b11000001101010100010101101010 G
b110000 +!
0x
b110000 y
#9340000
0$
0'
b110000 (
0{
b110000 a
0`
0]
0c
#9345000
1$
1]
#9346000
b101101010 (!
b1011100100110001111011111100011 G
b11100010111110000000011111001000 G
b1100000110010110110001100101001 G
b11000001 +!
b11000001 y
#9350000
0$
b11000001 (
b11000001 a
0]
#9355000
1$
1]
#9356000
b101101011 (!
b111010000100000111110011010110 G
b11010010011000001101010101011111 G
1*!
b110111101111111011000000010100 G
b1101111 +!
1x
b1101111 y
#9360000
0$
1'
b1101111 (
1{
b1101111 a
1`
0]
1c
#9365000
1$
1]
b1011 f
b0 d
1*
b10100 )
b0 ,
0c
#9366000
b1011 >
b0 ?
b101101100 (!
b10000100001010000010000000101 G
b11111111101111010111100100000010 G
b11100010111000010000000010011011 G
b11000101 +!
b11000101 y
#9370000
0$
b11000101 (
0{
b10101001 C
b11000101 a
0]
#9375000
1$
1]
#9376000
b101101101 (!
b11011110100000101101100100000 G
b110101100110011001100010100001 G
b1010001011000000110010111101110 G
b10100010 +!
b10100010 y
#9380000
0$
b10100010 (
b10101010 C
b10100010 a
0]
#9385000
1$
1]
#9386000
b101101110 (!
b1110101010011001011010110010111 G
b10001001001111010001010011101100 G
b10100111001011011110011111101 G
b101001 +!
b101001 y
#9390000
0$
b101001 (
b10101011 C
b101001 a
0]
#9395000
1$
1]
#9396000
b101101111 (!
b100011100011100010111110011010 G
b11100000111000001111000001010011 G
b1110000101001111010100101111000 G
b11100001 +!
b11100001 y
#9400000
0$
b11100001 (
b10101100 C
b11100001 a
0]
#9405000
1$
1]
#9406000
b101110000 (!
b1100011010101011100110100011001 G
b10110100001110001000001000000110 G
b10110001111000000110110011001111 G
b1100011 +!
b1100011 y
#9410000
0$
b1100011 (
b10101101 C
b1100011 a
0]
#9415000
1$
1]
#9416000
b101110001 (!
b1000011000011001010010011000100 G
b11111010010000011110010011110101 G
b10100100010110011100100100110010 G
b1001000 +!
b1001000 y
#9420000
0$
b1001000 (
b10101110 C
b1001000 a
0]
#9425000
1$
1]
#9426000
b101110010 (!
b11110100010011111010011100001011 G
b1010110010011110101001011010000 G
b1110111100010011110000010010001 G
b11101111 +!
b11101111 y
#9430000
0$
b11101111 (
b10101111 C
b11101111 a
0]
#9435000
1$
1]
#9436000
b101110011 (!
b10011010011000010011000100011110 G
1)!
b11000000011100001101101100000111 G
b10110000100001011011111110011100 G
b1100001 +!
1w
b1100001 y
#9440000
0$
1&
b1100001 (
1z
b101100 E
b1100001 a
1_
0]
1b
#9445000
1$
1]
b1 d
b1100 e
b1100001 r
b1100001 )
0*
b1 ,
1c
#9446000
b1100001 8
b1100 =
b1 ?
b101110100 (!
b11100101011100010101101111101101 G
0)!
b11011001010111101010010111001010 G
b10000101000000000000010011000011 G
b1010 +!
0w
b1010 y
#9450000
0$
0&
b1010 (
0z
1{
b1010 a
0_
0]
0b
#9455000
1$
1]
b1100 f
b0 d
1*
b1000001 )
b0 ,
0c
#9456000
b1100 >
b0 ?
b101110101 (!
b10000110000001001011011100101000 G
1)!
b1000110001110111011001100001001 G
b11111000111011101101001100110110 G
b11110001 +!
1w
b11110001 y
#9460000
0$
1&
b11110001 (
1z
0{
b101101 E
b11110001 a
1_
0]
1b
#9465000
1$
1]
b1 d
b1101 e
b11110001 s
b11110001 )
0*
b1 ,
1c
#9466000
b11110001 9
b1101 =
b1 ?
b101110110 (!
b1001011001011101110000000111111 G
b1110110001010111100010101110100 G
b10011111100010000000000111100101 G
b111111 +!
b111111 y
#9470000
0$
b111111 (
1{
b1010000 F
b111111 a
0]
#9475000
1$
1]
b1101 f
b1110 e
b111111 t
b111111 )
#9476000
b111111 :
b1110 =
b10 ?
b1101 >
b1 ?
b101110111 (!
b10101001111001110010010101100010 G
0)!
b11110000011000001110100101111011 G
b1010010111100010011011010000000 G
b10100101 +!
0w
b10100101 y
#9480000
0$
0&
b10100101 (
0z
b10100101 a
0_
0]
0b
#9485000
1$
1]
b1110 f
b0 d
1*
b1000100 )
b0 ,
0c
#9486000
b1110 >
b0 ?
b101111000 (!
b11100001011011010010010010000001 G
b110011110000011100100001001110 G
b10001101001110101110001110111 G
b100011 +!
b100011 y
#9490000
0$
b100011 (
0{
b10110000 C
b100011 a
0]
#9495000
1$
1]
#9496000
b101111001 (!
b11111111001011100001011001001100 G
b11000101010101011011011011011101 G
b10110110010011010011111111010 G
b101101 +!
b101101 y
#9500000
0$
b101101 (
b10110001 C
b101101 a
0]
#9505000
1$
1]
#9506000
b101111010 (!
b100100111111010011010100110011 G
b10101111101010100011000011011000 G
b10000000100111000001010011111001 G
b1 +!
b1 y
#9510000
0$
b1 (
b10110010 C
b1 a
0]
#9515000
1$
1]
#9516000
b101111011 (!
b11111111000001100111000001100110 G
b11111100010000110010111110101111 G
0*!
b10011010111010000001001000100100 G
b110101 +!
0x
b110101 y
#9520000
0$
0'
b110101 (
b110101 a
0`
0]
#9525000
1$
1]
#9526000
b101111100 (!
b11100110111001100101101011010101 G
b11110011111010001000110110010010 G
1*!
b10101101111110111100011111101011 G
b1011011 +!
1x
b1011011 y
#9530000
0$
1'
b1011011 (
b10110011 C
b1011011 a
1`
0]
#9535000
1$
1]
#9536000
b101111101 (!
b11100011101100010000011000110000 G
b1011000010000100110010001110001 G
b1110000101101010010101101111110 G
b11100001 +!
b11100001 y
#9540000
0$
b11100001 (
b10110100 C
b11100001 a
0]
#9545000
1$
1]
#9546000
b101111110 (!
b10011111110001110011100111100111 G
b1001010011000010001100011111100 G
b10010111000000011100110111001101 G
b101110 +!
b101110 y
#9550000
0$
b101110 (
b10110101 C
b101110 a
0]
#9555000
1$
1]
#9556000
b101111111 (!
b11010001101100100011011000101010 G
b101110100111111000000110100011 G
0*!
b11110000111100110001011010001000 G
b11100001 +!
0x
b11100001 y
#9560000
0$
0'
b11100001 (
b11100001 a
0`
0]
#9565000
1$
1]
#9566000
b110000000 (!
b1100001010101011111001011101001 G
1)!
b1000010000100100101100110010110 G
1*!
b110000110101000101101100011111 G
b1100001 +!
1w
1x
b1100001 y
#9570000
0$
1&
1'
b1100001 (
1z
b101110 E
b1100001 a
1`
1_
0]
1b
#9575000
1$
1]
b1 d
b1111 e
b1100001 u
b1100001 )
0*
b1 ,
1c
#9576000
b1100001 ;
b1111 =
b1 ?
b110000001 (!
b111101110011001000101011010100 G
0)!
b1101010101010111110111111000101 G
b10110101000010000000111000010 G
b101101 +!
0w
b101101 y
#9580000
0$
0&
b101101 (
0z
1{
b101101 a
0_
0]
0b
#9585000
1$
1]
b1111 f
b0 d
1*
b1011001 )
b0 ,
0c
#9586000
b1111 >
b0 ?
b110000010 (!
b1001101110001110100001001011011 G
1)!
b10101001010010011100000111100000 G
0*!
b10000110010001010000001100001 G
b100001 +!
1w
0x
b100001 y
#9590000
0$
1&
0'
b100001 (
1z
0{
b100001 a
0`
1_
0]
1b
#9595000
1$
1]
b1 d
b0 e
b100001 v
b100001 )
0*
b1 ,
#9596000
b100001 <
b0 =
b1 ?
b110000011 (!
b1000001001011100101101010101110 G
0)!
b11100111011001110111001101010111 G
1*!
b10000010011100011110101100 G
b100 +!
0w
1x
b100 y
#9600000
0$
0&
1'
b100 (
0z
1{
b100 a
1`
0_
0]
0b
1c
#9605000
1$
1]
b0 f
b0 d
1*
b1110100 )
b0 ,
0c
#9606000
b0 >
b0 ?
b110000100 (!
b11101000101001001010000010111101 G
1)!
b1001000101110110101000001011010 G
b10001011011011110101000010011 G
b100010 +!
1w
b100010 y
#9610000
0$
1&
b100010 (
1z
0{
b101111 E
b100010 a
1_
0]
1b
#9615000
1$
1]
b1 d
b1 e
b100010 g
b100010 )
0*
b1 ,
1c
#9616000
b100010 -
b1 =
b1 ?
b110000101 (!
b1110011111110100110100000111000 G
0)!
b11111111000010000100110011011001 G
0*!
b11110010011001011000111011000110 G
b11100100 +!
0w
0x
b11100100 y
#9620000
0$
0&
0'
b11100100 (
0z
b11100100 a
0`
0_
0]
0b
0c
#9625000
1$
1]
#9626000
b110000110 (!
b11010010010110010110001010001111 G
b1011110001001000010111110000100 G
1*!
b1101000111001111100000010110101 G
b11010001 +!
1x
b11010001 y
#9630000
0$
1'
b11010001 (
1{
b11010001 a
1`
0]
1c
#9635000
1$
1]
b1 f
b0 d
1*
b110101 )
b0 ,
0c
#9636000
b1 >
b0 ?
b110000111 (!
b10000111000100111000000111110010 G
b10101010001010100101100011001011 G
b11000011001101100110100110010000 G
b10000110 +!
b10000110 y
#9640000
0$
b10000110 (
0{
b10110110 C
b10000110 a
0]
#9645000
1$
1]
#9646000
b110001000 (!
b1111111011111101101100001010001 G
b1100001111000000101010111011110 G
b11010110111110000100011000111 G
b110101 +!
b110101 y
#9650000
0$
b110101 (
b10110111 C
b110101 a
0]
#9655000
1$
1]
#9656000
b110001001 (!
b11100000110100110010001001011100 G
b11100100001011010010111110101101 G
b110011010001111111011010001010 G
b1100110 +!
b1100110 y
#9660000
0$
b1100110 (
b10111000 C
b1100110 a
0]
#9665000
1$
1]
#9666000
b110001010 (!
b10101110101011110110111010000011 G
b111001100110110010010111101000 G
0*!
b101000000100100010001011001001 G
b1010000 +!
0x
b1010000 y
#9670000
0$
0'
b1010000 (
b1010000 a
0`
0]
#9675000
1$
1]
#9676000
b110001011 (!
b100101000100110000111111110110 G
b10111000000010010100010111111111 G
1*!
b11101111110100000000000110100 G
b111011 +!
1x
b111011 y
#9680000
0$
1'
b111011 (
b10111001 C
b111011 a
1`
0]
#9685000
1$
1]
#9686000
b110001100 (!
b10110011011010001100110110100101 G
b11001011000000110000111000100010 G
b11000111010011000000101100111011 G
b10001110 +!
b10001110 y
#9690000
0$
b10001110 (
b10111010 C
b10001110 a
0]
#9695000
1$
1]
#9696000
b110001101 (!
b1111111101100011111110101000000 G
b1001000101001000000110001000001 G
b10001100001111100001110100001110 G
b11000 +!
b11000 y
#9700000
0$
b11000 (
b10111011 C
b11000 a
0]
#9705000
1$
1]
#9706000
b110001110 (!
b10010010010001001111101000110111 G
b10011100001010000010100100001100 G
b111111010010100111101010011101 G
b1111110 +!
b1111110 y
#9710000
0$
b1111110 (
b10111100 C
b1111110 a
0]
#9715000
1$
1]
#9716000
b110001111 (!
b11110001011110110010100010111010 G
b11001001011010110000111011110011 G
b11001001011100000100111110011000 G
b10010010 +!
b10010010 y
#9720000
0$
b10010010 (
b10111101 C
b10010010 a
0]
#9725000
1$
1]
#9726000
b110010000 (!
b110010 %!
b110010 &!
b0 (!
b1010010100100100111010010111001 G
b11111011011101110100100110 G
0*!
b10110110110110000010101101111 G
b101101 +!
0x
b101101 y
#9730000
0$
0'
b101101 (
b101101 a
0`
0]
#9735000
1$
1]
#9736000
b1 (!
b1110010000110001111110011100100 G
b10011111101111100001011010010101 G
b10101000111100101010011001010010 G
b1010001 +!
b1010001 y
#9740000
0$
b1010001 (
b1010001 a
0]
#9745000
1$
1]
#9746000
b10 (!
b1000011000100110101100110101011 G
b1011101101110111110011110000 G
b110000001101110011110000110001 G
b1100000 +!
b1100000 y
#9750000
0$
b1100000 (
b1100000 a
0]
#9755000
1$
1]
#9756000
b11 (!
b10100110011110101011000000111110 G
1)!
b111011011100000100011110100111 G
b10010100001100111101101110111100 G
b101000 +!
1w
b101000 y
#9760000
0$
1&
b101000 (
1z
b101000 a
1_
0]
1b
#9765000
1$
1]
b1 d
b10 e
b101000 h
b101000 )
0*
b1 ,
#9766000
b101000 .
b10 =
b1 ?
b100 (!
b101011011010111000000110001101 G
0)!
b10111100001101111110011011101010 G
1*!
b1110110011001111100101101100011 G
b11101100 +!
0w
1x
b11101100 y
#9770000
0$
0&
1'
b11101100 (
0z
1{
b11101100 a
1`
0_
0]
0b
1c
#9775000
1$
1]
b10 f
b0 d
1*
b1011100 )
b0 ,
0c
#9776000
b10 >
b0 ?
b101 (!
b11100001110101001110010101001000 G
1)!
b10001100011010000100001010101001 G
b11111101100010001111011001010110 G
b11111011 +!
1w
b11111011 y
#9780000
0$
1&
b11111011 (
1z
0{
b110000 E
b11111011 a
1_
0]
1b
#9785000
1$
1]
b1 d
b11 e
b11111011 i
b11111011 )
0*
b1 ,
1c
#9786000
b11111011 /
b11 =
b1 ?
b110 (!
b11110001100001011010000011011111 G
0)!
b11010010000011000010010110010100 G
0*!
b11110111001101101001101110000101 G
b11101110 +!
0w
0x
b11101110 y
#9790000
0$
0&
0'
b11101110 (
0z
b11101110 a
0`
0_
0]
0b
0c
#9795000
1$
1]
#9796000
b111 (!
b1011000001001010100101010000010 G
1)!
b11000101001001110100010000011011 G
1*!
b100011000000011110100010100000 G
b1000110 +!
1w
1x
b1000110 y
#9800000
0$
1&
1'
b1000110 (
1z
1{
b1010001 F
b1000110 a
1`
1_
0]
1b
1c
#9805000
1$
1]
b11 f
b100 e
b1000110 j
b1000110 )
#9806000
b1000110 0
b100 =
b10 ?
b11 >
b1 ?
b1000 (!
b1001111101110110100000100001 G
b11110011100010010000111101101110 G
0*!
b1001111101111111000100010111 G
b10011 +!
0x
b10011 y
#9810000
0$
0'
b10011 (
0{
b10011 a
0`
0]
0c
#9815000
1$
1]
b10 d
b101 e
b10011 k
b10 ,
#9816000
b10011 1
b101 =
b10 ?
b1001 (!
b10000011111000010011101001101100 G
0)!
b1000101101111110100010001111101 G
b11010101001000010011000100011010 G
b10101010 +!
0w
b10101010 y
#9820000
0$
0&
b10101010 (
0z
b10101010 a
0_
0]
0b
#9825000
1$
1]
#9826000
b1010 (!
b10001100001011001010001111010011 G
1)!
b100111111000111110011011111000 G
1*!
b1101011001100101000110010011001 G
b11010110 +!
1w
1x
b11010110 y
#9830000
0$
1&
1'
b11010110 (
1z
1{
b1010010 F
b11010110 a
1`
1_
0]
1b
1c
#9835000
1$
1]
b100 f
b110 e
b11010110 l
b10011 )
#9836000
b11010110 2
b110 =
b11 ?
b100 >
b10 ?
b1011 (!
b11110101001101110101101110000110 G
0)!
b10001000100000000001100001001111 G
0*!
b11101000000111100111101001000100 G
b11010000 +!
0w
0x
b11010000 y
#9840000
0$
0&
0'
b11010000 (
0z
0{
b11010000 a
0`
0_
0]
0b
0c
#9845000
1$
1]
#9846000
b1100 (!
b11100110111000010101110001110101 G
b10110000100111011111101010110010 G
b1101110111011101100101010001011 G
b11011101 +!
b11011101 y
#9850000
0$
b11011101 (
b11011101 a
0]
#9855000
1$
1]
#9856000
b1101 (!
b11000000000011000100000001010000 G
1)!
b10101001011000111001000000010001 G
1*!
b1000011000111000011101010011110 G
b10000110 +!
1w
1x
b10000110 y
#9860000
0$
1&
1'
b10000110 (
1z
1{
b1010011 F
b10000110 a
1`
1_
0]
1b
1c
#9865000
1$
1]
b101 f
b111 e
b10000110 m
b11010110 )
#9866000
b10000110 3
b111 =
b11 ?
b101 >
b10 ?
b1110 (!
b1100111001100101111011010000111 G
0)!
b110000110110110100010100011100 G
b10000111001101001100001101101101 G
b1110 +!
0w
b1110 y
#9870000
0$
0&
b1110 (
0z
b1110 a
0_
0]
0b
#9875000
1$
1]
b110 f
b1 d
b10000110 )
b1 ,
#9876000
b110 >
b1 ?
b1111 (!
b10110110100110100000011101001010 G
1)!
b10011000000001001100001000011 G
b11010111011110000101010010101000 G
b10101110 +!
1w
b10101110 y
#9880000
0$
1&
b10101110 (
1z
b1010100 F
b10101110 a
1_
0]
1b
#9885000
1$
1]
b111 f
b1000 e
b10101110 n
b10101110 )
#9886000
b10101110 4
b1000 =
b10 ?
b111 >
b1 ?
b10000 (!
b11111100010100000101001010001001 G
0)!
b1110011000011000000110010110110 G
b11001010000000010110101110111111 G
b10010100 +!
0w
b10010100 y
#9890000
0$
0&
b10010100 (
0z
b10010100 a
0_
0]
0b
#9895000
1$
1]
b1000 f
b0 d
1*
b1000 )
b0 ,
0c
#9896000
b1000 >
b0 ?
b10001 (!
b1000001010110101111101011110100 G
b11101111100011010101100101100101 G
0*!
b1011011000111111011011011100010 G
b10110110 +!
0x
b10110110 y
#9900000
0$
0'
b10110110 (
0{
b10110110 a
0`
0]
#9905000
1$
1]
#9906000
b10010 (!
b1001011100100001110110011111011 G
1)!
b11001100000100011000010000000000 G
1*!
b11010001101110101011010000000001 G
b10100011 +!
1w
1x
b10100011 y
#9910000
0$
1&
1'
b10100011 (
1z
b110001 E
b10100011 a
1`
1_
0]
1b
#9915000
1$
1]
b1 d
b1001 e
b10100011 o
b10100011 )
0*
b1 ,
1c
#9916000
b10100011 5
b1001 =
b1 ?
b10011 (!
b100001101001110011000111001110 G
0)!
b10100010001110000101011111110111 G
b11011100011001111101111001100 G
b110111 +!
0w
b110111 y
#9920000
0$
0&
b110111 (
0z
1{
b110111 a
0_
0]
0b
#9925000
1$
1]
b1001 f
b0 d
1*
b1111111 )
b0 ,
0c
#9926000
b1001 >
b0 ?
b10100 (!
b110100011110101111111001011101 G
1)!
b1000011110001010110100101111010 G
0*!
b10110100111010101010100010110011 G
b1101001 +!
1w
0x
b1101001 y
#9930000
0$
1&
0'
b1101001 (
1z
0{
b1101001 a
0`
1_
0]
1b
#9935000
1$
1]
b1 d
b1010 e
b1101001 p
b1101001 )
0*
b1 ,
#9936000
b1101001 6
b1010 =
b1 ?
b10101 (!
b1110011001011010010111001011000 G
b10110100111000001001010001111001 G
b11010011110110100000100111100110 G
b10100111 +!
b10100111 y
#9940000
0$
b10100111 (
b10100111 a
0]
#9945000
1$
1]
b10 d
b1011 e
b10100111 q
b10 ,
#9946000
b10100111 7
b1011 =
b10 ?
b10110 (!
b11000010000000001001101100101111 G
0)!
b11111101100011001010011110100100 G
b11010101110010011001001001010101 G
b10101011 +!
0w
b10101011 y
#9950000
0$
0&
b10101011 (
0z
b10101011 a
0_
0]
0b
#9955000
1$
1]
#9956000
b10111 (!
b1001011010111111100010010 G
b10111111111101001010101101101011 G
1*!
b11001111000011001011001110110000 G
b10011110 +!
1x
b10011110 y
#9960000
0$
1'
b10011110 (
1{
b10011110 a
1`
0]
1c
#9965000
1$
1]
b1010 f
b1 d
b10100111 )
b1 ,
#9966000
b1010 >
b1 ?
b11000 (!
b100101111110111101001111110001 G
1)!
b1000010111001111010011111110 G
0*!
b1011111110111110001010101100111 G
b10111111 +!
1w
0x
b10111111 y
#9970000
0$
1&
0'
b10111111 (
1z
0{
b10111111 a
0`
1_
0]
1b
0c
#9975000
1$
1]
b10 d
b1100 e
b10111111 r
b10 ,
#9976000
b10111111 8
b1100 =
b10 ?
b11001 (!
b101111001000010101111001111100 G
0)!
b11001110000000001111010101001101 G
1*!
b11111000100001100101011110101010 G
b11110001 +!
0w
1x
b11110001 y
#9980000
0$
0&
1'
b11110001 (
0z
1{
b11110001 a
1`
0_
0]
0b
1c
#9985000
1$
1]
b1011 f
b1 d
b10111111 )
b1 ,
#9986000
b1011 >
b1 ?
b11010 (!
b101101101100011101010100100011 G
1)!
b1110100010111010111010000001000 G
0*!
b1100001110000100101001001101001 G
b11000011 +!
1w
0x
b11000011 y
#9990000
0$
1&
0'
b11000011 (
1z
0{
b11000011 a
0`
1_
0]
1b
0c
#9995000
1$
1]
b10 d
b1101 e
b11000011 s
b10 ,
#9996000
b11000011 9
b1101 =
b10 ?
b11011 (!
b1111001001101000101001100010110 G
b1010001101001010011010011111 G
1*!
b1111111001111101000000001010100 G
b11111110 +!
1x
b11111110 y
#10000000
0$
1'
b11111110 (
1{
b1010101 F
b11111110 a
1`
0]
1c
#10005000
1$
1]
b1100 f
b1110 e
b11111110 t
b11000011 )
#10006000
b11111110 :
b1110 =
b11 ?
b1100 >
b10 ?
b11100 (!
b10010001111001010000011101000101 G
0)!
b1111101000010100101001101000010 G
0*!
b11111010110000010000010111011011 G
b11110101 +!
0w
0x
b11110101 y
#10010000
0$
0&
0'
b11110101 (
0z
0{
b11110101 a
0`
0_
0]
0b
0c
#10015000
1$
1]
#10016000
b11101 (!
b10011111101110001100111101100000 G
b11000111001011110111111100001 G
b10001101001100001000010000101110 G
b11010 +!
b11010 y
#10020000
0$
b11010 (
b11010 a
0]
#10025000
1$
1]
#10026000
b11110 (!
b1010101111100010111011010111 G
b1110001100000110110110100101100 G
b11111111111101011010100000111101 G
b11111111 +!
b11111111 y
#10030000
0$
b11111111 (
b11111111 a
0]
#10035000
1$
1]
#10036000
b11111 (!
b11001011111111101000111011010 G
1)!
b10111010110111010001110110010011 G
1*!
b11111011001001000010010110111000 G
b11110110 +!
1w
1x
b11110110 y
#10040000
0$
1&
1'
b11110110 (
1z
1{
b1010110 F
b11110110 a
1`
1_
0]
1b
1c
#10045000
1$
1]
b1101 f
b1111 e
b11110110 u
b11111110 )
#10046000
b11110110 ;
b1111 =
b11 ?
b1101 >
b10 ?
b100000 (!
b10111100101001000110001011001 G
b11111001011011011110100001000110 G
0*!
b111010000101001000111000001111 G
b1110100 +!
0x
b1110100 y
#10050000
0$
0'
b1110100 (
0{
b1110100 a
0`
0]
0c
#10055000
1$
1]
b11 d
b0 e
b1110100 v
b11 ,
#10056000
b1110100 <
b0 =
b11 ?
b100001 (!
b11011101110111000010100000100 G
0)!
b111111111011101011100000110101 G
b1001101110010011001101110010 G
b10011 +!
0w
b10011 y
#10060000
0$
0&
b10011 (
0z
b10011 a
0_
0]
0b
#10065000
1$
1]
#10066000
b100010 (!
b1100100010111001111110001001011 G
b10011100100001101011100010000 G
b11011100111110000000011111010001 G
b10111001 +!
b10111001 y
#10070000
0$
b10111001 (
b10111001 a
0]
#10075000
1$
1]
#10076000
b100011 (!
b10010010110101001101111101011110 G
b1000011001011001010010001000111 G
1*!
b10110011010111100010011111011100 G
b1100110 +!
1x
b1100110 y
#10080000
0$
1'
b1100110 (
1{
b1100110 a
1`
0]
1c
#10085000
1$
1]
b1110 f
b10 d
b11110110 )
b10 ,
#10086000
b1110 >
b10 ?
b100100 (!
b10010010010010000001011100101101 G
1)!
b11100100000101001101100000001010 G
0*!
b10001011101100111000001000000011 G
b10111 +!
1w
0x
b10111 y
#10090000
0$
1&
0'
b10111 (
1z
0{
b10111 a
0`
1_
0]
1b
0c
#10095000
1$
1]
b11 d
b1 e
b10111 g
b11 ,
#10096000
b10111 -
b1 =
b11 ?
b100101 (!
b1111110010111000100001101101000 G
b100010101101100100001001001001 G
1*!
b1001111100110011100100101110110 G
b10011111 +!
1x
b10011111 y
#10100000
0$
1'
b10011111 (
1{
b1010111 F
b10011111 a
1`
0]
1c
#10105000
1$
1]
b1111 f
b10 e
b10011111 h
b1110100 )
#10106000
b10011111 .
b10 =
b100 ?
b1111 >
b11 ?
b100110 (!
b1010110110101110101000101111111 G
b11001011000011101011010110110100 G
b1111101101011010010100100101 G
b11111 +!
b11111 y
#10110000
0$
b11111 (
b1011000 F
b11111 a
0]
#10115000
1$
1]
b0 f
b11 e
b11111 i
b10111 )
#10116000
b11111 /
b11 =
b100 ?
b0 >
b11 ?
b100111 (!
b1110010111111010001111110100010 G
b1110111011111000111010111011 G
0*!
b10101110110011111100101011000000 G
b1011101 +!
0x
b1011101 y
#10120000
0$
0'
b1011101 (
0{
b1011101 a
0`
0]
0c
#10125000
1$
1]
b100 d
b100 e
b1011101 j
b100 ,
#10126000
b1011101 0
b100 =
b100 ?
b101000 (!
b1010100011100010001101111000001 G
0)!
b1111000101111010000011010001110 G
b1001111010000010111010110110111 G
b10011110 +!
0w
b10011110 y
#10130000
0$
0&
b10011110 (
0z
b10011110 a
0_
0]
0b
#10135000
1$
1]
#10136000
b101001 (!
b1000000000111001000111010001100 G
b1011000101001110100001000011101 G
b10111110011010000110101000111010 G
b1111100 +!
b1111100 y
#10140000
0$
b1111100 (
b1111100 a
0]
#10145000
1$
1]
#10146000
b101010 (!
b110001001111000000001001110011 G
1)!
b1111011101000001100110100011000 G
b11110111010001100111010000111001 G
b11101110 +!
1w
b11101110 y
#10150000
0$
1&
b11101110 (
1z
b11101110 a
1_
0]
1b
#10155000
1$
1]
b101 d
b101 e
b11101110 k
b101 ,
#10156000
b11101110 1
b101 =
b101 ?
b101011 (!
b1011100010101111011010100110 G
b1000011011100111111000011101111 G
1*!
b11011000000000110001001001100100 G
b10110000 +!
1x
b10110000 y
#10160000
0$
1'
b10110000 (
1{
b1011001 F
b10110000 a
1`
0]
1c
#10165000
1$
1]
b1 f
b110 e
b10110000 l
b10011111 )
#10166000
b10110000 2
b110 =
b110 ?
b1 >
b101 ?
b101100 (!
b110100110010001100111000010101 G
b1000101010110010001011111010010 G
b100110010111111011110100101011 G
b1001100 +!
b1001100 y
#10170000
0$
b1001100 (
b1011010 F
b1001100 a
0]
#10175000
1$
1]
b10 f
b111 e
b1001100 m
b11111 )
#10176000
b1001100 3
b111 =
b110 ?
b10 >
b101 ?
b101101 (!
b1010100011100001010101001110000 G
b1010100000010101110110001 G
b1001011000110111111100110111110 G
b10010110 +!
b10010110 y
#10180000
0$
b10010110 (
b1011011 F
b10010110 a
0]
#10185000
1$
1]
b11 f
b1000 e
b10010110 n
b1011101 )
#10186000
b10010110 4
b1000 =
b110 ?
b11 >
b101 ?
b101110 (!
b10001010110100111010001100100111 G
b10001101111010011010000100111100 G
0*!
b100010100000100010100100001101 G
b1000101 +!
0x
b1000101 y
#10190000
0$
0'
b1000101 (
0{
b1000101 a
0`
0]
0c
#10195000
1$
1]
b110 d
b1001 e
b1000101 o
b110 ,
#10196000
b1000101 5
b1001 =
b110 ?
b101111 (!
b1100111010111011000100001101010 G
0)!
b1110001111011001111011100011 G
b100111010011001100001011001000 G
b1001110 +!
0w
b1001110 y
#10200000
0$
0&
b1001110 (
0z
b1001110 a
0_
0]
0b
#10205000
1$
1]
#10206000
b110000 (!
b100001001001000010001000101001 G
b10000001110101000110111111010110 G
b110000101000010110110001011111 G
b1100001 +!
b1100001 y
#10210000
0$
b1100001 (
b1100001 a
0]
#10215000
1$
1]
#10216000
b110001 (!
b10010000001000111001101100010100 G
1)!
b11010110011101110011001100000101 G
1*!
b11111110000100000001110000000010 G
b11111100 +!
1w
1x
b11111100 y
#10220000
0$
1&
1'
b11111100 (
1z
1{
b1011100 F
b11111100 a
1`
1_
0]
1b
1c
#10225000
1$
1]
b100 f
b1010 e
b11111100 p
b11101110 )
#10226000
b11111100 6
b1010 =
b111 ?
b100 >
b110 ?
b110010 (!
b1100000010101001000011110011011 G
b11110110001011100111011000100000 G
0*!
b11110101010101000011011110100001 G
b11101010 +!
0x
b11101010 y
#10230000
0$
0'
b11101010 (
0{
b11101010 a
0`
0]
0c
#10235000
1$
1]
b111 d
b1011 e
b11101010 q
b111 ,
#10236000
b11101010 7
b1011 =
b111 ?
b110011 (!
b11110010111001001011100011101110 G
b11010111011110100010110010010111 G
b11101101101100000101111111101100 G
b11011011 +!
b11011011 y
#10240000
0$
b11011011 (
b11011011 a
0]
#10245000
1$
1]
b1000 d
b1100 e
b11011011 r
b1000 ,
#10246000
b11011011 8
b1100 =
b1000 ?
b110100 (!
b10101011000001111100101111111101 G
b100110100101110011001010011010 G
b11000111001111110101011101010011 G
b10001110 +!
b10001110 y
#10250000
0$
b10001110 (
b10001110 a
0]
#10255000
1$
1]
b1001 d
b1101 e
b10001110 s
b1001 ,
#10256000
b10001110 9
b1101 =
b1001 ?
b110101 (!
b11100011110110010010001111000 G
b110011111011100100110000011001 G
1*!
b11111011110010010011010100000110 G
b11110111 +!
1x
b11110111 y
#10260000
0$
1'
b11110111 (
1{
b1011101 F
b11110111 a
1`
0]
1c
#10265000
1$
1]
b101 f
b1110 e
b11110111 t
b10110000 )
#10266000
b11110111 :
b1110 =
b1010 ?
b101 >
b1001 ?
b110110 (!
b1100110101101100001111001111 G
b11110011101110110100111111000100 G
b11111111110011111101001111110101 G
b11111111 +!
b11111111 y
#10270000
0$
b11111111 (
b1011110 F
b11111111 a
0]
#10275000
1$
1]
b110 f
b1111 e
b11111111 u
b1001100 )
#10276000
b11111111 ;
b1111 =
b1010 ?
b110 >
b1001 ?
b110111 (!
b111011001001010010110000110010 G
b1101100001101001110111000001011 G
b1000100100001000010110111010000 G
b10001001 +!
b10001001 y
#10280000
0$
b10001001 (
b1011111 F
b10001001 a
0]
#10285000
1$
1]
b111 f
b0 e
b10001001 v
b10010110 )
#10286000
b10001001 <
b0 =
b1010 ?
b111 >
b1001 ?
b111000 (!
b11000001111111000011111110010001 G
0)!
b1100101110010100100010000011110 G
0*!
b1100100011000001001000000111 G
b11001 +!
0w
0x
b11001 y
#10290000
0$
0&
0'
b11001 (
0z
0{
b11001 a
0`
0_
0]
0b
0c
#10295000
1$
1]
#10296000
b111001 (!
b111011000110111100101010011100 G
1)!
b10001001001001110010101011101101 G
b11111100011110000110100011001010 G
b11111000 +!
1w
b11111000 y
#10300000
0$
1&
b11111000 (
1z
b11111000 a
1_
0]
1b
#10305000
1$
1]
b1010 d
b1 e
b11111000 g
b1010 ,
#10306000
b11111000 -
b1 =
b1010 ?
b111010 (!
b10110010100010000010101111000011 G
b1101000001101111001000101000 G
b10111011000000111111001000001001 G
b1110110 +!
b1110110 y
#10310000
0$
b1110110 (
b1110110 a
0]
#10315000
1$
1]
b1011 d
b10 e
b1110110 h
b1011 ,
#10316000
b1110110 .
b10 =
b1011 ?
b111011 (!
b11100111011111000100011000110110 G
b11110100010010101111011100111111 G
b1100101110101010011000001110100 G
b11001011 +!
b11001011 y
#10320000
0$
b11001011 (
b11001011 a
0]
#10325000
1$
1]
b1100 d
b11 e
b11001011 i
b1100 ,
#10326000
b11001011 /
b11 =
b1100 ?
b111100 (!
b10001111101000011011000011100101 G
0)!
b11101011010110110100100001100010 G
1*!
b1100011001001111111000001111011 G
b11000110 +!
0w
1x
b11000110 y
#10330000
0$
0&
1'
b11000110 (
0z
1{
b11000110 a
1`
0_
0]
0b
1c
#10335000
1$
1]
b1000 f
b1011 d
b1000101 )
b1011 ,
#10336000
b1000 >
b1011 ?
b111101 (!
b1011110101011001101000110000000 G
b1101000100001110100001110000001 G
0*!
b11010110001111111001101101001110 G
b10101100 +!
0x
b10101100 y
#10340000
0$
0'
b10101100 (
0{
b10101100 a
0`
0]
0c
#10345000
1$
1]
#10346000
b111110 (!
b1100111001000000101001101110111 G
b10001100100101101110000101001100 G
1*!
b11111100011110100010111011101 G
b111111 +!
1x
b111111 y
#10350000
0$
1'
b111111 (
1{
b111111 a
1`
0]
1c
#10355000
1$
1]
b1001 f
b1010 d
b11111100 )
b1010 ,
#10356000
b1001 >
b1010 ?
b111111 (!
b11010010001001000010101011111010 G
b1001000000111110001110000110011 G
b1110001100010110010101111011000 G
b11100011 +!
b11100011 y
#10360000
0$
b11100011 (
b11100011 a
0]
#10365000
1$
1]
b1010 f
b1001 d
b11101010 )
b1001 ,
#10366000
b1010 >
b1001 ?
b1000000 (!
b101001100001000001001111111001 G
b111110000001010001101100110 G
0*!
b10100000111101010000011010101111 G
b1000001 +!
0x
b1000001 y
#10370000
0$
0'
b1000001 (
0{
b1000001 a
0`
0]
0c
#10375000
1$
1]
#10376000
b1000001 (!
b1011100001111000011110100100100 G
1)!
b101000011110111100100111010101 G
1*!
b1111110001101010111000010010010 G
b11111100 +!
1w
1x
b11111100 y
#10380000
0$
1&
1'
b11111100 (
1z
1{
b1100000 F
b11111100 a
1`
1_
0]
1b
1c
#10385000
1$
1]
b1011 f
b100 e
b11111100 j
b11011011 )
#10386000
b11111100 0
b100 =
b1010 ?
b1011 >
b1001 ?
b1000010 (!
b111000000101001000111011101011 G
b10000010101000110110000100110000 G
b1001001111101000100001101110001 G
b10010011 +!
b10010011 y
#10390000
0$
b10010011 (
b1100001 F
b10010011 a
0]
#10395000
1$
1]
b1100 f
b101 e
b10010011 k
b10001110 )
#10396000
b10010011 1
b101 =
b1010 ?
b1100 >
b1001 ?
b1000011 (!
b11100011011101111011111001111110 G
0)!
b11111010000011011111000011100111 G
0*!
b11100011010011001010001111111100 G
b11000110 +!
0w
0x
b11000110 y
#10400000
0$
0&
0'
b11000110 (
0z
0{
b11000110 a
0`
0_
0]
0b
0c
#10405000
1$
1]
#10406000
b1000100 (!
b10001100101011110001110011001101 G
b10101001011111010111100100101010 G
1*!
b10010001110010110010100010100011 G
b100011 +!
1x
b100011 y
#10410000
0$
1'
b100011 (
1{
b100011 a
1`
0]
1c
#10415000
1$
1]
b1101 f
b1000 d
b11110111 )
b1000 ,
#10416000
b1101 >
b1000 ?
b1000101 (!
b111001011000101101000110001000 G
b11001010010011011011000111101001 G
b10100100001010010100110010010110 G
b1001000 +!
b1001000 y
#10420000
0$
b1001000 (
b1001000 a
0]
#10425000
1$
1]
b1110 f
b111 d
b11111111 )
b111 ,
#10426000
b1110 >
b111 ?
b1000110 (!
b11011010100010111111001000011111 G
1)!
b1111011110110111010111010100 G
0*!
b100000101011010001111011000101 G
b1000001 +!
1w
0x
b1000001 y
#10430000
0$
1&
0'
b1000001 (
1z
0{
b1000001 a
0`
1_
0]
1b
0c
#10435000
1$
1]
b1000 d
b110 e
b1000001 l
b1000 ,
#10436000
b1000001 2
b110 =
b1000 ?
b1000111 (!
b10011111101101010010011000010 G
b100111101000011100100101011011 G
b10111101001000101101110011100000 G
b1111010 +!
b1111010 y
#10440000
0$
b1111010 (
b1111010 a
0]
#10445000
1$
1]
b1001 d
b111 e
b1111010 m
b1001 ,
#10446000
b1111010 3
b111 =
b1001 ?
b1001000 (!
b10111000000100011111101100001 G
b11001001011001011010110110101110 G
b11101111010111110101001010111 G
b111011 +!
b111011 y
#10450000
0$
b111011 (
b111011 a
0]
#10455000
1$
1]
b1010 d
b1000 e
b111011 n
b1010 ,
#10456000
b111011 4
b1000 =
b1010 ?
b1001001 (!
b11011011001010000001001010101100 G
0)!
b10011010101101011010111110111101 G
b11001101001001110101001101011010 G
b10011010 +!
0w
b10011010 y
#10460000
0$
0&
b10011010 (
0z
b10011010 a
0_
0]
0b
#10465000
1$
1]
#10466000
b1001010 (!
b10011011000100110101000100010011 G
1)!
b1111010101010001110001100111000 G
b10101111111111111100101111011001 G
b1011111 +!
1w
b1011111 y
#10470000
0$
1&
b1011111 (
1z
b1011111 a
1_
0]
1b
#10475000
1$
1]
b1011 d
b1001 e
b1011111 o
b1011 ,
#10476000
b1011111 5
b1001 =
b1011 ?
b1001011 (!
b10111001000010010100000111000110 G
b11100110100001101011100110001111 G
1*!
b101010110111011101101010000100 G
b1010101 +!
1x
b1010101 y
#10480000
0$
1'
b1010101 (
1{
b1100010 F
b1010101 a
1`
0]
1c
#10485000
1$
1]
b1111 f
b1010 e
b1010101 p
b10001001 )
#10486000
b1010101 6
b1010 =
b1100 ?
b1111 >
b1011 ?
b1001100 (!
b1110010010001001010111110110101 G
b10101101101000011110010011110010 G
b101000001101101001111111001011 G
b1010000 +!
b1010000 y
#10490000
0$
b1010000 (
b1100011 F
b1010000 a
0]
#10495000
1$
1]
b0 f
b1011 e
b1010000 q
b11111000 )
#10496000
b1010000 7
b1011 =
b1100 ?
b0 >
b1011 ?
b1001101 (!
b10011001101001100100010010010000 G
b11000000001100000011011101010001 G
0*!
b10010000101111000110100011011110 G
b100001 +!
0x
b100001 y
#10500000
0$
0'
b100001 (
0{
b100001 a
0`
0]
0c
#10505000
1$
1]
b1100 d
b1100 e
b100001 r
b1100 ,
#10506000
b100001 8
b1100 =
b1100 ?
b1001110 (!
b11100001000100010011111111000111 G
0)!
b1011010110101000010110101011100 G
b10101111100100011111111010101101 G
b1011111 +!
0w
b1011111 y
#10510000
0$
0&
b1011111 (
0z
b1011111 a
0_
0]
0b
#10515000
1$
1]
#10516000
b1001111 (!
b100001001011100110001010 G
1)!
b11100001001111101001010110000011 G
1*!
b100010001110000110000011101000 G
b1000100 +!
1w
1x
b1000100 y
#10520000
0$
1&
1'
b1000100 (
1z
1{
b1100100 F
b1000100 a
1`
1_
0]
1b
1c
#10525000
1$
1]
b1 f
b1101 e
b1000100 s
b1110110 )
#10526000
b1000100 9
b1101 =
b1101 ?
b1 >
b1100 ?
b1010000 (!
b10100100111110010110000111001001 G
0)!
b100111011100111000001011110110 G
0*!
b11111000000111000101110011111111 G
b11110000 +!
0w
0x
b11110000 y
#10530000
0$
0&
0'
b11110000 (
0z
0{
b11110000 a
0`
0_
0]
0b
0c
#10535000
1$
1]
#10536000
b1010001 (!
b1111100011011100110101100110100 G
b10101011000100010111110010100101 G
b1011100111110100011000100100010 G
b10111001 +!
b10111001 y
#10540000
0$
b10111001 (
b10111001 a
0]
#10545000
1$
1]
#10546000
b1010010 (!
b1011001111110100001001000111011 G
b11010010011010001001100001000000 G
1*!
b1100101101111010010101101000001 G
b11001011 +!
1x
b11001011 y
#10550000
0$
1'
b11001011 (
1{
b11001011 a
1`
0]
1c
#10555000
1$
1]
b10 f
b1011 d
b11001011 )
b1011 ,
#10556000
b10 >
b1011 ?
b1010011 (!
b111110111011101111000000001110 G
b1110111100101001111000100110111 G
0*!
b1000011101110111111010000001100 G
b10000111 +!
0x
b10000111 y
#10560000
0$
0'
b10000111 (
0{
b10000111 a
0`
0]
0c
#10565000
1$
1]
#10566000
b1010100 (!
b10111100111100110000100110011101 G
1)!
b10101111101110001010101110111010 G
b11000011010100111111010111110011 G
b10000110 +!
1w
b10000110 y
#10570000
0$
1&
b10000110 (
1z
b10000110 a
1_
0]
1b
#10575000
1$
1]
b1100 d
b1110 e
b10000110 t
b1100 ,
#10576000
b10000110 :
b1110 =
b1100 ?
b1010101 (!
b10100011101011000100101010011000 G
b11011010110010111001110111001 G
1*!
b11100101001110110001000000100110 G
b11001010 +!
1x
b11001010 y
#10580000
0$
1'
b11001010 (
1{
b1100101 F
b11001010 a
1`
0]
1c
#10585000
1$
1]
b11 f
b1111 e
b11001010 u
b11111100 )
#10586000
b11001010 ;
b1111 =
b1101 ?
b11 >
b1100 ?
b1010110 (!
b10100000010000111101110001101111 G
0)!
b10100100111110000010011111100100 G
0*!
b11011100101000101000010110010101 G
b10111001 +!
0w
0x
b10111001 y
#10590000
0$
0&
0'
b10111001 (
0z
0{
b10111001 a
0`
0_
0]
0b
0c
#10595000
1$
1]
#10596000
b1010111 (!
b1110100100000101000100101010010 G
1)!
b1110110110100110010000010101011 G
b11001001101011111110000 G
b0 +!
1w
b0 y
#10600000
0$
1&
b0 (
1z
b0 a
1_
0]
1b
#10605000
1$
1]
b1101 d
b0 e
b0 v
b1101 ,
#10606000
b0 <
b0 =
b1101 ?
b1011000 (!
b1000111101010000001101100110001 G
b110001100000100001100111110 G
b10101011010011011111111010100111 G
b1010110 +!
b1010110 y
#10610000
0$
b1010110 (
b1010110 a
0]
#10615000
1$
1]
b1110 d
b1 e
b1010110 g
b1110 ,
#10616000
b1010110 -
b1 =
b1110 ?
b1011001 (!
b100010000010100110011010111100 G
b110000010001111101000010001101 G
1*!
b11111101001100010100111101010 G
b111111 +!
1x
b111111 y
#10620000
0$
1'
b111111 (
1{
b1100110 F
b111111 a
1`
0]
1c
#10625000
1$
1]
b100 f
b10 e
b111111 h
b10010011 )
#10626000
b111111 .
b10 =
b1111 ?
b100 >
b1110 ?
b1011010 (!
b11110010000110100111001001100011 G
b10101001010111111010000001001000 G
0*!
b11100111111110000000110101001 G
b111001 +!
0x
b111001 y
#10630000
0$
0'
b111001 (
0{
b111001 a
0`
0]
0c
#10635000
1$
1]
b1111 d
b11 e
b111001 i
b1111 ,
#10636000
b111001 /
b11 =
b1111 ?
b1011011 (!
b101100111100101110100101010110 G
0)!
b111101101101000011011111011111 G
b11001000000001100001000010010100 G
b10010000 +!
0w
b10010000 y
#10640000
0$
0&
b10010000 (
0z
b10010000 a
0_
0]
0b
#10645000
1$
1]
#10646000
b1011100 (!
b10001100010001101100101010000101 G
1)!
b10110111011111011110110110000010 G
b1000010011010001100101100011011 G
b10000100 +!
1w
b10000100 y
#10650000
0$
1&
b10000100 (
1z
b10000100 a
1_
0]
1b
#10655000
1$
1]
b10000 d
b100 e
b10000100 j
1+
b10000 ,
0b
#10656000
b10000100 0
b100 =
b10000 ?
b1011101 (!
b1001011010101100000001110100000 G
b10110101101100000000011100100001 G
b1110101011100110110001001101110 G
b11101010 +!
b11101010 y
#10660000
0$
b11101010 (
0z
b10110011 B
b11101010 a
0]
#10665000
1$
1]
#10666000
b1011110 (!
b1001011110100110110100000010111 G
b11011100101010101000010101101100 G
1*!
b11100010101111110101001101111101 G
b11000101 +!
1x
b11000101 y
#10670000
0$
1'
b11000101 (
1{
b101000 D
b11000101 a
1`
0]
1c
#10675000
1$
1]
b101 f
b1111 d
0+
b1000001 )
b1111 ,
1b
#10676000
b101 >
b1111 ?
b1011111 (!
b10011101111100000011010000011010 G
b11100000000110010000101011010011 G
0*!
b11000100011011010110000111111000 G
b10001000 +!
0x
b10001000 y
#10680000
0$
0'
b10001000 (
1z
0{
b10001000 a
0`
0]
0c
#10685000
1$
1]
b10000 d
b101 e
b10001000 k
1+
b10000 ,
0b
#10686000
b10001000 1
b101 =
b10000 ?
b1100000 (!
b111011100010010000101110011001 G
b10101101111011100000111010000110 G
1*!
b1101100111001000110111101001111 G
b11011001 +!
1x
b11011001 y
#10690000
0$
1'
b11011001 (
0z
1{
b101001 D
b11011001 a
1`
0]
1c
#10695000
1$
1]
b110 f
b1111 d
0+
b1111010 )
b1111 ,
1b
#10696000
b110 >
b1111 ?
b1100001 (!
b111011111000110010010101000100 G
b10100011000011010100101101110101 G
b10001001111011110101110110110010 G
b10011 +!
b10011 y
#10700000
0$
b10011 (
1z
b1100111 F
b10011 a
0]
#10705000
1$
1]
b111 f
b110 e
b10011 l
b111011 )
#10706000
b10011 2
b110 =
b10000 ?
b111 >
b1111 ?
b1100010 (!
b11111010001000100001000110001011 G
0)!
b11001101101110001101101010000 G
0*!
b11111111010100111110111100010001 G
b11111110 +!
0w
0x
b11111110 y
#10710000
0$
0&
0'
b11111110 (
0z
0{
b11111110 a
0`
0_
0]
0b
0c
#10715000
1$
1]
#10716000
b1100011 (!
b10101000011010110100110110011110 G
b10011110011111000010110110000111 G
1*!
b1100101010001110101000000011100 G
b11001010 +!
1x
b11001010 y
#10720000
0$
1'
b11001010 (
1{
b11001010 a
1`
0]
1c
#10725000
1$
1]
b1000 f
b1110 d
b1011111 )
b1110 ,
#10726000
b1000 >
b1110 ?
b1100100 (!
b1001010010001001001001101101 G
b10110000111110011100101001001010 G
b110001100101101011111101000011 G
b1100011 +!
b1100011 y
#10730000
0$
b1100011 (
b1100011 a
0]
#10735000
1$
1]
b1001 f
b1101 d
b1010101 )
b1101 ,
#10736000
b1001 >
b1101 ?
b1100101 (!
b11100101100001000111110101000 G
b10000000010101101001000110001001 G
b10111100001111110111111110110110 G
b1111000 +!
b1111000 y
#10740000
0$
b1111000 (
b1111000 a
0]
#10745000
1$
1]
b1010 f
b1100 d
b1010000 )
b1100 ,
#10746000
b1010 >
b1100 ?
b1100110 (!
b1111000000010111000001010111111 G
b111001100110100110010111110100 G
b1011101110001010000100001100101 G
b10111011 +!
b10111011 y
#10750000
0$
b10111011 (
b10111011 a
0]
#10755000
1$
1]
b1011 f
b1011 d
b100001 )
b1011 ,
#10756000
b1011 >
b1011 ?
b1100111 (!
b100000100110011101100111100010 G
1)!
b11000101001001011111001111111011 G
0*!
b11000000110000110001111100000000 G
b10000001 +!
1w
0x
b10000001 y
#10760000
0$
1&
0'
b10000001 (
1z
0{
b10000001 a
0`
1_
0]
1b
0c
#10765000
1$
1]
b1100 d
b111 e
b10000001 m
b1100 ,
#10766000
b10000001 3
b111 =
b1100 ?
b1101000 (!
b1100011110100101101001100000001 G
0)!
b1110111100010110000010011001110 G
1*!
b11001110010111110100111011110111 G
b10011100 +!
0w
1x
b10011100 y
#10770000
0$
0&
1'
b10011100 (
0z
1{
b10011100 a
1`
0_
0]
0b
1c
#10775000
1$
1]
b1100 f
b1011 d
b1000100 )
b1011 ,
#10776000
b1100 >
b1011 ?
b1101001 (!
b1101000010010111100011011001100 G
1)!
b100100100100101000110101011101 G
b1000111111001011110110001111010 G
b10001111 +!
1w
b10001111 y
#10780000
0$
1&
b10001111 (
1z
b1101000 F
b10001111 a
1_
0]
1b
#10785000
1$
1]
b1101 f
b1000 e
b10001111 n
b10000110 )
#10786000
b10001111 4
b1000 =
b1100 ?
b1101 >
b1011 ?
b1101010 (!
b101100100110101000111110110011 G
b100000110001000010100101011000 G
b1011100100001101001001101111001 G
b10111001 +!
b10111001 y
#10790000
0$
b10111001 (
b1101001 F
b10111001 a
0]
#10795000
1$
1]
b1110 f
b1001 e
b10111001 o
b11001010 )
#10796000
b10111001 5
b1001 =
b1100 ?
b1110 >
b1011 ?
b1101011 (!
b10000000101110100011110011100110 G
b11000111001000000111001000101111 G
0*!
b10001100111101101101001010100100 G
b11001 +!
0x
b11001 y
#10800000
0$
0'
b11001 (
0{
b11001 a
0`
0]
0c
#10805000
1$
1]
b1100 d
b1010 e
b11001 p
b1100 ,
#10806000
b11001 6
b1010 =
b1100 ?
b1101100 (!
b111100111111010000000101010101 G
b10110001000000000110001000010010 G
1*!
b100100010110110111001001101011 G
b1001000 +!
1x
b1001000 y
#10810000
0$
1'
b1001000 (
1{
b1101010 F
b1001000 a
1`
0]
1c
#10815000
1$
1]
b1111 f
b1011 e
b1001000 q
b0 )
#10816000
b1001000 7
b1011 =
b1101 ?
b1111 >
b1100 ?
b1101101 (!
b110100011101010000111010110000 G
0)!
b10001010111011001011110001 G
b10101000000001011000011111111110 G
b1010000 +!
0w
b1010000 y
#10820000
0$
0&
b1010000 (
0z
b1010000 a
0_
0]
0b
#10825000
1$
1]
b0 f
b1011 d
b1010110 )
b1011 ,
#10826000
b0 >
b1011 ?
b1101110 (!
b1011100010100111100110001100111 G
1)!
b11111100111000101110100101111100 G
b11110001000011000100010001001101 G
b11100010 +!
1w
b11100010 y
#10830000
0$
1&
b11100010 (
1z
b1101011 F
b11100010 a
1_
0]
1b
#10835000
1$
1]
b1 f
b1100 e
b11100010 r
b111111 )
#10836000
b11100010 8
b1100 =
b1100 ?
b1 >
b1011 ?
b1101111 (!
b11101010100101111001101010101010 G
b101000111010110111110000100011 G
0*!
b110110000000110010111100001000 G
b1101100 +!
0x
b1101100 y
#10840000
0$
0'
b1101100 (
0{
b1101100 a
0`
0]
0c
#10845000
1$
1]
b1100 d
b1101 e
b1101100 s
b1100 ,
#10846000
b1101100 9
b1101 =
b1100 ?
b1110000 (!
b10011000111110000001000101101001 G
b101000111100010100011000010110 G
b1001111110110100011110110011111 G
b10011111 +!
b10011111 y
#10850000
0$
b10011111 (
b10011111 a
0]
#10855000
1$
1]
b1101 d
b1110 e
b10011111 t
b1101 ,
#10856000
b10011111 :
b1110 =
b1101 ?
b1110001 (!
b1000100100000110110101101010100 G
b11110101000001000011011001000101 G
1*!
b10100001011001011111011001000010 G
b1000010 +!
1x
b1000010 y
#10860000
0$
1'
b1000010 (
1{
b1101100 F
b1000010 a
1`
0]
1c
#10865000
1$
1]
b10 f
b1111 e
b1000010 u
b111001 )
#10866000
b1000010 ;
b1111 =
b1110 ?
b10 >
b1101 ?
b1110010 (!
b1100010011010011000110011011011 G
b10110111100001111110101001100000 G
b11001001000111011000111011100001 G
b10010010 +!
b10010010 y
#10870000
0$
b10010010 (
b1101101 F
b10010010 a
0]
#10875000
1$
1]
b11 f
b0 e
b10010010 v
b10000100 )
#10876000
b10010010 <
b0 =
b1110 ?
b11 >
b1101 ?
b1110011 (!
b11011110011011101011100101110 G
b10001110111100001010010111010111 G
b1010100111101111011100000101100 G
b10101001 +!
b10101001 y
#10880000
0$
b10101001 (
b1101110 F
b10101001 a
0]
#10885000
1$
1]
b100 f
b1 e
b10101001 g
b10001000 )
#10886000
b10101001 -
b1 =
b1110 ?
b100 >
b1101 ?
b1110100 (!
b1010110111001001011011100111101 G
b11101001101100011101010011011010 G
b100001000010010010011 G
b0 +!
b0 y
#10890000
0$
b0 (
b1101111 F
b0 a
0]
#10895000
1$
1]
b101 f
b10 e
b0 h
b10011 )
#10896000
b0 .
b10 =
b1110 ?
b101 >
b1101 ?
b1110101 (!
b1101000100010001010000010111000 G
0)!
b1000110010010100000101101011001 G
b10111001101111001101101000110 G
b101110 +!
0w
b101110 y
#10900000
0$
0&
b101110 (
0z
b101110 a
0_
0]
0b
#10905000
1$
1]
b110 f
b1100 d
b10000001 )
b1100 ,
#10906000
b110 >
b1100 ?
b1110110 (!
b101101011111110010100001111 G
1)!
b1100001100010110011000000000100 G
0*!
b1011101111010011010011100110101 G
b10111011 +!
1w
0x
b10111011 y
#10910000
0$
1&
0'
b10111011 (
1z
0{
b10111011 a
0`
1_
0]
1b
0c
#10915000
1$
1]
b1101 d
b11 e
b10111011 i
b1101 ,
#10916000
b10111011 /
b11 =
b1101 ?
b1110111 (!
b10111000110011011001011001110010 G
0)!
b11101101110100001101001011 G
b10001011011101101011001000010000 G
b10110 +!
0w
b10110 y
#10920000
0$
0&
b10110 (
0z
b10110 a
0_
0]
0b
#10925000
1$
1]
#10926000
b1111000 (!
b1100111001001110110011011010001 G
1)!
b1100101101111001001011110 G
1*!
b11100010100011001101101101000111 G
b11000101 +!
1w
1x
b11000101 y
#10930000
0$
1&
1'
b11000101 (
1z
1{
b1110000 F
b11000101 a
1`
1_
0]
1b
1c
#10935000
1$
1]
b111 f
b100 e
b11000101 j
b10001111 )
#10936000
b11000101 0
b100 =
b1110 ?
b111 >
b1101 ?
b1111001 (!
b1101101001101010011001011011100 G
b1011010000010101110011000101101 G
b10001110100101111001101100001010 G
b11101 +!
b11101 y
#10940000
0$
b11101 (
b1110001 F
b11101 a
0]
#10945000
1$
1]
b1000 f
b101 e
b11101 k
b10111001 )
#10946000
b11101 1
b101 =
b1110 ?
b1000 >
b1101 ?
b1111010 (!
b1111101010100001010100100000011 G
0)!
b11011001011110111111001101000 G
0*!
b10101100110110111000000101001001 G
b1011001 +!
0w
0x
b1011001 y
#10950000
0$
0&
0'
b1011001 (
0z
0{
b1011001 a
0`
0_
0]
0b
0c
#10955000
1$
1]
#10956000
b1111011 (!
b10010101000000011110001110110 G
1)!
b1001001110110000110100001111111 G
b10001000000110010010000010110100 G
b10000 +!
1w
b10000 y
#10960000
0$
1&
b10000 (
1z
b10000 a
1_
0]
1b
#10965000
1$
1]
b1110 d
b110 e
b10000 l
b1110 ,
#10966000
b10000 2
b110 =
b1110 ?
b1111100 (!
b1100011011111000101010000100101 G
b1001110111110100100001010100010 G
b110110011010111001010110111011 G
b1101100 +!
b1101100 y
#10970000
0$
b1101100 (
b1101100 a
0]
#10975000
1$
1]
b1111 d
b111 e
b1101100 m
b1111 ,
#10976000
b1101100 3
b111 =
b1111 ?
b1111101 (!
b10100000011111000110010111000000 G
b111010100010000011101011000001 G
1*!
b100110100111101100110001110 G
b1001 +!
1x
b1001 y
#10980000
0$
1'
b1001 (
1{
b1110010 F
b1001 a
1`
0]
1c
#10985000
1$
1]
b1001 f
b1000 e
b1001 n
b11001 )
#10986000
b1001 4
b1000 =
b10000 ?
b1001 >
b1111 ?
b1111110 (!
b1111001001111110110110010110111 G
0)!
b10111101000001100101100110001100 G
b1010001011011101000100011101 G
b10100 +!
0w
b10100 y
#10990000
0$
0&
b10100 (
0z
b10100 a
0_
0]
0b
#10995000
1$
1]
b1010 f
b1110 d
b1001000 )
b1110 ,
#10996000
b1010 >
b1110 ?
b1111111 (!
b1001011011010111110110100111010 G
b11001101101100101110100101110011 G
0*!
b10110111100100101100100000011000 G
b1101111 +!
0x
b1101111 y
#11000000
0$
0'
b1101111 (
0{
b1101111 a
0`
0]
0c
#11005000
1$
1]
#11006000
b10000000 (!
b111100110010110111001100111001 G
1)!
b1110110111111100010100110100110 G
b1011011010010101100011111101111 G
b10110110 +!
1w
b10110110 y
#11010000
0$
1&
b10110110 (
1z
b10110110 a
1_
0]
1b
#11015000
1$
1]
b1111 d
b1001 e
b10110110 o
b1111 ,
#11016000
b10110110 5
b1001 =
b1111 ?
b10000001 (!
b10101110111110000011110101100100 G
0)!
b11110101010010110011110100010101 G
1*!
b1111100011011101111101011010010 G
b11111000 +!
0w
1x
b11111000 y
#11020000
0$
0&
1'
b11111000 (
0z
1{
b11111000 a
1`
0_
0]
0b
1c
#11025000
1$
1]
b1011 f
b1110 d
b11100010 )
b1110 ,
#11026000
b1011 >
b1110 ?
b10000010 (!
b1000010011011011000010000101011 G
b1000101100101000000010101110000 G
0*!
b1000001001111110000101010110001 G
b10000010 +!
0x
b10000010 y
#11030000
0$
0'
b10000010 (
0{
b10000010 a
0`
0]
0c
#11035000
1$
1]
#11036000
b10000011 (!
b1111101101101111000110010111110 G
1)!
b10001010110111110101101000100111 G
1*!
b11100110100101100010110000111100 G
b11001101 +!
1w
1x
b11001101 y
#11040000
0$
1&
1'
b11001101 (
1z
1{
b1110011 F
b11001101 a
1`
1_
0]
1b
1c
#11045000
1$
1]
b1100 f
b1010 e
b11001101 p
b1101100 )
#11046000
b11001101 6
b1010 =
b1111 ?
b1100 >
b1110 ?
b10000100 (!
b1110010101111000111100000001101 G
b11101011000100011100101101101010 G
b11101111111111100100010111100011 G
b11011111 +!
b11011111 y
#11050000
0$
b11011111 (
b1110100 F
b11011111 a
0]
#11055000
1$
1]
b1101 f
b1011 e
b11011111 q
b10011111 )
#11056000
b11011111 7
b1011 =
b1111 ?
b1101 >
b1110 ?
b10000101 (!
b1011110000011010111110111001000 G
0)!
b1111101111110001110000100101001 G
0*!
b1100100111001000110001011010110 G
b11001001 +!
0w
0x
b11001001 y
#11060000
0$
0&
0'
b11001001 (
0z
0{
b11001001 a
0`
0_
0]
0b
0c
#11065000
1$
1]
#11066000
b10000110 (!
b11000110101111100000001101011111 G
b11001111101100111000011000010100 G
1*!
b11110110101001010110001000000101 G
b11101101 +!
1x
b11101101 y
#11070000
0$
1'
b11101101 (
1{
b11101101 a
1`
0]
1c
#11075000
1$
1]
b1110 f
b1101 d
b1000010 )
b1101 ,
#11076000
b1110 >
b1101 ?
b10000111 (!
b1001010011011101011111100000010 G
b11111001011001000000111010011011 G
b11011000011110001001000100100000 G
b10110000 +!
b10110000 y
#11080000
0$
b10110000 (
b10110000 a
0]
#11085000
1$
1]
b1111 f
b1100 d
b10010010 )
b1100 ,
#11086000
b1111 >
b1100 ?
b10001000 (!
b1001000010101101011010100001 G
b10100001001101010000101111101110 G
b11010101000000111010001110010111 G
b10101010 +!
b10101010 y
#11090000
0$
b10101010 (
b10101010 a
0]
#11095000
1$
1]
b0 f
b1011 d
b10101001 )
b1011 ,
#11096000
b0 >
b1011 ?
b10001001 (!
b1100110110011111010101011101100 G
b10001010111001011101101011111101 G
b11000001001011000011010110011010 G
b10000010 +!
b10000010 y
#11100000
0$
b10000010 (
b10000010 a
0]
#11105000
1$
1]
b1 f
b1010 d
b0 )
b1010 ,
#11106000
b1 >
b1010 ?
b10001010 (!
b100100101110011011111001010011 G
1)!
b10010101101110101001111101111000 G
0*!
b101100101100011001 G
b0 +!
1w
0x
b0 y
#11110000
0$
1&
0'
b0 (
1z
0{
b0 a
0`
1_
0]
1b
0c
#11115000
1$
1]
b1011 d
b1100 e
b0 r
b1011 ,
#11116000
b0 8
b1100 =
b1011 ?
b10001011 (!
b11110001101001011110100000000110 G
b11010110101010010001101011001111 G
b10010110100101011111101011000100 G
b101101 +!
b101101 y
#11120000
0$
b101101 (
b101101 a
0]
#11125000
1$
1]
b1100 d
b1101 e
b101101 s
b1100 ,
#11126000
b101101 9
b1101 =
b1100 ?
b10001100 (!
b101110100110011100001011110101 G
0)!
b11100010111111001000111100110010 G
b100110101101100011010100001011 G
b1001101 +!
0w
b1001101 y
#11130000
0$
0&
b1001101 (
0z
b1001101 a
0_
0]
0b
#11135000
1$
1]
#11136000
b10001101 (!
b1110101101001010000100011010000 G
b10011111011010101001111010010001 G
b10110000111111110101011100011110 G
b1100001 +!
b1100001 y
#11140000
0$
b1100001 (
b1100001 a
0]
#11145000
1$
1]
#11146000
b10001110 (!
b1011000000110100100100000111 G
b1000101010111011101010110011100 G
1*!
b100101100110001111100111101101 G
b1001011 +!
1x
b1001011 y
#11150000
0$
1'
b1001011 (
1{
b1001011 a
1`
0]
1c
#11155000
1$
1]
b10 f
b1011 d
b10111011 )
b1011 ,
#11156000
b10 >
b1011 ?
b10001111 (!
b11011010000111100010101111001010 G
1)!
b1011110001011000101001011000011 G
b11111100011101010010110100101000 G
b11111000 +!
1w
b11111000 y
#11160000
0$
1&
b11111000 (
1z
b1110101 F
b11111000 a
1_
0]
1b
#11165000
1$
1]
b11 f
b1110 e
b11111000 t
b11000101 )
#11166000
b11111000 :
b1110 =
b1100 ?
b11 >
b1011 ?
b10010000 (!
b1001010010010000011000100001001 G
0)!
b1010111010101011011100100110110 G
0*!
b11010000110000111000111111 G
b110 +!
0w
0x
b110 y
#11170000
0$
0&
0'
b110 (
0z
0{
b110 a
0`
0_
0]
0b
0c
#11175000
1$
1]
#11176000
b10010001 (!
b10010101010101001101101110100 G
1)!
b110111111101110101111111100101 G
1*!
b11000000110110110110101101100010 G
b10000001 +!
1w
1x
b10000001 y
#11180000
0$
1&
1'
b10000001 (
1z
1{
b1110110 F
b10000001 a
1`
1_
0]
1b
1c
#11185000
1$
1]
b100 f
b1111 e
b10000001 u
b11101 )
#11186000
b10000001 ;
b1111 =
b1100 ?
b100 >
b1011 ?
b10010010 (!
b11111111100010101111011101111011 G
0)!
b10101000010101000110110010000000 G
0*!
b10000001100111010110001010000001 G
b11 +!
0w
0x
b11 y
#11190000
0$
0&
0'
b11 (
0z
0{
b11 a
0`
0_
0]
0b
0c
#11195000
1$
1]
#11196000
b10010011 (!
b101011100010010110111001001110 G
1)!
b1000101111101010100101001110111 G
b11000100101010111010110001001100 G
b10001001 +!
1w
b10001001 y
#11200000
0$
1&
b10001001 (
1z
b10001001 a
1_
0]
1b
#11205000
1$
1]
b1100 d
b0 e
b10001001 v
b1100 ,
#11206000
b10001001 <
b0 =
b1100 ?
b10010100 (!
b11100001100001001101010011011101 G
b101011000010101010110111111010 G
1*!
b10110000010111010000001100110011 G
b1100000 +!
1x
b1100000 y
#11210000
0$
1'
b1100000 (
1{
b1110111 F
b1100000 a
1`
0]
1c
#11215000
1$
1]
b101 f
b1 e
b1100000 g
b10000 )
#11216000
b1100000 -
b1 =
b1101 ?
b101 >
b1100 ?
b10010101 (!
b11110110110110000010011011011000 G
0)!
b11001011111010000001001011111001 G
0*!
b100100110001101101011001100110 G
b1001001 +!
0w
0x
b1001001 y
#11220000
0$
0&
0'
b1001001 (
0z
0{
b1001001 a
0`
0_
0]
0b
0c
#11225000
1$
1]
#11226000
b10010110 (!
b1100010100000101101110110101111 G
1)!
b1100101101111000110100000100100 G
b1110001010011010011100011010101 G
b11100010 +!
1w
b11100010 y
#11230000
0$
1&
b11100010 (
1z
b11100010 a
1_
0]
1b
#11235000
1$
1]
b1101 d
b10 e
b11100010 h
b1101 ,
#11236000
b11100010 .
b10 =
b1101 ?
b10010111 (!
b11011111100011100101001110010010 G
0)!
b10010010110010010101010111101011 G
1*!
b11010100000011011110000110000 G
b110101 +!
0w
1x
b110101 y
#11240000
0$
0&
1'
b110101 (
0z
1{
b110101 a
1`
0_
0]
0b
1c
#11245000
1$
1]
b110 f
b1100 d
b1101100 )
b1100 ,
#11246000
b110 >
b1100 ?
b10011000 (!
b10001100101000100010001001110001 G
1)!
b11111100000001100101000101111110 G
0*!
b1110100101100001010011111100111 G
b11101001 +!
1w
0x
b11101001 y
#11250000
0$
1&
0'
b11101001 (
1z
0{
b11101001 a
0`
1_
0]
1b
0c
#11255000
1$
1]
b1101 d
b11 e
b11101001 i
b1101 ,
#11256000
b11101001 /
b11 =
b1101 ?
b10011001 (!
b10001111001000010111011111100 G
0)!
b11001000110000110101111001101 G
1*!
b11000001110101001011110000101010 G
b10000011 +!
0w
1x
b10000011 y
#11260000
0$
0&
1'
b10000011 (
0z
1{
b10000011 a
1`
0_
0]
0b
1c
#11265000
1$
1]
b111 f
b1100 d
b1001 )
b1100 ,
#11266000
b111 >
b1100 ?
b10011010 (!
b11000001000100101100111110100011 G
1)!
b1100000001111101000110010001000 G
0*!
b11001011110000010111000011101001 G
b10010111 +!
1w
0x
b10010111 y
#11270000
0$
1&
0'
b10010111 (
1z
0{
b10010111 a
0`
1_
0]
1b
0c
#11275000
1$
1]
b1101 d
b100 e
b10010111 j
b1101 ,
#11276000
b10010111 0
b100 =
b1101 ?
b10011011 (!
b1101101100011000011111110010110 G
b11000000111111000100100011111 G
1*!
b1110100010101100110000011010100 G
b11101000 +!
1x
b11101000 y
#11280000
0$
1'
b11101000 (
1{
b1111000 F
b11101000 a
1`
0]
1c
#11285000
1$
1]
b1000 f
b101 e
b11101000 k
b10110110 )
#11286000
b11101000 1
b101 =
b1110 ?
b1000 >
b1101 ?
b10011100 (!
b11101100111010100100110111000101 G
0)!
b11101011010110000100011111000010 G
0*!
b111001000110000101000001011011 G
b1110010 +!
0w
0x
b1110010 y
#11290000
0$
0&
0'
b1110010 (
0z
0{
b1110010 a
0`
0_
0]
0b
0c
#11295000
1$
1]
#11296000
b10011101 (!
b1000100111001111111011111100000 G
b11101101001101111101111001100001 G
1*!
b10101010011010010000000010101110 G
b1010100 +!
1x
b1010100 y
#11300000
0$
1'
b1010100 (
1{
b1010100 a
1`
0]
1c
#11305000
1$
1]
b1001 f
b1100 d
b11001101 )
b1100 ,
#11306000
b1001 >
b1100 ?
b10011110 (!
b11001011110011000110000101010111 G
1)!
b11110100111100100101110110101100 G
b11010010100000101011111010111101 G
b10100101 +!
1w
b10100101 y
#11310000
0$
1&
b10100101 (
1z
b1111001 F
b10100101 a
1_
0]
1b
#11315000
1$
1]
b1010 f
b110 e
b10100101 l
b11011111 )
#11316000
b10100101 2
b110 =
b1101 ?
b1010 >
b1100 ?
b10011111 (!
b11110101000111110101011001011010 G
b110111110101001011100000010011 G
0*!
b111010110000110101111000111000 G
b1110101 +!
0x
b1110101 y
#11320000
0$
0'
b1110101 (
0{
b1110101 a
0`
0]
0c
#11325000
1$
1]
b1101 d
b111 e
b1110101 m
b1101 ,
#11326000
b1110101 3
b111 =
b1101 ?
b10100000 (!
b1011000011100110100101011011001 G
b11111001111110001111010011000110 G
1*!
b11000101100100000001000010001111 G
b10001011 +!
1x
b10001011 y
#11330000
0$
1'
b10001011 (
1{
b1111010 F
b10001011 a
1`
0]
1c
#11335000
1$
1]
b1011 f
b1000 e
b10001011 n
b0 )
#11336000
b10001011 4
b1000 =
b1110 ?
b1011 >
b1101 ?
b10100001 (!
b10010101110000111000010110000100 G
0)!
b1100000110111011001111010110101 G
0*!
b1110001001111000100011111110010 G
b11100010 +!
0w
0x
b11100010 y
#11340000
0$
0&
0'
b11100010 (
0z
0{
b11100010 a
0`
0_
0]
0b
0c
#11345000
1$
1]
#11346000
b10100010 (!
b100110111101110011011001011 G
1)!
b11111000000100001111110010000 G
b1111110111011001011001010001 G
b11111 +!
1w
b11111 y
#11350000
0$
1&
b11111 (
1z
b11111 a
1_
0]
1b
#11355000
1$
1]
b1110 d
b1001 e
b11111 o
b1110 ,
#11356000
b11111 5
b1001 =
b1110 ?
b10100011 (!
b10001011011001000111101111011110 G
0)!
b110101100111110111011011000111 G
1*!
b10000000100000010011100001011100 G
b1 +!
0w
1x
b1 y
#11360000
0$
0&
1'
b1 (
0z
1{
b1 a
1`
0_
0]
0b
1c
#11365000
1$
1]
b1100 f
b1101 d
b101101 )
b1101 ,
#11366000
b1100 >
b1101 ?
b10100100 (!
b10101111101100101100110110101101 G
1)!
b10010100010011010111110010001010 G
b101101111010011011110010000011 G
b1011011 +!
1w
b1011011 y
#11370000
0$
1&
b1011011 (
1z
b1111011 F
b1011011 a
1_
0]
1b
#11375000
1$
1]
b1101 f
b1010 e
b1011011 p
b11111000 )
#11376000
b1011011 6
b1010 =
b1110 ?
b1101 >
b1101 ?
b10100101 (!
b1011111010000011001101111101000 G
b111000010111001010000011001001 G
b1110111000111111111010111110110 G
b11101110 +!
b11101110 y
#11380000
0$
b11101110 (
b1111100 F
b11101110 a
0]
#11385000
1$
1]
b1110 f
b1011 e
b11101110 q
b10000001 )
#11386000
b11101110 7
b1011 =
b1110 ?
b1110 >
b1101 ?
b10100110 (!
b11111010000010110111001111111111 G
b1000100000011101101011000110100 G
0*!
b10110111101100010101110100101 G
b101101 +!
0x
b101101 y
#11390000
0$
0'
b101101 (
0{
b101101 a
0`
0]
0c
#11395000
1$
1]
b1110 d
b1100 e
b101101 r
b1110 ,
#11396000
b101101 8
b1100 =
b1110 ?
b10100111 (!
b1110111111010101010000100010 G
b110010010001000001100100111011 G
b11001111000010110011001101000000 G
b10011110 +!
b10011110 y
#11400000
0$
b10011110 (
b10011110 a
0]
#11405000
1$
1]
b1111 d
b1101 e
b10011110 s
b1111 ,
#11406000
b10011110 9
b1101 =
b1111 ?
b10101000 (!
b10010000110100100100101001000001 G
0)!
b11110000011010111100001100001110 G
1*!
b11000010010000001110100000110111 G
b10000100 +!
0w
1x
b10000100 y
#11410000
0$
0&
1'
b10000100 (
0z
1{
b10000100 a
1`
0_
0]
0b
1c
#11415000
1$
1]
b1111 f
b1110 d
b10001001 )
b1110 ,
#11416000
b1111 >
b1110 ?
b10101001 (!
b11000001111110111011111100001100 G
1)!
b11011110010101111001100010011101 G
b10111100000100010111010111010 G
b101111 +!
1w
b101111 y
#11420000
0$
1&
b101111 (
1z
b1111101 F
b101111 a
1_
0]
1b
#11425000
1$
1]
b0 f
b1110 e
b101111 t
b1100000 )
#11426000
b101111 :
b1110 =
b1111 ?
b0 >
b1110 ?
b10101010 (!
b10011110010110001101110011110011 G
0)!
b101101010101000100010110011000 G
b11011001100111000111001010111001 G
b10110011 +!
0w
b10110011 y
#11430000
0$
0&
b10110011 (
0z
b10110011 a
0_
0]
0b
#11435000
1$
1]
b1 f
b1101 d
b11100010 )
b1101 ,
#11436000
b1 >
b1101 ?
b10101011 (!
b10100110110101000100001100100110 G
b10100010100010001011001101101111 G
b11001100000000110101001011100100 G
b10011000 +!
b10011000 y
#11440000
0$
b10011000 (
b10011000 a
0]
#11445000
1$
1]
b10 f
b1100 d
b11101001 )
b1100 ,
#11446000
b10 >
b1100 ?
b10101100 (!
b11011100110000101111010010010101 G
b10100011000111100110110001010010 G
b10010111001011101110011110101011 G
b101110 +!
b101110 y
#11450000
0$
b101110 (
b101110 a
0]
#11455000
1$
1]
b11 f
b1011 d
b10010111 )
b1011 ,
#11456000
b11 >
b1011 ?
b10101101 (!
b1011001111111100011001011110000 G
1)!
b101100000101001111101000110001 G
0*!
b1010111101100011101011000111110 G
b10101111 +!
1w
0x
b10101111 y
#11460000
0$
1&
0'
b10101111 (
1z
0{
b10101111 a
0`
1_
0]
1b
0c
#11465000
1$
1]
b1100 d
b1111 e
b10101111 u
b1100 ,
#11466000
b10101111 ;
b1111 =
b1100 ?
b10101110 (!
b10111100001111011010110100111 G
b1110001100011001111000110111100 G
b111111000000001111110001101 G
b1111 +!
b1111 y
#11470000
0$
b1111 (
b1111 a
0]
#11475000
1$
1]
b1101 d
b0 e
b1111 v
b1101 ,
#11476000
b1111 <
b0 =
b1101 ?
b10101111 (!
b11001111101000000110110011101010 G
0)!
b11010101111010010001100101100011 G
1*!
b111011010101100101101101001000 G
b1110110 +!
0w
1x
b1110110 y
#11480000
0$
0&
1'
b1110110 (
0z
1{
b1110110 a
1`
0_
0]
0b
1c
#11485000
1$
1]
b100 f
b1100 d
b11101000 )
b1100 ,
#11486000
b100 >
b1100 ?
b10110000 (!
b1000010000100011100000010101001 G
1)!
b10001111101010001101110001010110 G
b1111001101111101100111011011111 G
b11110011 +!
1w
b11110011 y
#11490000
0$
1&
b11110011 (
1z
b1111110 F
b11110011 a
1_
0]
1b
#11495000
1$
1]
b101 f
b1 e
b11110011 g
b10100101 )
#11496000
b11110011 -
b1 =
b1101 ?
b101 >
b1100 ?
b10110001 (!
b11111101001010111111101110010100 G
0)!
b11110011100100101111100110000101 G
0*!
b1111100111000101001000010000010 G
b11111001 +!
0w
0x
b11111001 y
#11500000
0$
0&
0'
b11111001 (
0z
0{
b11111001 a
0`
0_
0]
0b
0c
#11505000
1$
1]
#11506000
b10110010 (!
b10011010001100101001000011011 G
1)!
b1010011100101100001111010100000 G
1*!
b10101101011001001010011000100001 G
b1011010 +!
1w
1x
b1011010 y
#11510000
0$
1&
1'
b1011010 (
1z
1{
b1111111 F
b1011010 a
1`
1_
0]
1b
1c
#11515000
1$
1]
b110 f
b10 e
b1011010 h
b1110101 )
#11516000
b1011010 .
b10 =
b1101 ?
b110 >
b1100 ?
b10110011 (!
b10011100001010011011010101101110 G
b11100001000010101101111100010111 G
b10100010000111111101000001101100 G
b1000100 +!
b1000100 y
#11520000
0$
b1000100 (
b10000000 F
b1000100 a
0]
#11525000
1$
1]
b111 f
b11 e
b1000100 i
b10001011 )
#11526000
b1000100 /
b11 =
b1101 ?
b111 >
b1100 ?
b10110100 (!
b1000001011110110110001001111101 G
b10110010010110011011100011010 G
0*!
b11100011001000010111000111010011 G
b11000110 +!
0x
b11000110 y
#11530000
0$
0'
b11000110 (
0{
b11000110 a
0`
0]
0c
#11535000
1$
1]
b1101 d
b100 e
b11000110 j
b1101 ,
#11536000
b11000110 0
b100 =
b1101 ?
b10110101 (!
b110011000101101110011111000 G
b11111111010110111000101010011001 G
b10101100111100001100000110000110 G
b1011001 +!
b1011001 y
#11540000
0$
b1011001 (
b1011001 a
0]
#11545000
1$
1]
b1110 d
b101 e
b1011001 k
b1110 ,
#11546000
b1011001 1
b101 =
b1110 ?
b10110110 (!
b1111000001001001100011001001111 G
b11011001110100111101000001000100 G
1*!
b11101010011101001110101 G
b0 +!
1x
b0 y
#11550000
0$
1'
b0 (
1{
b10000001 F
b0 a
1`
0]
1c
#11555000
1$
1]
b1000 f
b110 e
b0 l
b11111 )
#11556000
b0 2
b110 =
b1111 ?
b1000 >
b1110 ?
b10110111 (!
b10001100010011001100000010110010 G
0)!
b11111111111100010101100010001011 G
0*!
b10001110010011011111011001010000 G
b11100 +!
0w
0x
b11100 y
#11560000
0$
0&
0'
b11100 (
0z
0{
b11100 a
0`
0_
0]
0b
0c
#11565000
1$
1]
#11566000
b10111000 (!
b11100000010000000100111000010001 G
b100101100001100110000010011110 G
1*!
b1000000001000010110010010000111 G
b10000000 +!
1x
b10000000 y
#11570000
0$
1'
b10000000 (
1{
b10000000 a
1`
0]
1c
#11575000
1$
1]
b1001 f
b1101 d
b1011011 )
b1101 ,
#11576000
b1001 >
b1101 ?
b10111001 (!
b1110001010111110101101100011100 G
b11111100000110000110000101101101 G
b1111101111001011000110101001010 G
b11111011 +!
b11111011 y
#11580000
0$
b11111011 (
b11111011 a
0]
#11585000
1$
1]
b1010 f
b1100 d
b11101110 )
b1100 ,
#11586000
b1010 >
b1100 ?
b10111010 (!
b110010010001110011001000011 G
1)!
b10100010010101001100101010101000 G
b10110110110001101000010001001 G
b101101 +!
1w
b101101 y
#11590000
0$
1&
b101101 (
1z
b10000010 F
b101101 a
1_
0]
1b
#11595000
1$
1]
b1011 f
b111 e
b101101 m
b101101 )
#11596000
b101101 3
b111 =
b1101 ?
b1011 >
b1100 ?
b10111011 (!
b11110101111101111001010110110 G
0)!
b1000011111100011001100110111111 G
0*!
b1000111000001011101000011110100 G
b10001110 +!
0w
0x
b10001110 y
#11600000
0$
0&
0'
b10001110 (
0z
0{
b10001110 a
0`
0_
0]
0b
0c
#11605000
1$
1]
#11606000
b10111100 (!
b11111100001110001011011101100101 G
1)!
b10010010000111111111110011100010 G
1*!
b10100000010101101111101011111011 G
b1000000 +!
1w
1x
b1000000 y
#11610000
0$
1&
1'
b1000000 (
1z
1{
b10000011 F
b1000000 a
1`
1_
0]
1b
1c
#11615000
1$
1]
b1100 f
b1000 e
b1000000 n
b10011110 )
#11616000
b1000000 4
b1000 =
b1101 ?
b1100 >
b1100 ?
b10111101 (!
b11001011011000001011101000000000 G
0)!
b1111111111001101111001000000001 G
0*!
b11000001110101101011111001110 G
b110000 +!
0w
0x
b110000 y
#11620000
0$
0&
0'
b110000 (
0z
0{
b110000 a
0`
0_
0]
0b
0c
#11625000
1$
1]
#11626000
b10111110 (!
b111011111000100100010111110111 G
b10110111101101101001000111001100 G
b11110100011001100001110001011101 G
b11101000 +!
b11101000 y
#11630000
0$
b11101000 (
b11101000 a
0]
#11635000
1$
1]
#11636000
b10111111 (!
b1100100100110111101111010 G
b100001011001100111011010110011 G
1*!
b1101001110001110010010001011000 G
b11010011 +!
1x
b11010011 y
#11640000
0$
1'
b11010011 (
1{
b11010011 a
1`
0]
1c
#11645000
1$
1]
b1101 f
b1011 d
b101111 )
b1011 ,
#11646000
b1101 >
b1011 ?
b11000000 (!
b11110101101010001001001001111001 G
b11011001111001100110111111100110 G
b10100001000111000100100100101111 G
b1000010 +!
b1000010 y
#11650000
0$
b1000010 (
b1000010 a
0]
#11655000
1$
1]
b1110 f
b1010 d
b10101111 )
b1010 ,
#11656000
b1110 >
b1010 ?
b11000001 (!
b10111100100011001111110110100100 G
1)!
b100011011011000111000001010101 G
0*!
b1001111110111110100010100010010 G
b10011111 +!
1w
0x
b10011111 y
#11660000
0$
1&
0'
b10011111 (
1z
0{
b10011111 a
0`
1_
0]
1b
0c
#11665000
1$
1]
b1011 d
b1001 e
b10011111 o
b1011 ,
#11666000
b10011111 5
b1001 =
b1011 ?
b11000010 (!
b10010001010111100011100101101011 G
0)!
b1101010110010010110100110110000 G
1*!
b100111010101111001000111110001 G
b1001110 +!
0w
1x
b1001110 y
#11670000
0$
0&
1'
b1001110 (
0z
1{
b1001110 a
1`
0_
0]
0b
1c
#11675000
1$
1]
b1111 f
b1010 d
b1111 )
b1010 ,
#11676000
b1111 >
b1010 ?
b11000011 (!
b10000101011110100001101011111110 G
1)!
b110001001001001000001101100111 G
b10111000010100000111010001111100 G
b1110000 +!
1w
b1110000 y
#11680000
0$
1&
b1110000 (
1z
b10000100 F
b1110000 a
1_
0]
1b
#11685000
1$
1]
b0 f
b1010 e
b1110000 p
b11110011 )
#11686000
b1110000 6
b1010 =
b1011 ?
b0 >
b1010 ?
b11000100 (!
b100010110100111001001101001101 G
b110101001101001101110110101010 G
b101000010000010010001100100011 G
b1010000 +!
b1010000 y
#11690000
0$
b1010000 (
b10000101 F
b1010000 a
0]
#11695000
1$
1]
b1 f
b1011 e
b1010000 q
b1011010 )
#11696000
b1010000 7
b1011 =
b1011 ?
b1 >
b1010 ?
b11000101 (!
b10101110000101001110101000001000 G
b1100000101010011101000001101001 G
b11010111111110100011100100010110 G
b10101111 +!
b10101111 y
#11700000
0$
b10101111 (
b10000110 F
b10101111 a
0]
#11705000
1$
1]
b10 f
b1100 e
b10101111 r
b1000100 )
#11706000
b10101111 8
b1100 =
b1011 ?
b10 >
b1010 ?
b11000110 (!
b11100001010110111101010010011111 G
0)!
b11110100111101000101011001010100 G
0*!
b11100110010111110110010101000101 G
b11001100 +!
0w
0x
b11001100 y
#11710000
0$
0&
0'
b11001100 (
0z
0{
b11001100 a
0`
0_
0]
0b
0c
#11715000
1$
1]
#11716000
b11000111 (!
b10110111110011011001100101000010 G
b111001101011100001001111011011 G
b11011010000110000010101100000 G
b110110 +!
b110110 y
#11720000
0$
b110110 (
b110110 a
0]
#11725000
1$
1]
#11726000
b11001000 (!
b1000001010100010010110111100001 G
1)!
b10011011001101110010101000101110 G
b1000010011111110001110011010111 G
b10000100 +!
1w
b10000100 y
#11730000
0$
1&
b10000100 (
1z
b10000100 a
1_
0]
1b
#11735000
1$
1]
b1011 d
b1101 e
b10000100 s
b1011 ,
#11736000
b10000100 9
b1101 =
b1011 ?
b11001001 (!
b11010001000110000000001100101100 G
b10101011100011111100011000111101 G
b1110101011011111101011111011010 G
b11101010 +!
b11101010 y
#11740000
0$
b11101010 (
b11101010 a
0]
#11745000
1$
1]
b1100 d
b1110 e
b11101010 t
b1100 ,
#11746000
b11101010 :
b1110 =
b1100 ?
b11001010 (!
b10010000010111111110101110010011 G
0)!
b1100111010110010001101110111000 G
b1100100011110111000101001011001 G
b11001000 +!
0w
b11001000 y
#11750000
0$
0&
b11001000 (
0z
b11001000 a
0_
0]
0b
#11755000
1$
1]
#11756000
b11001011 (!
b1000111010011010100111001000110 G
b1010100001001110011110000001111 G
1*!
b10011101100001101101101100000100 G
b111011 +!
1x
b111011 y
#11760000
0$
1'
b111011 (
1{
b111011 a
1`
0]
1c
#11765000
1$
1]
b11 f
b1011 d
b11000110 )
b1011 ,
#11766000
b11 >
b1011 ?
b11001100 (!
b11011001001000001001011000110101 G
1)!
b11100111011011111100101110010 G
0*!
b111001101011011000101001001011 G
b1110011 +!
1w
0x
b1110011 y
#11770000
0$
1&
0'
b1110011 (
1z
0{
b1110011 a
0`
1_
0]
1b
0c
#11775000
1$
1]
b1100 d
b1111 e
b1110011 u
b1100 ,
#11776000
b1110011 ;
b1111 =
b1100 ?
b11001101 (!
b10001010010010001000110100010000 G
0)!
b11111000010100101100010111010001 G
b11010100001001010000010101011110 G
b10101000 +!
0w
b10101000 y
#11780000
0$
0&
b10101000 (
0z
b10101000 a
0_
0]
0b
#11785000
1$
1]
#11786000
b11001110 (!
b11001000010010010001001001000111 G
1)!
b101010101110000011110111011100 G
1*!
b11001110100010011011010100101101 G
b10011101 +!
1w
1x
b10011101 y
#11790000
0$
1&
1'
b10011101 (
1z
1{
b10000111 F
b10011101 a
1`
1_
0]
1b
1c
#11795000
1$
1]
b100 f
b0 e
b10011101 v
b1011001 )
#11796000
b10011101 <
b0 =
b1101 ?
b100 >
b1100 ?
b11001111 (!
b10111101001100101111000001010 G
b11000001000010011101000000000011 G
b11100100011011101011100101101000 G
b11001000 +!
b11001000 y
#11800000
0$
b11001000 (
b10001000 F
b11001000 a
0]
#11805000
1$
1]
b101 f
b1 e
b11001000 g
b0 )
#11806000
b11001000 -
b1 =
b1101 ?
b101 >
b1100 ?
b11010000 (!
b1000101011111001100000001001001 G
b10111010111100101010111101110110 G
0*!
b10110110101101010111111101111111 G
b1101101 +!
0x
b1101101 y
#11810000
0$
0'
b1101101 (
0{
b1101101 a
0`
0]
0c
#11815000
1$
1]
b1101 d
b10 e
b1101101 h
b1101 ,
#11816000
b1101101 .
b10 =
b1101 ?
b11010001 (!
b110010011111000101110110100 G
b10100011011111110000001100100101 G
b1100011000000110110010110100010 G
b11000110 +!
b11000110 y
#11820000
0$
b11000110 (
b11000110 a
0]
#11825000
1$
1]
b1110 d
b11 e
b11000110 i
b1110 ,
#11826000
b11000110 /
b11 =
b1110 ?
b11010010 (!
b11011011100000111001110010111011 G
0)!
b10100000101010000000011000000 G
b100110100110110101100111000001 G
b1001101 +!
0w
b1001101 y
#11830000
0$
0&
b1001101 (
0z
b1001101 a
0_
0]
0b
#11835000
1$
1]
#11836000
b11010011 (!
b100111101101101010110010001110 G
1)!
b11000000100110010110001110110111 G
1*!
b1101000100111000010010010001100 G
b11010001 +!
1w
1x
b11010001 y
#11840000
0$
1&
1'
b11010001 (
1z
1{
b10001001 F
b11010001 a
1`
1_
0]
1b
1c
#11845000
1$
1]
b110 f
b100 e
b11010001 j
b101101 )
#11846000
b11010001 0
b100 =
b1111 ?
b110 >
b1110 ?
b11010100 (!
b11010111011100000110000000011101 G
b10011001111110110111000000111010 G
b10000011010001011101000001110011 G
b110 +!
b110 y
#11850000
0$
b110 (
b10001010 F
b110 a
0]
#11855000
1$
1]
b111 f
b101 e
b110 k
b1000000 )
#11856000
b110 1
b101 =
b1111 ?
b111 >
b1110 ?
b11010101 (!
b1111010111100001100001100011000 G
0)!
b1101111110011000111001000111001 G
0*!
b1011010101111010101110010100110 G
b10110101 +!
0w
0x
b10110101 y
#11860000
0$
0&
0'
b10110101 (
0z
0{
b10110101 a
0`
0_
0]
0b
0c
#11865000
1$
1]
#11866000
b11010110 (!
b10100011111111011001111011101111 G
b11010010000110010110100001100100 G
b11110001000010011010110000010101 G
b11100010 +!
b11100010 y
#11870000
0$
b11100010 (
b11100010 a
0]
#11875000
1$
1]
#11876000
b11010111 (!
b101110100100001101110111010010 G
b10000011000101110100101100101011 G
b1110011101000110110000001110000 G
b11100111 +!
b11100111 y
#11880000
0$
b11100111 (
b11100111 a
0]
#11885000
1$
1]
#11886000
b11011000 (!
b1000110001010011110100110110001 G
b111010000111110001111110111110 G
1*!
b111111010001110001000100100111 G
b1111110 +!
1x
b1111110 y
#11890000
0$
1'
b1111110 (
1{
b1111110 a
1`
0]
1c
#11895000
1$
1]
b1000 f
b1101 d
b10011111 )
b1101 ,
#11896000
b1000 >
b1101 ?
b11011001 (!
b1011000111011101011011100111100 G
1)!
b1101101100101100011100001101 G
0*!
b11010011010100100000111001101010 G
b10100110 +!
1w
0x
b10100110 y
#11900000
0$
1&
0'
b10100110 (
1z
0{
b10100110 a
0`
1_
0]
1b
0c
#11905000
1$
1]
b1110 d
b110 e
b10100110 l
b1110 ,
#11906000
b10100110 2
b110 =
b1110 ?
b11011010 (!
b1110001110110101110110011100011 G
0)!
b110111001110100011100011001000 G
b1100111010010011010000000101001 G
b11001110 +!
0w
b11001110 y
#11910000
0$
0&
b11001110 (
0z
b11001110 a
0_
0]
0b
#11915000
1$
1]
#11916000
b11011011 (!
b10011010000000101010111010110 G
1)!
b100101101101001101001011111 G
1*!
b10100110011011110111000100010100 G
b1001100 +!
1w
1x
b1001100 y
#11920000
0$
1&
1'
b1001100 (
1z
1{
b10001011 F
b1001100 a
1`
1_
0]
1b
1c
#11925000
1$
1]
b1001 f
b111 e
b1001100 m
b1110000 )
#11926000
b1001100 3
b111 =
b1111 ?
b1001 >
b1110 ?
b11011100 (!
b1100001000011111001000100000101 G
b10100110110010110001000000010 G
b11110000011111001010110011011 G
b111100 +!
b111100 y
#11930000
0$
b111100 (
b10001100 F
b111100 a
0]
#11935000
1$
1]
b1010 f
b1000 e
b111100 n
b1010000 )
#11936000
b111100 4
b1000 =
b1111 ?
b1010 >
b1110 ?
b11011101 (!
b1110010101011101010110000100000 G
b1100000101111010111010110100001 G
0*!
b10001100010100010101111011101110 G
b11000 +!
0x
b11000 y
#11940000
0$
0'
b11000 (
0{
b11000 a
0`
0]
0c
#11945000
1$
1]
b1111 d
b1001 e
b11000 o
b1111 ,
#11946000
b11000 5
b1001 =
b1111 ?
b11011110 (!
b11011101111010010001101010010111 G
0)!
b10100100100110101111010111101100 G
1*!
b10100100011111111110100111111101 G
b1001000 +!
0w
1x
b1001000 y
#11950000
0$
0&
1'
b1001000 (
0z
1{
b1001000 a
1`
0_
0]
0b
1c
#11955000
1$
1]
b1011 f
b1110 d
b10101111 )
b1110 ,
#11956000
b1011 >
b1110 ?
b11011111 (!
b100011010011010011100010011010 G
b1101001010100000010010101010011 G
b10001100011001100001101001111000 G
b11000 +!
b11000 y
#11960000
0$
b11000 (
b11000 a
0]
#11965000
1$
1]
b1100 f
b1101 d
b10000100 )
b1101 ,
#11966000
b1100 >
b1101 ?
b11100000 (!
b10110111100100110100101000011001 G
b11000101110011101001101100000110 G
0*!
b1111111010101110111000111001111 G
b11111110 +!
0x
b11111110 y
#11970000
0$
0'
b11111110 (
0{
b11111110 a
0`
0]
0c
#11975000
1$
1]
#11976000
b11100001 (!
b11011011100111001010010111000100 G
1)!
b1110110100111111011000111110101 G
b11001011110111111111001000110010 G
b10010111 +!
1w
b10010111 y
#11980000
0$
1&
b10010111 (
1z
b10010111 a
1_
0]
1b
#11985000
1$
1]
b1110 d
b1010 e
b10010111 p
b1110 ,
#11986000
b10010111 6
b1010 =
b1110 ?
b11100010 (!
b10010011110100110111110000001011 G
0)!
b10011001101100011110001111010000 G
1*!
b11111111110101001111110110010001 G
b11111111 +!
0w
1x
b11111111 y
#11990000
0$
0&
1'
b11111111 (
0z
1{
b11111111 a
1`
0_
0]
0b
1c
#11995000
1$
1]
b1101 f
b1101 d
b11101010 )
b1101 ,
#11996000
b1101 >
b1101 ?
b11100011 (!
b10101100000000000110101000011110 G
b101011110101101000000000000111 G
b1111111010010111110000010011100 G
b11111110 +!
b11111110 y
#12000000
0$
b11111110 (
b11111110 a
0]
#12005000
1$
1]
b1110 f
b1100 d
b1110011 )
b1100 ,
#12006000
b1110 >
b1100 ?
b11100100 (!
b10101010110001101100100011101101 G
b10100010010011111110111011001010 G
0*!
b11110111111011000111100111000011 G
b11101111 +!
0x
b11101111 y
#12010000
0$
0'
b11101111 (
0{
b11101111 a
0`
0]
0c
#12015000
1$
1]
#12016000
b11100101 (!
b100010011110110100000101000 G
1)!
b11100100000010000111000000001001 G
1*!
b1111000011110110010110000110110 G
b11110000 +!
1w
1x
b11110000 y
#12020000
0$
1&
1'
b11110000 (
1z
1{
b10001101 F
b11110000 a
1`
1_
0]
1b
1c
#12025000
1$
1]
b1111 f
b1011 e
b11110000 q
b10011101 )
#12026000
b11110000 7
b1011 =
b1101 ?
b1111 >
b1100 ?
b11100110 (!
b11101000000101110010010100111111 G
0)!
b101100101011000000011001110100 G
0*!
b10001000100010010000111011100101 G
b10001 +!
0w
0x
b10001 y
#12030000
0$
0&
0'
b10001 (
0z
0{
b10001 a
0`
0_
0]
0b
0c
#12035000
1$
1]
#12036000
b11100111 (!
b1011010011001111000111001100010 G
1)!
b110101100010011111111001111011 G
b11011111111010000000011110000000 G
b10111111 +!
1w
b10111111 y
#12040000
0$
1&
b10111111 (
1z
b10111111 a
1_
0]
1b
#12045000
1$
1]
b1101 d
b1100 e
b10111111 r
b1101 ,
#12046000
b10111111 8
b1100 =
b1101 ?
b11101000 (!
b11100101011111000000110000001 G
b1100011100111110100000101001110 G
b11110001001100100000101110111 G
b111100 +!
b111100 y
#12050000
0$
b111100 (
b111100 a
0]
#12055000
1$
1]
b1110 d
b1101 e
b111100 s
b1110 ,
#12056000
b111100 9
b1101 =
b1110 ?
b11101001 (!
b1010111011011000111011101001100 G
b11111011001101100110001111011101 G
1*!
b1010001011111010011000011111010 G
b10100010 +!
1x
b10100010 y
#12060000
0$
1'
b10100010 (
1{
b10001110 F
b10100010 a
1`
0]
1c
#12065000
1$
1]
b0 f
b1110 e
b10100010 t
b11001000 )
#12066000
b10100010 :
b1110 =
b1111 ?
b0 >
b1110 ?
b11101010 (!
b11001101101101101110101000110011 G
b11101111100100010010000111011000 G
0*!
b1010111110010000001000111111001 G
b10101111 +!
0x
b10101111 y
#12070000
0$
0'
b10101111 (
0{
b10101111 a
0`
0]
0c
#12075000
1$
1]
b1111 d
b1111 e
b10101111 u
b1111 ,
#12076000
b10101111 ;
b1111 =
b1111 ?
b11101011 (!
b10000110000110010000100101100110 G
b10110000111011001011010010101111 G
1*!
b1100111011010001001001100100100 G
b11001110 +!
1x
b11001110 y
#12080000
0$
1'
b11001110 (
1{
b10001111 F
b11001110 a
1`
0]
1c
#12085000
1$
1]
b1 f
b0 e
b11001110 v
b1101101 )
#12086000
b11001110 <
b0 =
b10000 ?
b1 >
b1111 ?
b11101100 (!
b10110001010110101010011111010101 G
0)!
b1000111111100110011011010010010 G
b101110000110100001110011101011 G
b1011100 +!
0w
b1011100 y
#12090000
0$
0&
b1011100 (
0z
b1011100 a
0_
0]
0b
#12095000
1$
1]
b10 f
b1110 d
b11000110 )
b1110 ,
#12096000
b10 >
b1110 ?
b11101101 (!
b1011011010011000001011100110000 G
b10000010011000000000101110001 G
0*!
b11101010011000001110010001111110 G
b11010100 +!
0x
b11010100 y
#12100000
0$
0'
b11010100 (
0{
b11010100 a
0`
0]
0c
#12105000
1$
1]
#12106000
b11101110 (!
b1111111101011110101111011100111 G
1)!
b10000110001001111011100111111100 G
b101100001111011011101011001101 G
b1011000 +!
1w
b1011000 y
#12110000
0$
1&
b1011000 (
1z
b1011000 a
1_
0]
1b
#12115000
1$
1]
b1111 d
b1 e
b1011000 g
b1111 ,
#12116000
b1011000 -
b1 =
b1111 ?
b11101111 (!
b1001010101101111111111100101010 G
b101100011101100111011010100011 G
1*!
b10101100001100100011110001000 G
b101011 +!
1x
b101011 y
#12120000
0$
1'
b101011 (
1{
b10010000 F
b101011 a
1`
0]
1c
#12125000
1$
1]
b11 f
b10 e
b101011 h
b11010001 )
#12126000
b101011 .
b10 =
b10000 ?
b11 >
b1111 ?
b11110000 (!
b1010101101100010010111111101001 G
b11001110001110110011001010010110 G
0*!
b1011001100011110010000000011111 G
b10110011 +!
0x
b10110011 y
#12130000
0$
0'
b10110011 (
0{
b10110011 a
0`
0]
0c
#12135000
1$
1]
b10000 d
b11 e
b10110011 i
1+
b10000 ,
0b
#12136000
b10110011 /
b11 =
b10000 ?
b11110001 (!
b11100010111010100101111010100 G
0)!
b10111111011000110111110011000101 G
1*!
b11001100110001011110101011000010 G
b10011001 +!
0w
1x
b10011001 y
#12140000
0$
0&
1'
b10011001 (
0z
1{
b10011001 a
1`
0_
0]
1c
#12145000
1$
1]
b100 f
b1111 d
0+
b110 )
b1111 ,
#12146000
b100 >
b1111 ?
b11110010 (!
b11110010001010101101011101011011 G
1)!
b11110000100110010001001011100000 G
b10000011011010010111110101100001 G
b110 +!
1w
b110 y
#12150000
0$
1&
b110 (
1z
b10010001 F
b110 a
1_
0]
1b
#12155000
1$
1]
b101 f
b100 e
b110 j
b10100110 )
#12156000
b110 0
b100 =
b10000 ?
b101 >
b1111 ?
b11110011 (!
b10100001110000101001110101110 G
b1100001000010001101100001010111 G
0*!
b11111111011010001010100010101100 G
b11111110 +!
0x
b11111110 y
#12160000
0$
0'
b11111110 (
0{
b11111110 a
0`
0]
0c
#12165000
1$
1]
b10000 d
b101 e
b11111110 k
1+
b10000 ,
0b
#12166000
b11111110 1
b101 =
b10000 ?
b11110100 (!
b10000000000010111100110110111101 G
0)!
b11110000101000110101100101011010 G
b1010111101100100001111100010011 G
b10101111 +!
0w
b10101111 y
#12170000
0$
0&
b10101111 (
0z
b10101111 a
0_
0]
#12175000
1$
1]
#12176000
b11110101 (!
b1100100010010011101100100111000 G
b11101000011000101100100111011001 G
b11100101001101001010011111000110 G
b11001010 +!
b11001010 y
#12180000
0$
b11001010 (
b11001010 a
0]
#12185000
1$
1]
#12186000
b11110110 (!
b11011111011101010110011110001111 G
1)!
b1001110110101010011000010000100 G
1*!
b100100101100101000110110110101 G
b1001001 +!
1w
1x
b1001001 y
#12190000
0$
1&
1'
b1001001 (
1{
b101010 D
b1001001 a
1`
1_
0]
1c
#12195000
1$
1]
b110 f
b1111 d
0+
b1001100 )
b1111 ,
1b
#12196000
b110 >
b1111 ?
b11110111 (!
b1111000101010101011110010 G
b10110000001000110010110111001011 G
0*!
b11010010011111101010010000 G
b110 +!
0x
b110 y
#12200000
0$
0'
b110 (
1z
0{
b110 a
0`
0]
0c
#12205000
1$
1]
b10000 d
b110 e
b110 l
1+
b10000 ,
0b
#12206000
b110 2
b110 =
b10000 ?
b11111000 (!
b1011110100001101111010101010001 G
b10000001110110001000111011011110 G
1*!
b10001000100010011010110111000111 G
b10001 +!
1x
b10001 y
#12210000
0$
1'
b10001 (
0z
1{
b101011 D
b10001 a
1`
0]
1c
#12215000
1$
1]
b111 f
b1111 d
0+
b111100 )
b1111 ,
1b
#12216000
b111 >
b1111 ?
b11111001 (!
b1110110100100001101011100 G
b11010100100011111001110010101101 G
0*!
b11110101000100011111110001010 G
b111101 +!
0x
b111101 y
#12220000
0$
0'
b111101 (
1z
0{
b111101 a
0`
0]
0c
#12225000
1$
1]
b10000 d
b111 e
b111101 m
1+
b10000 ,
0b
#12226000
b111101 3
b111 =
b10000 ?
b11111010 (!
b100101100001110001110000011 G
b10100000101101101101011011101000 G
b11010010001110111101111111001001 G
b10100100 +!
b10100100 y
#12230000
0$
b10100100 (
0z
b10110100 B
b10100100 a
0]
#12235000
1$
1]
#12236000
b11111011 (!
b1000100000110000110100011110110 G
0)!
b101101110101101000101011111111 G
1*!
b100100110110110100000100110100 G
b1001001 +!
0w
1x
b1001001 y
#12240000
0$
0&
1'
b1001001 (
1{
b1001001 a
1`
0_
0]
1c
#12245000
1$
1]
b1000 f
b1111 d
0+
b11000 )
b1111 ,
#12246000
b1000 >
b1111 ?
b11111100 (!
b11100111000101101101101010100101 G
1)!
b10001000011000111011100100010 G
b11000000001010100010000000111011 G
b10000000 +!
1w
b10000000 y
#12250000
0$
1&
b10000000 (
1z
b10010010 F
b10000000 a
1_
0]
1b
#12255000
1$
1]
b1001 f
b1000 e
b10000000 n
b10010111 )
#12256000
b10000000 4
b1000 =
b10000 ?
b1001 >
b1111 ?
b11111101 (!
b100101100110011100111001000000 G
0)!
b10111001111000110110100101000001 G
0*!
b11010000101101001001011000001110 G
b10100001 +!
0w
0x
b10100001 y
#12260000
0$
0&
0'
b10100001 (
0z
0{
b10100001 a
0`
0_
0]
0b
0c
#12265000
1$
1]
#12266000
b11111110 (!
b11100010010010001101111100110111 G
b11000110111001111000101000001100 G
b10010011011110000010011110011101 G
b100110 +!
b100110 y
#12270000
0$
b100110 (
b100110 a
0]
#12275000
1$
1]
#12276000
b11111111 (!
b1011000110101111011000110111010 G
1)!
b11001010011110011100001111110011 G
1*!
b10110011010000100000010011000 G
b101100 +!
1w
1x
b101100 y
#12280000
0$
1&
1'
b101100 (
1z
1{
b10010011 F
b101100 a
1`
1_
0]
1b
1c
#12285000
1$
1]
b1010 f
b1001 e
b101100 o
b11110000 )
#12286000
b101100 5
b1001 =
b10000 ?
b1010 >
b1111 ?
b100000000 (!
b1111101010110110111000110111001 G
0)!
b1111000101110010111011000100110 G
0*!
b10001101101010011000101001101111 G
b11011 +!
0w
0x
b11011 y
#12290000
0$
0&
0'
b11011 (
0z
0{
b11011 a
0`
0_
0]
0b
0c
#12295000
1$
1]
#12296000
b100000001 (!
b10010111001110100111110111100100 G
1)!
b10010000000111110110001110010101 G
b1100100110001100100111101010010 G
b11001001 +!
1w
b11001001 y
#12300000
0$
1&
b11001001 (
1z
b11001001 a
1_
0]
1b
#12305000
1$
1]
b10000 d
b1010 e
b11001001 p
1+
b10000 ,
0b
#12306000
b11001001 6
b1010 =
b10000 ?
b100000010 (!
b10100001001101010111010101011 G
b11001000100000111000110111110000 G
1*!
b11001101011111011101100100110001 G
b10011010 +!
1x
b10011010 y
#12310000
0$
1'
b10011010 (
0z
1{
b101100 D
b10011010 a
1`
0]
1c
#12315000
1$
1]
b1011 f
b1111 d
0+
b10111111 )
b1111 ,
1b
#12316000
b1011 >
b1111 ?
b100000011 (!
b11001010111111110110100100111110 G
b11110000000111010110110010100111 G
0*!
b110010101110110111110010111100 G
b1100101 +!
0x
b1100101 y
#12320000
0$
0'
b1100101 (
1z
0{
b1100101 a
0`
0]
0c
#12325000
1$
1]
b10000 d
b1011 e
b1100101 q
1+
b10000 ,
0b
#12326000
b1100101 7
b1011 =
b10000 ?
b100000100 (!
b10100010001101000110111010001101 G
b11111100001001101010111111101010 G
1*!
b10010001110100111100000001100011 G
b100011 +!
1x
b100011 y
#12330000
0$
1'
b100011 (
0z
1{
b101101 D
b100011 a
1`
0]
1c
#12335000
1$
1]
b1100 f
b1111 d
0+
b111100 )
b1111 ,
1b
#12336000
b1100 >
b1111 ?
b100000101 (!
b1000111101110010001011001001000 G
b11101011101000000111111110101001 G
b1010101101010101100111101010110 G
b10101011 +!
b10101011 y
#12340000
0$
b10101011 (
1z
b10010100 F
b10101011 a
0]
#12345000
1$
1]
b1101 f
b1100 e
b10101011 r
b10100010 )
#12346000
b10101011 8
b1100 =
b10000 ?
b1101 >
b1111 ?
b100000110 (!
b10101101001010110010111011111 G
0)!
b100001011111011110011010010100 G
b11101000110110010100010000101 G
b111010 +!
0w
b111010 y
#12350000
0$
0&
b111010 (
0z
b111010 a
0_
0]
0b
#12355000
1$
1]
b1110 f
b1110 d
b10101111 )
b1110 ,
#12356000
b1110 >
b1110 ?
b100000111 (!
b11011000010100110011001110000010 G
1)!
b10100111101111111101100100011011 G
b11101011110000100011100110100000 G
b11010111 +!
1w
b11010111 y
#12360000
0$
1&
b11010111 (
1z
b10010101 F
b11010111 a
1_
0]
1b
#12365000
1$
1]
b1111 f
b1101 e
b11010111 s
b11001110 )
#12366000
b11010111 9
b1101 =
b1111 ?
b1111 >
b1110 ?
b100001000 (!
b11100001000101010100010100100001 G
0)!
b10010111101011000000100001101110 G
b111001100111100101011000010111 G
b1110011 +!
0w
b1110011 y
#12370000
0$
0&
b1110011 (
0z
b1110011 a
0_
0]
0b
#12375000
1$
1]
b0 f
b1101 d
b1011000 )
b1101 ,
#12376000
b0 >
b1101 ?
b100001001 (!
b10000100010000010001101101101100 G
1)!
b1010001111100110111000101111101 G
b1101110001100100011101000011010 G
b11011100 +!
1w
b11011100 y
#12380000
0$
1&
b11011100 (
1z
b10010110 F
b11011100 a
1_
0]
1b
#12385000
1$
1]
b1 f
b1110 e
b11011100 t
b101011 )
#12386000
b11011100 :
b1110 =
b1110 ?
b1 >
b1101 ?
b100001010 (!
b101010001011101100011010011 G
b10011101110001000101011111111000 G
0*!
b10100110101010100000100110011001 G
b1001101 +!
0x
b1001101 y
#12390000
0$
0'
b1001101 (
0{
b1001101 a
0`
0]
0c
#12395000
1$
1]
b1110 d
b1111 e
b1001101 u
b1110 ,
#12396000
b1001101 ;
b1111 =
b1110 ?
b100001011 (!
b100010001111110111010010000110 G
b11010010000010001110101001111 G
1*!
b1110001111100000111101101000100 G
b11100011 +!
1x
b11100011 y
#12400000
0$
1'
b11100011 (
1{
b10010111 F
b11100011 a
1`
0]
1c
#12405000
1$
1]
b10 f
b0 e
b11100011 v
b10110011 )
#12406000
b11100011 <
b0 =
b1111 ?
b10 >
b1110 ?
b100001100 (!
b11101111000110010010100101110101 G
b11100111101101100010001110110010 G
0*!
b11110000010111001001111110001011 G
b11100000 +!
0x
b11100000 y
#12410000
0$
0'
b11100000 (
0{
b11100000 a
0`
0]
0c
#12415000
1$
1]
b1111 d
b1 e
b11100000 g
b1111 ,
#12416000
b11100000 -
b1 =
b1111 ?
b100001101 (!
b11001101110100001101000101010000 G
0)!
b111100001010001010110100010001 G
1*!
b11101010011011010111001110011110 G
b11010100 +!
0w
1x
b11010100 y
#12420000
0$
0&
1'
b11010100 (
0z
1{
b11010100 a
1`
0_
0]
0b
1c
#12425000
1$
1]
b11 f
b1110 d
b110 )
b1110 ,
#12426000
b11 >
b1110 ?
b100001110 (!
b10111100001000101001101110000111 G
b101001000110110011000011100 G
b1001111101001000011000001101101 G
b10011111 +!
b10011111 y
#12430000
0$
b10011111 (
b10011111 a
0]
#12435000
1$
1]
b100 f
b1101 d
b11111110 )
b1101 ,
#12436000
b100 >
b1101 ?
b100001111 (!
b1001101010111010101000001001010 G
b1000101110000110101000011 G
0*!
b11000011001010000010110101000 G
b110000 +!
0x
b110000 y
#12440000
0$
0'
b110000 (
0{
b110000 a
0`
0]
0c
#12445000
1$
1]
#12446000
b100010000 (!
b10101111110101110000111110001001 G
1)!
b11001010100010100110010110110110 G
b10011101101100111011000010111111 G
b111011 +!
1w
b111011 y
#12450000
0$
1&
b111011 (
1z
b111011 a
1_
0]
1b
#12455000
1$
1]
b1110 d
b10 e
b111011 h
b1110 ,
#12456000
b111011 .
b10 =
b1110 ?
b100010001 (!
b11001100111010011101111110100 G
b10111010111010000110011001100101 G
b11011111101100100001111111100010 G
b10111111 +!
b10111111 y
#12460000
0$
b10111111 (
b10111111 a
0]
#12465000
1$
1]
b1111 d
b11 e
b10111111 i
b1111 ,
#12466000
b10111111 /
b11 =
b1111 ?
b100010010 (!
b1001101001001000000000111111011 G
b10011011111010100101010100000000 G
b10101111101110001000100000001 G
b101011 +!
b101011 y
#12470000
0$
b101011 (
b101011 a
0]
#12475000
1$
1]
b10000 d
b100 e
b101011 j
1+
b10000 ,
0b
#12476000
b101011 0
b100 =
b10000 ?
b100010011 (!
b110011101101101010101011001110 G
0)!
b1011010110000010011110011110111 G
b10111001110011010101110011001100 G
b1110011 +!
0w
b1110011 y
#12480000
0$
0&
b1110011 (
0z
b1110011 a
0_
0]
#12485000
1$
1]
#12486000
b100010100 (!
b10010011111101011010101101011101 G
b10100000110010101111001001111010 G
b11010011100101110110110011 G
b110 +!
b110 y
#12490000
0$
b110 (
b110 a
0]
#12495000
1$
1]
#12496000
b100010101 (!
b11111110001101100001111101011000 G
b1110000010001101001000101111001 G
b1111010111101010001011100110 G
b11110 +!
b11110 y
#12500000
0$
b11110 (
b11110 a
0]
#12505000
1$
1]
#12506000
b100010110 (!
b10111111111101000010000000101111 G
b111100010011110010100010100100 G
1*!
b1111001000101111101111101010101 G
b11110010 +!
1x
b11110010 y
#12510000
0$
1'
b11110010 (
1{
b11110010 a
1`
0]
1c
#12515000
1$
1]
b101 f
b1111 d
0+
b110 )
b1111 ,
#12516000
b101 >
b1111 ?
b100010111 (!
b1101110010100010100000010010 G
1)!
b1110110111111010000000001101011 G
0*!
b100010000010011100010010110000 G
b1000100 +!
1w
0x
b1000100 y
#12520000
0$
1&
0'
b1000100 (
1z
0{
b1000100 a
0`
1_
0]
1b
0c
#12525000
1$
1]
b10000 d
b101 e
b1000100 k
1+
b10000 ,
0b
#12526000
b1000100 1
b101 =
b10000 ?
b100011000 (!
b10000101011111110111000011110001 G
b11010000101110101010110111111110 G
1*!
b1001110010100010011101001100111 G
b10011100 +!
1x
b10011100 y
#12530000
0$
1'
b10011100 (
0z
1{
b101110 D
b10011100 a
1`
0]
1c
#12535000
1$
1]
b110 f
b1111 d
0+
b111101 )
b1111 ,
1b
#12536000
b110 >
b1111 ?
b100011001 (!
b10001011010011111111101111100 G
0)!
b1010011010101101110001001001101 G
b1000010111100010000010101010 G
b10000 +!
0w
b10000 y
#12540000
0$
0&
b10000 (
b10000 a
0_
0]
0b
#12545000
1$
1]
b111 f
b1110 d
b10000000 )
b1110 ,
#12546000
b111 >
b1110 ?
b100011010 (!
b10011011101100101100101000100011 G
b10001100100100101010010100001000 G
b10101000110101111000111101101001 G
b1010001 +!
b1010001 y
#12550000
0$
b1010001 (
b1010001 a
0]
#12555000
1$
1]
b1000 f
b1101 d
b101100 )
b1101 ,
#12556000
b1000 >
b1101 ?
b100011011 (!
b10110110010011110010110000010110 G
1)!
b101110101110010110101110011111 G
0*!
b1000000100100010100000101010100 G
b10000001 +!
1w
0x
b10000001 y
#12560000
0$
1&
0'
b10000001 (
1z
0{
b10000001 a
0`
1_
0]
1b
0c
#12565000
1$
1]
b1110 d
b110 e
b10000001 l
b1110 ,
#12566000
b10000001 2
b110 =
b1110 ?
b100011100 (!
b1010101111101101001010001000101 G
b11110000010000010011110001000010 G
b11110000100011101001101011011011 G
b11100001 +!
b11100001 y
#12570000
0$
b11100001 (
b11100001 a
0]
#12575000
1$
1]
b1111 d
b111 e
b11100001 m
b1111 ,
#12576000
b11100001 3
b111 =
b1111 ?
b100011101 (!
b1111010111010100010000001100000 G
0)!
b1110001100000001100110011100001 G
1*!
b111011011011000111110100101110 G
b1110110 +!
0w
1x
b1110110 y
#12580000
0$
0&
1'
b1110110 (
0z
1{
b1110110 a
1`
0_
0]
0b
1c
#12585000
1$
1]
b1001 f
b1110 d
b11001001 )
b1110 ,
#12586000
b1001 >
b1110 ?
b100011110 (!
b10010101011010011001001111010111 G
1)!
b10010101111001000100111000101100 G
b11101101111101101101010100111101 G
b11011011 +!
1w
b11011011 y
#12590000
0$
1&
b11011011 (
1z
b10011000 F
b11011011 a
1_
0]
1b
#12595000
1$
1]
b1010 f
b1000 e
b11011011 n
b1100101 )
#12596000
b11011011 4
b1000 =
b1111 ?
b1010 >
b1110 ?
b100011111 (!
b11101100101110011101101011011010 G
0)!
b11011011110010110101001010010011 G
b10100111100101011001011010111000 G
b1001111 +!
0w
b1001111 y
#12600000
0$
0&
b1001111 (
0z
b1001111 a
0_
0]
0b
#12605000
1$
1]
b1011 f
b1101 d
b10101011 )
b1101 ,
#12606000
b1011 >
b1101 ?
b100100000 (!
b1100010001010010000100101011001 G
1)!
b10111001101011110000000101000110 G
0*!
b10010101011110101001001100001111 G
b101010 +!
1w
0x
b101010 y
#12610000
0$
1&
0'
b101010 (
1z
0{
b101010 a
0`
1_
0]
1b
0c
#12615000
1$
1]
b1110 d
b1001 e
b101010 o
b1110 ,
#12616000
b101010 5
b1001 =
b1110 ?
b100100001 (!
b1111111101011101000011000000100 G
b10100001100100111000010100110101 G
1*!
b1100110000110100101110001110010 G
b11001100 +!
1x
b11001100 y
#12620000
0$
1'
b11001100 (
1{
b10011001 F
b11001100 a
1`
0]
1c
#12625000
1$
1]
b1100 f
b1010 e
b11001100 p
b11010111 )
#12626000
b11001100 6
b1010 =
b1111 ?
b1100 >
b1110 ?
b100100010 (!
b1110110001111111101000101001011 G
b11000000000001100110100000010000 G
0*!
b10000000011110100010010011010001 G
b0 +!
0x
b0 y
#12630000
0$
0'
b0 (
0{
b0 a
0`
0]
0c
#12635000
1$
1]
b1111 d
b1011 e
b0 q
b1111 ,
#12636000
b0 7
b1011 =
b1111 ?
b100100011 (!
b111010011111110001100001011110 G
b1100100011000010100100101000111 G
b10011011111001110100100011011100 G
b110111 +!
b110111 y
#12640000
0$
b110111 (
b110111 a
0]
#12645000
1$
1]
b10000 d
b1100 e
b110111 r
1+
b10000 ,
0b
#12646000
b110111 8
b1100 =
b10000 ?
b100100100 (!
b11011111110001001000010000101101 G
b10101111010000010010000100001010 G
1*!
b11000110110111101111011100000011 G
b10001101 +!
1x
b10001101 y
#12650000
0$
1'
b10001101 (
0z
1{
b101111 D
b10001101 a
1`
0]
1c
#12655000
1$
1]
b1101 f
b1111 d
0+
b11011100 )
b1111 ,
1b
#12656000
b1101 >
b1111 ?
b100100101 (!
b10001010000110011111010001101000 G
b11011100100110011111111101001001 G
0*!
b1111000100100010010001001110110 G
b11110001 +!
0x
b11110001 y
#12660000
0$
0'
b11110001 (
1z
0{
b11110001 a
0`
0]
0c
#12665000
1$
1]
b10000 d
b1101 e
b11110001 s
1+
b10000 ,
0b
#12666000
b11110001 9
b1101 =
b10000 ?
b100100110 (!
b1101011011101001011001111111 G
0)!
b11110101101100011111011010110100 G
1*!
b10111111101111011011001000100101 G
b1111111 +!
0w
1x
b1111111 y
#12670000
0$
0&
1'
b1111111 (
0z
1{
b1111111 a
1`
0_
0]
1c
#12675000
1$
1]
b1110 f
b1111 d
0+
b1001101 )
b1111 ,
#12676000
b1110 >
b1111 ?
b100100111 (!
b11011111000110001000100010100010 G
b1101110001101111010001110111011 G
0*!
b10111001100110011001101111000000 G
b1110011 +!
0x
b1110011 y
#12680000
0$
0'
b1110011 (
0{
b1110011 a
0`
0]
0c
#12685000
1$
1]
#12686000
b100101000 (!
b1000101010100111100011000001 G
1)!
b10001011001010111111110001110 G
b10010101010011110101101010110111 G
b101010 +!
1w
b101010 y
#12690000
0$
1&
b101010 (
1z
b101010 a
1_
0]
1b
#12695000
1$
1]
b10000 d
b1110 e
b101010 t
1+
b10000 ,
0b
#12696000
b101010 :
b1110 =
b10000 ?
b100101001 (!
b11110010110111011110111110001100 G
b10110000011011101110111100011101 G
1*!
b11011010000101101111001100111010 G
b10110100 +!
1x
b10110100 y
#12700000
0$
1'
b10110100 (
0z
1{
b110000 D
b10110100 a
1`
0]
1c
#12705000
1$
1]
b1111 f
b1111 d
0+
b11100011 )
b1111 ,
1b
#12706000
b1111 >
b1111 ?
b100101010 (!
b11000001111101001011011101110011 G
b1110101101110101011111000011000 G
b10000000010010010111000100111001 G
b0 +!
b0 y
#12710000
0$
b0 (
1z
b10011010 F
b0 a
0]
#12715000
1$
1]
b0 f
b1111 e
b0 u
b11100000 )
#12716000
b0 ;
b1111 =
b10000 ?
b0 >
b1111 ?
b100101011 (!
b11100110110010001000111110100110 G
0)!
b10001101100011000111010111101111 G
b11110001011001101001001101100100 G
b11100010 +!
0w
b11100010 y
#12720000
0$
0&
b11100010 (
0z
b11100010 a
0_
0]
0b
#12725000
1$
1]
b1 f
b1110 d
b111011 )
b1110 ,
#12726000
b1 >
b1110 ?
b100101100 (!
b11000000001000001101100010101 G
b10001011101111101100000011010010 G
0*!
b1011000010111010001001000101011 G
b10110000 +!
0x
b10110000 y
#12730000
0$
0'
b10110000 (
0{
b10110000 a
0`
0]
0c
#12735000
1$
1]
#12736000
b100101101 (!
b10001110100111101011101101110000 G
1)!
b100001100100010110001 G
1*!
b10110000010100101011001010111110 G
b1100000 +!
1w
1x
b1100000 y
#12740000
0$
1&
1'
b1100000 (
1z
1{
b10011011 F
b1100000 a
1`
1_
0]
1b
1c
#12745000
1$
1]
b10 f
b0 e
b1100000 v
b10111111 )
#12746000
b1100000 <
b0 =
b1111 ?
b10 >
b1110 ?
b100101110 (!
b11000000010101100100000100111 G
0)!
b10010100111100110100001000111100 G
0*!
b11100011011001010001011000001101 G
b11000110 +!
0w
0x
b11000110 y
#12750000
0$
0&
0'
b11000110 (
0z
0{
b11000110 a
0`
0_
0]
0b
0c
#12755000
1$
1]
#12756000
b100101111 (!
b1010000000111100101000101101010 G
b11110100111001001111100011 G
b1100010110100101111001111001000 G
b11000101 +!
b11000101 y
#12760000
0$
b11000101 (
b11000101 a
0]
#12765000
1$
1]
#12766000
b100110000 (!
b11001101000101100101111100101001 G
1)!
b10111100111010000100100011010110 G
1*!
b1011010100010110011000101011111 G
b10110101 +!
1w
1x
b10110101 y
#12770000
0$
1&
1'
b10110101 (
1z
1{
b10011100 F
b10110101 a
1`
1_
0]
1b
1c
#12775000
1$
1]
b11 f
b1 e
b10110101 g
b101011 )
#12776000
b10110101 -
b1 =
b1111 ?
b11 >
b1110 ?
b100110001 (!
b11000100010101110101110000010100 G
0)!
b101101101011100000000000101 G
b10001101010100000000010100000010 G
b11010 +!
0w
b11010 y
#12780000
0$
0&
b11010 (
0z
b11010 a
0_
0]
0b
#12785000
1$
1]
b100 f
b1101 d
b1000100 )
b1101 ,
#12786000
b100 >
b1101 ?
b100110010 (!
b111110010101110001110010011011 G
b1110100110100001100011100100000 G
b11101100011011000001010010100001 G
b11011000 +!
b11011000 y
#12790000
0$
b11011000 (
b11011000 a
0]
#12795000
1$
1]
b101 f
b1100 d
b10000001 )
b1100 ,
#12796000
b101 >
b1100 ?
b100110011 (!
b11100100001110011011000111101110 G
b1100010001010101001000110010111 G
b1010111000100100100000011101100 G
b10101110 +!
b10101110 y
#12800000
0$
b10101110 (
b10101110 a
0]
#12805000
1$
1]
b110 f
b1011 d
b11100001 )
b1011 ,
#12806000
b110 >
b1011 ?
b100110100 (!
b11100111110101011111100011111101 G
b1111100111110100011101110011010 G
b101000000101000110001010011 G
b1010 +!
b1010 y
#12810000
0$
b1010 (
b1010 a
0]
#12815000
1$
1]
b111 f
b1010 d
b11011011 )
b1010 ,
#12816000
b111 >
b1010 ?
b100110101 (!
b10110000011111011001010101111000 G
1)!
b1001010100111111100100100011001 G
b10101000010000110100111000000110 G
b1010000 +!
1w
b1010000 y
#12820000
0$
1&
b1010000 (
1z
b10011101 F
b1010000 a
1_
0]
1b
#12825000
1$
1]
b1000 f
b10 e
b1010000 h
b101010 )
#12826000
b1010000 .
b10 =
b1011 ?
b1000 >
b1010 ?
b100110110 (!
b1110110111000011100100011001111 G
0)!
b1110010110011110101000011000100 G
b11000111111000011010000011110101 G
b10001111 +!
0w
b10001111 y
#12830000
0$
0&
b10001111 (
0z
b10001111 a
0_
0]
0b
#12835000
1$
1]
b1001 f
b1001 d
b11001100 )
b1001 ,
#12836000
b1001 >
b1001 ?
b100110111 (!
b100101110011110101010100110010 G
b100011100011001100001100001011 G
0*!
b1100000101010101011111011010000 G
b11000001 +!
0x
b11000001 y
#12840000
0$
0'
b11000001 (
0{
b11000001 a
0`
0]
0c
#12845000
1$
1]
#12846000
b100111000 (!
b11010011001110110101110010010001 G
1)!
b10000110110011010111110100011110 G
1*!
b11011111000001011011011100000111 G
b10111110 +!
1w
1x
b10111110 y
#12850000
0$
1&
1'
b10111110 (
1z
1{
b10011110 F
b10111110 a
1`
1_
0]
1b
1c
#12855000
1$
1]
b1010 f
b11 e
b10111110 i
b0 )
#12856000
b10111110 /
b11 =
b1010 ?
b1010 >
b1001 ?
b100111001 (!
b10011000111001011110101110011100 G
b1000101100001001011111101101 G
b10000101000011011011000111001010 G
b1010 +!
b1010 y
#12860000
0$
b1010 (
b10011111 F
b1010 a
0]
#12865000
1$
1]
b1011 f
b100 e
b1010 j
b110111 )
#12866000
b1010 0
b100 =
b1010 ?
b1011 >
b1001 ?
b100111010 (!
b11101111110010001010000011000011 G
b11010100100101011010001100101000 G
b1111000010001001010111100001001 G
b11110000 +!
b11110000 y
#12870000
0$
b11110000 (
b10100000 F
b11110000 a
0]
#12875000
1$
1]
b1100 f
b101 e
b11110000 k
b11110001 )
#12876000
b11110000 1
b101 =
b1010 ?
b1100 >
b1001 ?
b100111011 (!
b1111010111011001001111100110110 G
b10010110001110011110000111111 G
b1100011110110010111000101110100 G
b11000111 +!
b11000111 y
#12880000
0$
b11000111 (
b10100001 F
b11000111 a
0]
#12885000
1$
1]
b1101 f
b110 e
b11000111 l
b101010 )
#12886000
b11000111 2
b110 =
b1010 ?
b1101 >
b1001 ?
b100111100 (!
b1110001010101101011110111100101 G
b11100111111111111011000101100010 G
0*!
b1110101001001010000010101111011 G
b11101010 +!
0x
b11101010 y
#12890000
0$
0'
b11101010 (
0{
b11101010 a
0`
0]
0c
#12895000
1$
1]
b1010 d
b111 e
b11101010 m
b1010 ,
#12896000
b11101010 3
b111 =
b1010 ?
b100111101 (!
b10110101011001111010001010000000 G
b101001101111011010000010000001 G
b10101110100000010001010001001110 G
b1011101 +!
b1011101 y
#12900000
0$
b1011101 (
b1011101 a
0]
#12905000
1$
1]
b1011 d
b1000 e
b1011101 n
b1011 ,
#12906000
b1011101 4
b1000 =
b1011 ?
b100111110 (!
b1011111101100110011100001110111 G
0)!
b11110100110110010100001001001100 G
b1011100101000111111001011011101 G
b10111001 +!
0w
b10111001 y
#12910000
0$
0&
b10111001 (
0z
b10111001 a
0_
0]
0b
#12915000
1$
1]
#12916000
b100111111 (!
b1110101011110111011001111111010 G
b10000001011001101000100110011 G
b1011101101100001110011011000 G
b10111 +!
b10111 y
#12920000
0$
b10111 (
b10111 a
0]
#12925000
1$
1]
#12926000
b101000000 (!
b10111101001001000001000011111001 G
b1011011101101110011110001100110 G
1*!
b11111100001100101000101110101111 G
b11111000 +!
1x
b11111000 y
#12930000
0$
1'
b11111000 (
1{
b11111000 a
1`
0]
1c
#12935000
1$
1]
b1110 f
b1010 d
b0 )
b1010 ,
#12936000
b1110 >
b1010 ?
b101000001 (!
b10001010000001011111000100100 G
1)!
b11011000101001000001011011010101 G
0*!
b11100111011001000001100110010010 G
b11001110 +!
1w
0x
b11001110 y
#12940000
0$
1&
0'
b11001110 (
1z
0{
b11001110 a
0`
1_
0]
1b
0c
#12945000
1$
1]
b1011 d
b1001 e
b11001110 o
b1011 ,
#12946000
b11001110 5
b1001 =
b1011 ?
b101000010 (!
b1111010000001101110001111101011 G
b11110101000000100111001000110000 G
1*!
b11000100111100011110000001110001 G
b10001001 +!
1x
b10001001 y
#12950000
0$
1'
b10001001 (
1{
b10100010 F
b10001001 a
1`
0]
1c
#12955000
1$
1]
b1111 f
b1010 e
b10001001 p
b1100000 )
#12956000
b10001001 6
b1010 =
b1100 ?
b1111 >
b1011 ?
b101000011 (!
b11011110100001110111011101111110 G
b10001011000010100001010111100111 G
b11110000000101110100010011111100 G
b11100000 +!
b11100000 y
#12960000
0$
b11100000 (
b10100011 F
b11100000 a
0]
#12965000
1$
1]
b0 f
b1011 e
b11100000 q
b10110101 )
#12966000
b11100000 7
b1011 =
b1100 ?
b0 >
b1011 ?
b101000100 (!
b10110110000111110000100111001101 G
b1110100001001110100001000101010 G
b1000011111101100001110110100011 G
b10000111 +!
b10000111 y
#12970000
0$
b10000111 (
b10100100 F
b10000111 a
0]
#12975000
1$
1]
b1 f
b1100 e
b10000111 r
b1010000 )
#12976000
b10000111 8
b1100 =
b1100 ?
b1 >
b1011 ?
b101000101 (!
b1001001110100000001010001000 G
b1011000000111001110111011101001 G
0*!
b11110110001101100010010110010110 G
b11101100 +!
0x
b11101100 y
#12980000
0$
0'
b11101100 (
0{
b11101100 a
0`
0]
0c
#12985000
1$
1]
b1100 d
b1101 e
b11101100 s
b1100 ,
#12986000
b11101100 9
b1101 =
b1100 ?
b101000110 (!
b1110110110101011011100011111 G
0)!
b10110111100100000011011011010100 G
b10001000000110001010101111000101 G
b10000 +!
0w
b10000 y
#12990000
0$
0&
b10000 (
0z
b10000 a
0_
0]
0b
#12995000
1$
1]
#12996000
b101000111 (!
b11101000001111111000110111000010 G
1)!
b11000010110110010101111001011011 G
1*!
b1110000001101100010110111100000 G
b11100000 +!
1w
1x
b11100000 y
#13000000
0$
1&
1'
b11100000 (
1z
1{
b10100101 F
b11100000 a
1`
1_
0]
1b
1c
#13005000
1$
1]
b10 f
b1110 e
b11100000 t
b10111110 )
#13006000
b11100000 :
b1110 =
b1101 ?
b10 >
b1100 ?
b101001000 (!
b11001001100101110001110001100001 G
0)!
b110110110100111010011010101110 G
b1001101101000010100111101010111 G
b10011011 +!
0w
b10011011 y
#13010000
0$
0&
b10011011 (
0z
b10011011 a
0_
0]
0b
#13015000
1$
1]
b11 f
b1011 d
b1010 )
b1011 ,
#13016000
b11 >
b1011 ?
b101001001 (!
b10101010100010101111001110101100 G
1)!
b10010011010100001101110010111101 G
b11101111101100110101110001011010 G
b11011111 +!
1w
b11011111 y
#13020000
0$
1&
b11011111 (
1z
b10100110 F
b11011111 a
1_
0]
1b
#13025000
1$
1]
b100 f
b1111 e
b11011111 u
b11110000 )
#13026000
b11011111 ;
b1111 =
b1100 ?
b100 >
b1011 ?
b101001010 (!
b1101010101010111000011000010011 G
b10100111001111000101010000111000 G
b1001111110011100100100011011001 G
b10011111 +!
b10011111 y
#13030000
0$
b10011111 (
b10100111 F
b10011111 a
0]
#13035000
1$
1]
b101 f
b0 e
b10011111 v
b11000111 )
#13036000
b10011111 <
b0 =
b1100 ?
b101 >
b1011 ?
b101001011 (!
b10101010101111000101101011000110 G
b10100100001101101011111010001111 G
b110000100101101101110000100 G
b1100 +!
b1100 y
#13040000
0$
b1100 (
b10101000 F
b1100 a
0]
#13045000
1$
1]
b110 f
b1 e
b1100 g
b11101010 )
#13046000
b1100 -
b1 =
b1100 ?
b110 >
b1011 ?
b101001100 (!
b10101101110000110111110010110101 G
b10001111100101010000110111110010 G
0*!
b10011010000000110111010011001011 G
b110100 +!
0x
b110100 y
#13050000
0$
0'
b110100 (
0{
b110100 a
0`
0]
0c
#13055000
1$
1]
b1100 d
b10 e
b110100 h
b1100 ,
#13056000
b110100 .
b10 =
b1100 ?
b101001101 (!
b11110110011111011101010110010000 G
0)!
b10011100001011000101010001010001 G
b10100100000110001010000111011110 G
b1001000 +!
0w
b1001000 y
#13060000
0$
0&
b1001000 (
0z
b1001000 a
0_
0]
0b
#13065000
1$
1]
#13066000
b101001110 (!
b1001001110011111110010011000111 G
b10001110110111110100111001011100 G
1*!
b1110001010000110101110101101 G
b11100 +!
1x
b11100 y
#13070000
0$
1'
b11100 (
1{
b11100 a
1`
0]
1c
#13075000
1$
1]
b111 f
b1011 d
b1011101 )
b1011 ,
#13076000
b111 >
b1011 ?
b101001111 (!
b11001111100000110000001010001010 G
1)!
b11010101100101000000101010000011 G
0*!
b10010110100110000001000111101000 G
b101101 +!
1w
0x
b101101 y
#13080000
0$
1&
0'
b101101 (
1z
0{
b101101 a
0`
1_
0]
1b
0c
#13085000
1$
1]
b1100 d
b11 e
b101101 i
b1100 ,
#13086000
b101101 /
b11 =
b1100 ?
b101010000 (!
b1100010100101110001111011001001 G
b10111110010111001101101111110110 G
1*!
b11011111011010000111111111 G
b110 +!
1x
b110 y
#13090000
0$
1'
b110 (
1{
b10101001 F
b110 a
1`
0]
1c
#13095000
1$
1]
b1000 f
b100 e
b110 j
b11001110 )
#13096000
b110 0
b100 =
b1101 ?
b1000 >
b1100 ?
b101010001 (!
b11001110110100111010110000110100 G
b1011011100111000100110100101 G
b10010011001001111001101000100010 G
b100110 +!
b100110 y
#13100000
0$
b100110 (
b10101010 F
b100110 a
0]
#13105000
1$
1]
b1001 f
b101 e
b100110 k
b10001001 )
#13106000
b100110 1
b101 =
b1101 ?
b1001 >
b1100 ?
b101010010 (!
b1110011101011000010011100111011 G
0)!
b10000110000101000110100101000000 G
b11010000111100001000100001000001 G
b10100001 +!
0w
b10100001 y
#13110000
0$
0&
b10100001 (
0z
b10100001 a
0_
0]
0b
#13115000
1$
1]
b1010 f
b1011 d
b11100000 )
b1011 ,
#13116000
b1010 >
b1011 ?
b101010011 (!
b1111110010010110100100001110 G
b1000111101011001101011000110111 G
b10011111110101010100001100 G
b100 +!
b100 y
#13120000
0$
b100 (
b100 a
0]
#13125000
1$
1]
b1011 f
b1010 d
b10000111 )
b1010 ,
#13126000
b1011 >
b1010 ?
b101010100 (!
b11001100010101001011011010011101 G
b10100011101110010011010010111010 G
0*!
b10110111101101101010101011110011 G
b1101111 +!
0x
b1101111 y
#13130000
0$
0'
b1101111 (
0{
b1101111 a
0`
0]
0c
#13135000
1$
1]
#13136000
b101010101 (!
b1110111010000011101110011000 G
1)!
b11110110100101100111000010111001 G
b10001010111010101010100100100110 G
b10101 +!
1w
b10101 y
#13140000
0$
1&
b10101 (
1z
b10101 a
1_
0]
1b
#13145000
1$
1]
b1011 d
b110 e
b10101 l
b1011 ,
#13146000
b10101 2
b110 =
b1011 ?
b101010110 (!
b11010001101001100110000101101111 G
0)!
b10110110100111011010100011100100 G
1*!
b11100110101101111101001010010101 G
b11001101 +!
0w
1x
b11001101 y
#13150000
0$
0&
1'
b11001101 (
0z
1{
b11001101 a
1`
0_
0]
0b
1c
#13155000
1$
1]
b1100 f
b1010 d
b11101100 )
b1010 ,
#13156000
b1100 >
b1010 ?
b101010111 (!
b11101001011110100011001001010010 G
b1011101101110100111010110101011 G
b11111011111101001110100011110000 G
b11110111 +!
b11110111 y
#13160000
0$
b11110111 (
b11110111 a
0]
#13165000
1$
1]
b1101 f
b1001 d
b11100000 )
b1001 ,
#13166000
b1101 >
b1001 ?
b101011000 (!
b11011111000101011100000110001 G
b10010000000110001111110000111110 G
b10100101000011110010001110100111 G
b1001010 +!
b1001010 y
#13170000
0$
b1001010 (
b1001010 a
0]
#13175000
1$
1]
b1110 f
b1000 d
b11011111 )
b1000 ,
#13176000
b1110 >
b1000 ?
b101011001 (!
b10101100101100000011110111100 G
b11101111010001001011110110001101 G
b11010101001110001111001011101010 G
b10101010 +!
b10101010 y
#13180000
0$
b10101010 (
b10101010 a
0]
#13185000
1$
1]
b1111 f
b111 d
b10011111 )
b111 ,
#13186000
b1111 >
b111 ?
b101011010 (!
b10010101110110100110011101100011 G
1)!
b1111110100001111101000101001000 G
b1001101010110011111010101001 G
b10011 +!
1w
b10011 y
#13190000
0$
1&
b10011 (
1z
b10101011 F
b10011 a
1_
0]
1b
#13195000
1$
1]
b0 f
b111 e
b10011 m
b1100 )
#13196000
b10011 3
b111 =
b1000 ?
b0 >
b111 ?
b101011011 (!
b10101110111110001100001001010110 G
0)!
b10000001011001111111110011011111 G
b11100100111110111101000110010100 G
b11001001 +!
0w
b11001001 y
#13200000
0$
0&
b11001001 (
0z
b11001001 a
0_
0]
0b
#13205000
1$
1]
b1 f
b110 d
b110100 )
b110 ,
#13206000
b1 >
b110 ?
b101011100 (!
b11111000110111110101011110000101 G
b11111001110011111101011010000010 G
0*!
b1101111110101010110000000011011 G
b11011111 +!
0x
b11011111 y
#13210000
0$
0'
b11011111 (
0{
b11011111 a
0`
0]
0c
#13215000
1$
1]
#13216000
b101011101 (!
b11000011110110100101010010100000 G
1)!
b1000000110000011110010000100001 G
1*!
b10010111111110100101101101101110 G
b101111 +!
1w
1x
b101111 y
#13220000
0$
1&
1'
b101111 (
1z
1{
b10101100 F
b101111 a
1`
1_
0]
1b
1c
#13225000
1$
1]
b10 f
b1000 e
b101111 n
b101101 )
#13226000
b101111 4
b1000 =
b111 ?
b10 >
b110 ?
b101011110 (!
b11000101100011011100110100010111 G
b110011000011100110011001101100 G
0*!
b100001001111000000001111101 G
b1000 +!
0x
b1000 y
#13230000
0$
0'
b1000 (
0{
b1000 a
0`
0]
0c
#13235000
1$
1]
b111 d
b1001 e
b1000 o
b111 ,
#13236000
b1000 5
b1001 =
b111 ?
b101011111 (!
b11010101101001010011110100011010 G
0)!
b10110110100001100011111111010011 G
1*!
b111010100100011101001011111000 G
b1110101 +!
0w
1x
b1110101 y
#13240000
0$
0&
1'
b1110101 (
0z
1{
b1110101 a
1`
0_
0]
0b
1c
#13245000
1$
1]
b11 f
b110 d
b110 )
b110 ,
#13246000
b11 >
b110 ?
b101100000 (!
b100001011101001000100010011001 G
1)!
b111101110110100010011110000110 G
b11000011001110010111010001001111 G
b10000110 +!
1w
b10000110 y
#13250000
0$
1&
b10000110 (
1z
b10101101 F
b10000110 a
1_
0]
1b
#13255000
1$
1]
b100 f
b1010 e
b10000110 p
b100110 )
#13256000
b10000110 6
b1010 =
b111 ?
b100 >
b110 ?
b101100001 (!
b10110100001110010010011001000100 G
0)!
b1011110111110010001100001110101 G
0*!
b11001100001010111000011010110010 G
b10011000 +!
0w
0x
b10011000 y
#13260000
0$
0&
0'
b10011000 (
0z
0{
b10011000 a
0`
0_
0]
0b
0c
#13265000
1$
1]
#13266000
b101100010 (!
b111011011000111110011010001011 G
b10001000001111111010110001010000 G
1*!
b11000011010000110000010001 G
b110 +!
1x
b110 y
#13270000
0$
1'
b110 (
1{
b110 a
1`
0]
1c
#13275000
1$
1]
b101 f
b101 d
b10101 )
b101 ,
#13276000
b101 >
b101 ?
b101100011 (!
b100111001000001000011010011110 G
1)!
b10000010011111111101001010000111 G
b11010000100100110111000100011100 G
b10100001 +!
1w
b10100001 y
#13280000
0$
1&
b10100001 (
1z
b10101110 F
b10100001 a
1_
0]
1b
#13285000
1$
1]
b110 f
b1011 e
b10100001 q
b10011 )
#13286000
b10100001 7
b1011 =
b110 ?
b110 >
b101 ?
b101100100 (!
b11110011111010111111111101101101 G
b1001111011000010001001101001010 G
0*!
b10010010000000010011010001000011 G
b100100 +!
0x
b100100 y
#13290000
0$
0'
b100100 (
0{
b100100 a
0`
0]
0c
#13295000
1$
1]
b110 d
b1100 e
b100100 r
b110 ,
#13296000
b100100 8
b1100 =
b110 ?
b101100101 (!
b101110111000010100000010101000 G
0)!
b111011010100010100111010001001 G
1*!
b11101111101000011101100010110110 G
b11011111 +!
0w
1x
b11011111 y
#13300000
0$
0&
1'
b11011111 (
0z
1{
b11011111 a
1`
0_
0]
0b
1c
#13305000
1$
1]
b111 f
b101 d
b101111 )
b101 ,
#13306000
b111 >
b101 ?
b101100110 (!
b11110101010100011100011110111111 G
b1100001011000001010011011110100 G
0*!
b10001001110101000001010101100101 G
b10011 +!
0x
b10011 y
#13310000
0$
0'
b10011 (
0{
b10011 a
0`
0]
0c
#13315000
1$
1]
#13316000
b101100111 (!
b111001010100000100001011100010 G
b111011100011010000100011111011 G
1*!
b11100010010111111111000000000000 G
b11000100 +!
1x
b11000100 y
#13320000
0$
1'
b11000100 (
1{
b11000100 a
1`
0]
1c
#13325000
1$
1]
b1000 f
b100 d
b1000 )
b100 ,
#13326000
b1000 >
b100 ?
b101101000 (!
b10110000000110011000000000001 G
b11111001111111100111110111001110 G
b10011010111111000011001111110111 G
b110101 +!
b110101 y
#13330000
0$
b110101 (
b110101 a
0]
#13335000
1$
1]
b1001 f
b11 d
b10000110 )
b11 ,
#13336000
b1001 >
b11 ?
b101101001 (!
b11110100100000010011111001100 G
1)!
b11110011010000010011101001011101 G
b1010101100011110111010101111010 G
b10101011 +!
1w
b10101011 y
#13340000
0$
1&
b10101011 (
1z
b10101111 F
b10101011 a
1_
0]
1b
#13345000
1$
1]
b1010 f
b1101 e
b10101011 s
b10100001 )
#13346000
b10101011 9
b1101 =
b100 ?
b1010 >
b11 ?
b101101010 (!
b1000010010100100100010010110011 G
b10001110000100010001101001011000 G
0*!
b10111100011000001001000001111001 G
b1111000 +!
0x
b1111000 y
#13350000
0$
0'
b1111000 (
0{
b1111000 a
0`
0]
0c
#13355000
1$
1]
b100 d
b1110 e
b1111000 t
b100 ,
#13356000
b1111000 :
b1110 =
b100 ?
b101101011 (!
b1010001001000101101010111100110 G
b10010011101001111111011100101111 G
b10111100001111010101001110100100 G
#13360000
0$
0]
#13365000
1$
1]
b101 d
b1111 e
b1111000 u
b101 ,
#13366000
b1111000 ;
b1111 =
b101 ?
b101101100 (!
b101101111111110100111001010101 G
b11010110000010000101100010010 G
1*!
b1000101001101111100011101101011 G
b10001010 +!
1x
b10001010 y
#13370000
0$
1'
b10001010 (
1{
b10110000 F
b10001010 a
1`
0]
1c
#13375000
1$
1]
b1011 f
b0 e
b10001010 v
b100100 )
#13376000
b10001010 <
b0 =
b110 ?
b1011 >
b101 ?
b101101101 (!
b1010001101100001111110110000 G
0)!
b1100101000110100111111110001 G
b10111001110001110100000011111110 G
b1110011 +!
0w
b1110011 y
#13380000
0$
0&
b1110011 (
0z
b1110011 a
0_
0]
0b
#13385000
1$
1]
b1100 f
b100 d
b10101011 )
b100 ,
#13386000
b1100 >
b100 ?
b101101110 (!
b100011110110011111000101100111 G
1)!
b10111000001011111000101001111100 G
0*!
b1110010100101100011000101001101 G
b11100101 +!
1w
0x
b11100101 y
#13390000
0$
1&
0'
b11100101 (
1z
0{
b11100101 a
0`
1_
0]
1b
0c
#13395000
1$
1]
b101 d
b1 e
b11100101 g
b101 ,
#13396000
b11100101 -
b1 =
b101 ?
b101101111 (!
b10010100000100110110001110101010 G
b11110011010000000111000100100011 G
1*!
b10000001011111000110000000001000 G
b10 +!
1x
b10 y
#13400000
0$
1'
b10 (
1{
b10110001 F
b10 a
1`
0]
1c
#13405000
1$
1]
b1101 f
b10 e
b10 h
b1111000 )
#13406000
b10 .
b10 =
b110 ?
b1101 >
b101 ?
b101110000 (!
b1100001100000010100111001101001 G
b11110011111100000001111100010110 G
0*!
b10100111111100110000001010011111 G
b1001111 +!
0x
b1001111 y
#13410000
0$
0'
b1001111 (
0{
b1001111 a
0`
0]
0c
#13415000
1$
1]
b110 d
b11 e
b1001111 i
b110 ,
#13416000
b1001111 /
b11 =
b110 ?
b101110001 (!
b11010111010110100010110001010100 G
b110011110010011100001101000101 G
b1111010110000001101111101000010 G
b11110101 +!
b11110101 y
#13420000
0$
b11110101 (
b11110101 a
0]
#13425000
1$
1]
b111 d
b100 e
b11110101 j
b111 ,
#13426000
b11110101 0
b100 =
b111 ?
b101110010 (!
b11110111000010110010000111011011 G
0)!
b10000110011111010011101101100000 G
1*!
b1001001101011000110101111100001 G
b10010011 +!
0w
1x
b10010011 y
#13430000
0$
0&
1'
b10010011 (
0z
1{
b10010011 a
1`
0_
0]
0b
1c
#13435000
1$
1]
b1110 f
b110 d
b110 ,
#13436000
b1110 >
b110 ?
b101110011 (!
b101100011011011101000000101110 G
1)!
b11110111101100000000101011010111 G
b1010011010111001001100100101100 G
b10100110 +!
1w
b10100110 y
#13440000
0$
1&
b10100110 (
1z
b10110010 F
b10100110 a
1_
0]
1b
#13445000
1$
1]
b1111 f
b101 e
b10100110 k
b10001010 )
#13446000
b10100110 1
b101 =
b111 ?
b1111 >
b110 ?
b101110100 (!
b1110000110011110010000111101 G
0)!
b1111111100011111101110111011010 G
b1010010010100101011100110010011 G
b10100100 +!
0w
b10100100 y
#13450000
0$
0&
b10100100 (
0z
b10100100 a
0_
0]
0b
#13455000
1$
1]
b0 f
b101 d
b11100101 )
b101 ,
#13456000
b0 >
b101 ?
b101110101 (!
b11011001001111100001000110111000 G
b101111010100101000100001011001 G
0*!
b10011110010111001011010001000110 G
b111100 +!
0x
b111100 y
#13460000
0$
0'
b111100 (
0{
b111100 a
0`
0]
0c
#13465000
1$
1]
#13466000
b101110110 (!
b111001101010011110101000001111 G
b10111000000000100011000100000100 G
1*!
b10100111010000100111010000110101 G
b1001110 +!
1x
b1001110 y
#13470000
0$
1'
b1001110 (
1{
b1001110 a
1`
0]
1c
#13475000
1$
1]
b1 f
b100 d
b10 )
b100 ,
#13476000
b1 >
b100 ?
b101110111 (!
b11000100010100101011111101110010 G
b101001011011100001100001001011 G
b11011100101100000100001100010000 G
b10111001 +!
b10111001 y
#13480000
0$
b10111001 (
b10111001 a
0]
#13485000
1$
1]
b10 f
b11 d
b1001111 )
b11 ,
#13486000
b10 >
b11 ?
b101111000 (!
b11101111100111011000001111010001 G
b1100100101001010010101101011110 G
0*!
b100110110101011000000001000111 G
b1001101 +!
0x
b1001101 y
#13490000
0$
0'
b1001101 (
0{
b1001101 a
0`
0]
0c
#13495000
1$
1]
#13496000
b101111001 (!
b1110000110000100101001111011100 G
b1111101101110110101001100101101 G
1*!
b10000101011001111110010000001010 G
b1010 +!
1x
b1010 y
#13500000
0$
1'
b1010 (
1{
b1010 a
1`
0]
1c
#13505000
1$
1]
b11 f
b10 d
b11110101 )
b10 ,
#13506000
b11 >
b10 ?
b101111010 (!
b11111110110100000001111000000011 G
1)!
b10111100001100010010111101101000 G
0*!
b1100010001100110011111001001001 G
b11000100 +!
1w
0x
b11000100 y
#13510000
0$
1&
0'
b11000100 (
1z
0{
b11000100 a
0`
1_
0]
1b
0c
#13515000
1$
1]
b11 d
b110 e
b11000100 l
b11 ,
#13516000
b11000100 2
b110 =
b11 ?
b101111011 (!
b1111011011110111001010101110110 G
0)!
b10111110000000111010110101111111 G
1*!
b110010000000110000110110100 G
b1100 +!
0w
1x
b1100 y
#13520000
0$
0&
1'
b1100 (
0z
1{
b1100 a
1`
0_
0]
0b
1c
#13525000
1$
1]
b100 f
b10 d
b10100110 )
b10 ,
#13526000
b100 >
b10 ?
b101111100 (!
b10101000001110000110000100100101 G
b11110011001110011010101110100010 G
b1011110100001111010101010111011 G
b10111101 +!
b10111101 y
#13530000
0$
b10111101 (
b10111101 a
0]
#13535000
1$
1]
b101 f
b1 d
b11000100 )
b1 ,
#13536000
b101 >
b1 ?
b101111101 (!
b1000001000010100011011011000000 G
1)!
b11010000101101011001011111000001 G
b11110001111000000101001010001110 G
b11100011 +!
1w
b11100011 y
#13540000
0$
1&
b11100011 (
1z
b10110011 F
b11100011 a
1_
0]
1b
#13545000
1$
1]
b110 f
b111 e
b11100011 m
b11100011 )
#13546000
b11100011 3
b111 =
b10 ?
b110 >
b1 ?
b101111110 (!
b1100111011000010101000110110111 G
0)!
b1011110010111011101010001100 G
0*!
b10000101001010010111111000011101 G
b1010 +!
0w
0x
b1010 y
#13550000
0$
0&
0'
b1010 (
0z
0{
b1010 a
0`
0_
0]
0b
0c
#13555000
1$
1]
#13556000
b101111111 (!
b111011101111100111011000111010 G
b11111001101111111001111001110011 G
b1010111111100001011100100011000 G
b10101111 +!
b10101111 y
#13560000
0$
b10101111 (
b10101111 a
0]
#13565000
1$
1]
#13566000
b110000000 (!
b1011110010000100111000000111001 G
1)!
b1001011000111111100001010100110 G
b10000111111101110100110011101111 G
b1111 +!
1w
b1111 y
#13570000
0$
1&
b1111 (
1z
b1111 a
1_
0]
1b
#13575000
1$
1]
b10 d
b1000 e
b1111 n
b10 ,
#13576000
b1111 4
b1000 =
b10 ?
b110000001 (!
b10111100110111111011111001100100 G
b1011010001110101000101000010101 G
b11000011111110001010001111010010 G
b10000111 +!
b10000111 y
#13580000
0$
b10000111 (
b10000111 a
0]
#13585000
1$
1]
b11 d
b1001 e
b10000111 o
b11 ,
#13586000
b10000111 5
b1001 =
b11 ?
b110000010 (!
b110010001111101101100100101011 G
0)!
b1000110100001100001011001110000 G
b1011110111100111010011110110001 G
b10111101 +!
0w
b10111101 y
#13590000
0$
0&
b10111101 (
0z
b10111101 a
0_
0]
0b
#13595000
1$
1]
#13596000
b110000011 (!
b10000010100100100010110111110 G
1)!
b10000101001010100111111100100111 G
1*!
b1001010101000111100110100111100 G
b10010101 +!
1w
1x
b10010101 y
#13600000
0$
1&
1'
b10010101 (
1z
1{
b10110100 F
b10010101 a
1`
1_
0]
1b
1c
#13605000
1$
1]
b111 f
b1010 e
b10010101 p
b1111 )
#13606000
b10010101 6
b1010 =
b100 ?
b111 >
b11 ?
b110000100 (!
b11100011110100110110010100001101 G
b10010001011101101001010001101010 G
b10101111010000011101011100011 G
b101011 +!
b101011 y
#13610000
0$
b101011 (
b10110101 F
b101011 a
0]
#13615000
1$
1]
b1000 f
b1011 e
b101011 q
b10000111 )
#13616000
b101011 7
b1011 =
b100 ?
b1000 >
b11 ?
b110000101 (!
b10010000110101111010111011001000 G
b10011111010111110001111000101001 G
b10010001110111000011101111010110 G
b100011 +!
b100011 y
#13620000
0$
b100011 (
b10110110 F
b100011 a
0]
#13625000
1$
1]
b1001 f
b1100 e
b100011 r
b10010101 )
#13626000
b100011 8
b1100 =
b100 ?
b1001 >
b11 ?
b110000110 (!
b111000001110111100100001011111 G
0)!
b11011001011010110100011100010100 G
b11010100100101111110111100000101 G
b10101001 +!
0w
b10101001 y
#13630000
0$
0&
b10101001 (
0z
b10101001 a
0_
0]
0b
#13635000
1$
1]
b1010 f
b10 d
b101011 )
b10 ,
#13636000
b1010 >
b10 ?
b110000111 (!
b11100011110100101010100000000010 G
1)!
b11001010001110101010001110011011 G
0*!
b10001110110111101110001000100000 G
b11101 +!
1w
0x
b11101 y
#13640000
0$
1&
0'
b11101 (
1z
0{
b11101 a
0`
1_
0]
1b
0c
#13645000
1$
1]
b11 d
b1101 e
b11101 s
b11 ,
#13646000
b11101 9
b1101 =
b11 ?
b110001000 (!
b10011100000101101011001110100001 G
b11011000111011100000010011101110 G
1*!
b11010001110010000000100010010111 G
b10100011 +!
1x
b10100011 y
#13650000
0$
1'
b10100011 (
1{
b10110111 F
b10100011 a
1`
0]
1c
#13655000
1$
1]
b1011 f
b1110 e
b10100011 t
b100011 )
#13656000
b10100011 :
b1110 =
b100 ?
b1011 >
b11 ?
b110001001 (!
b101110001101011000101111101100 G
b1000100111010000000011111111101 G
0*!
b11111110001100110011111010011010 G
b11111100 +!
0x
b11111100 y
#13660000
0$
0'
b11111100 (
0{
b11111100 a
0`
0]
0c
#13665000
1$
1]
b100 d
b1111 e
b11111100 u
b100 ,
#13666000
b11111100 ;
b1111 =
b100 ?
b110001010 (!
b1100111110100001111001101010011 G
0)!
b10110010000000010001000001111000 G
1*!
b10101001001010000100100000011001 G
b1010010 +!
0w
1x
b1010010 y
#13670000
0$
0&
1'
b1010010 (
0z
1{
b1010010 a
1`
0_
0]
0b
1c
#13675000
1$
1]
b1100 f
b11 d
b11101 )
b11 ,
#13676000
b1100 >
b11 ?
b110001011 (!
b11001001000001000000000100000110 G
1)!
b101101010010000001111111001111 G
b1100001011011111101111000100 G
b11000 +!
1w
b11000 y
#13680000
0$
1&
b11000 (
1z
b10111000 F
b11000 a
1_
0]
1b
#13685000
1$
1]
b1101 f
b0 e
b11000 v
b10100011 )
#13686000
b11000 <
b0 =
b100 ?
b1101 >
b11 ?
b110001100 (!
b10010010111111000111111110101 G
0)!
b100000110010101011100000110010 G
b1000101111000100000101000001011 G
b10001011 +!
0w
b10001011 y
#13690000
0$
0&
b10001011 (
0z
b10001011 a
0_
0]
0b
#13695000
1$
1]
b1110 f
b10 d
b11111100 )
b10 ,
#13696000
b1110 >
b10 ?
b110001101 (!
b1111010100011111001100111010000 G
1)!
b1001100111011011101110010001 G
0*!
b1110001011001101001000000011110 G
b11100010 +!
1w
0x
b11100010 y
#13700000
0$
1&
0'
b11100010 (
1z
0{
b11100010 a
0`
1_
0]
1b
0c
#13705000
1$
1]
b11 d
b1 e
b11100010 g
b11 ,
#13706000
b11100010 -
b1 =
b11 ?
b110001110 (!
b10010100100100001110111000000111 G
b1000010001010111111011010011100 G
b101111010101100110011011101101 G
b1011110 +!
b1011110 y
#13710000
0$
b1011110 (
b1011110 a
0]
#13715000
1$
1]
b100 d
b10 e
b1011110 h
b100 ,
#13716000
b1011110 .
b10 =
b100 ?
b110001111 (!
b10110010010101110111010011001010 G
0)!
b10110101110000001100011111000011 G
1*!
b11101010001111101111000101000 G
b111010 +!
0w
1x
b111010 y
#13720000
0$
0&
1'
b111010 (
0z
1{
b111010 a
1`
0_
0]
0b
1c
#13725000
1$
1]
b1111 f
b11 d
b11000 )
b11 ,
#13726000
b1111 >
b11 ?
b110010000 (!
b1011111 %!
b1011111 &!
b100101100 '!
b0 (!
b11110110111111001110111000001001 G
1)!
b10001110101010100001001000110110 G
b11110011010100110101001100111111 G
b11100110 +!
1w
b11100110 y
#13730000
0$
1&
b11100110 (
1z
b10111001 F
b11100110 a
1_
0]
1b
#13735000
1$
1]
b0 f
b11 e
b11100110 i
b11100010 )
#13736000
b11100110 /
b11 =
b100 ?
b0 >
b11 ?
b1 (!
b1101000001100101101110001110100 G
b11100010011000000110110011100101 G
b10011001101000111101010001100010 G
b110011 +!
b110011 y
#13740000
0$
b110011 (
b10111010 F
b110011 a
0]
#13745000
1$
1]
b1 f
b100 e
b110011 j
b1011110 )
#13746000
b110011 0
b100 =
b100 ?
b1 >
b11 ?
b10 (!
b101110010111000000110001111011 G
b11011000110100110011110110000000 G
b10011000110001111011111110000001 G
b110001 +!
b110001 y
#13750000
0$
b110001 (
b10111011 F
b110001 a
0]
#13755000
1$
1]
b10 f
b101 e
b110001 k
b11100110 )
#13756000
b110001 1
b101 =
b100 ?
b10 >
b11 ?
b11 (!
b111100001011101110011101001110 G
b1111010100111000010111101110111 G
b1001100111100100000110101001100 G
b10011001 +!
b10011001 y
#13760000
0$
b10011001 (
b10111100 F
b10011001 a
0]
#13765000
1$
1]
b11 f
b110 e
b10011001 l
b110011 )
#13766000
b10011001 2
b110 =
b100 ?
b11 >
b11 ?
b100 (!
b11110101110011011000000111011101 G
b11000111000001100011011011111010 G
b11100111101111101011100000110011 G
b11001111 +!
b11001111 y
#13770000
0$
b11001111 (
b10111101 F
b11001111 a
0]
#13775000
1$
1]
b100 f
b111 e
b11001111 m
b110001 )
#13776000
b11001111 3
b111 =
b100 ?
b100 >
b11 ?
b101 (!
b11111011010001110001011111011000 G
b11101011111111000000111111111001 G
b11010101101000010110111101100110 G
b10101011 +!
b10101011 y
#13780000
0$
b10101011 (
b10111110 F
b10101011 a
0]
#13785000
1$
1]
b101 f
b1000 e
b10101011 n
b10011001 )
#13786000
b10101011 4
b1000 =
b100 ?
b101 >
b11 ?
b110 (!
b10110100010101000110001010101111 G
b10011010001001110100100100100 G
b11010111001010011000010111010101 G
b10101110 +!
b10101110 y
#13790000
0$
b10101110 (
b10111111 F
b10101110 a
0]
#13795000
1$
1]
b110 f
b1001 e
b10101110 o
b11001111 )
#13796000
b10101110 5
b1001 =
b100 ?
b110 >
b11 ?
b111 (!
b11101101111000001111110010010010 G
b11100110100011111010101011101011 G
b10010111101001001100110100110000 G
b101111 +!
b101111 y
#13800000
0$
b101111 (
b11000000 F
b101111 a
0]
#13805000
1$
1]
b111 f
b1010 e
b101111 p
b10101011 )
#13806000
b101111 6
b1010 =
b100 ?
b111 >
b11 ?
b1000 (!
b10011010100100111011111101110001 G
b1000011110100000101001111110 G
b110110000001100110011100111 G
b1101 +!
b1101 y
#13810000
0$
b1101 (
b11000001 F
b1101 a
0]
#13815000
1$
1]
b1000 f
b1011 e
b1101 q
b10101110 )
#13816000
b1101 7
b1011 =
b100 ?
b1000 >
b11 ?
b1001 (!
b11111111101100101100111111111100 G
0)!
b10100110101111000101100011001101 G
b1101110001000101000010100101010 G
b11011100 +!
0w
b11011100 y
#13820000
0$
0&
b11011100 (
0z
b11011100 a
0_
0]
0b
#13825000
1$
1]
b1001 f
b10 d
b101111 )
b10 ,
#13826000
b1001 >
b10 ?
b1010 (!
b1110111100100011100010010100011 G
b11101011010110011011110110001000 G
b11000011000001001010110111101001 G
b10000110 +!
b10000110 y
#13830000
0$
b10000110 (
b10000110 a
0]
#13835000
1$
1]
b1010 f
b1 d
b1101 )
b1 ,
#13836000
b1010 >
b1 ?
b1011 (!
b10101011111010001100010010110 G
1)!
b10101000000000100100111000011111 G
b11110101111011110010000111010100 G
b11101011 +!
1w
b11101011 y
#13840000
0$
1&
b11101011 (
1z
b11000010 F
b11101011 a
1_
0]
1b
#13845000
1$
1]
b1011 f
b1100 e
b11101011 r
b11101011 )
#13846000
b11101011 8
b1100 =
b10 ?
b1011 >
b1 ?
b1100 (!
b110111000010011101101011000101 G
b1101101110001010011000011000010 G
b11011001000111110010101011011 G
b110110 +!
b110110 y
#13850000
0$
b110110 (
b11000011 F
b110110 a
0]
#13855000
1$
1]
b1100 f
b1101 e
b110110 s
b110110 )
#13856000
b110110 9
b1101 =
b10 ?
b1100 >
b1 ?
b1101 (!
b1110011101111110100100011100000 G
b10101111110000001011101101100001 G
b1000010001110101111100110101110 G
b10000100 +!
b10000100 y
#13860000
0$
b10000100 (
b11000100 F
b10000100 a
0]
#13865000
1$
1]
b1101 f
b1110 e
b10000100 t
b10000100 )
#13866000
b10000100 :
b1110 =
b10 ?
b1101 >
b1 ?
b1110 (!
b1100101011100011001010111 G
b10100110010110010011111010101100 G
b11111100010100011110101110111101 G
b11111000 +!
b11111000 y
#13870000
0$
b11111000 (
b11000101 F
b11111000 a
0]
#13875000
1$
1]
b1110 f
b1111 e
b11111000 u
b11111000 )
#13876000
b11111000 ;
b1111 =
b10 ?
b1110 >
b1 ?
b1111 (!
b100010010011110101111101011010 G
b11100000110000001110110100010011 G
b10110011100110101100111100111000 G
b1100111 +!
b1100111 y
#13880000
0$
b1100111 (
b11000110 F
b1100111 a
0]
#13885000
1$
1]
b1111 f
b0 e
b1100111 v
b1100111 )
#13886000
b1100111 <
b0 =
b10 ?
b1111 >
b1 ?
b10000 (!
b1111110101101011100011111011001 G
b1111010100100000000110111000110 G
b10000011110101000001010110001111 G
b111 +!
b111 y
#13890000
0$
b111 (
b11000111 F
b111 a
0]
#13895000
1$
1]
b0 f
b1 e
b111 g
b111 )
#13896000
b111 -
b1 =
b10 ?
b0 >
b1 ?
b10001 (!
b1101011011111001000011010000100 G
b11101100000100000110101110110101 G
b1001010010100110111000011110010 G
b10010100 +!
b10010100 y
#13900000
0$
b10010100 (
b11001000 F
b10010100 a
0]
#13905000
1$
1]
b1 f
b10 e
b10010100 h
b10010100 )
#13906000
b10010100 .
b10 =
b10 ?
b1 >
b1 ?
b10010 (!
b110010011111111011101111001011 G
b10101000100111011011000010010000 G
0*!
b10111000110011011011001101010001 G
b1110001 +!
0x
b1110001 y
#13910000
0$
0'
b1110001 (
0{
b1110001 a
0`
0]
0c
#13915000
1$
1]
b10 d
b11 e
b1110001 i
b10 ,
#13916000
b1110001 /
b11 =
b10 ?
b10011 (!
b100010001001001011010011011110 G
b11101001011100100001101111000111 G
1*!
b11010111100100000101100101011100 G
b10101111 +!
1x
b10101111 y
#13920000
0$
1'
b10101111 (
1{
b11001001 F
b10101111 a
1`
0]
1c
#13925000
1$
1]
b10 f
b100 e
b10101111 j
b1110001 )
#13926000
b10101111 0
b100 =
b11 ?
b10 >
b10 ?
b10100 (!
b1001100011111010011101010101101 G
b11010110111011111100010110001010 G
0*!
b10000100100110011000110000011 G
b100001 +!
0x
b100001 y
#13930000
0$
0'
b100001 (
0{
b100001 a
0`
0]
0c
#13935000
1$
1]
b11 d
b101 e
b100001 k
b11 ,
#13936000
b100001 1
b101 =
b11 ?
b10101 (!
b11110000111001010100110011101000 G
b11011001011011100101110111001001 G
1*!
b10101111011010100111011110110 G
b101011 +!
1x
b101011 y
#13940000
0$
1'
b101011 (
1{
b11001010 F
b101011 a
1`
0]
1c
#13945000
1$
1]
b11 f
b110 e
b101011 l
b10101111 )
#13946000
b101011 2
b110 =
b100 ?
b11 >
b11 ?
b10110 (!
b11101011000000001011100011111111 G
0)!
b11110001111110000001011100110100 G
b1110100000011000011100010100101 G
b11101000 +!
0w
b11101000 y
#13950000
0$
0&
b11101000 (
0z
b11101000 a
0_
0]
0b
#13955000
1$
1]
b100 f
b10 d
b100001 )
b10 ,
#13956000
b100 >
b10 ?
b10111 (!
b11000101010011101011110100100010 G
1)!
b10111100110010100010111000111011 G
0*!
b10100000011110110000010001000000 G
b1000000 +!
1w
0x
b1000000 y
#13960000
0$
1&
0'
b1000000 (
1z
0{
b1000000 a
0`
1_
0]
1b
0c
#13965000
1$
1]
b11 d
b111 e
b1000000 m
b11 ,
#13966000
b1000000 3
b111 =
b11 ?
b11000 (!
b11000101111110011010011101000001 G
b11011101101010100011110000001110 G
1*!
b1100010011011001100110100110111 G
b11000100 +!
1x
b11000100 y
#13970000
0$
1'
b11000100 (
1{
b11001011 F
b11000100 a
1`
0]
1c
#13975000
1$
1]
b101 f
b1000 e
b11000100 n
b101011 )
#13976000
b11000100 4
b1000 =
b100 ?
b101 >
b11 ?
b11001 (!
b100100110000110010000000001100 G
b1111000111011010100010110011101 G
b101000001001101011011110111010 G
b1010000 +!
b1010000 y
#13980000
0$
b1010000 (
b11001100 F
b1010000 a
0]
#13985000
1$
1]
b110 f
b1001 e
b1010000 o
b1000000 )
#13986000
b1010000 5
b1001 =
b100 ?
b110 >
b11 ?
b11010 (!
b11010110000011111001000111110011 G
b11000110110101000011011010011000 G
b110101010011010110111110111001 G
b1101010 +!
b1101010 y
#13990000
0$
b1101010 (
b11001101 F
b1101010 a
0]
#13995000
1$
1]
b111 f
b1010 e
b1101010 p
b11000100 )
#13996000
b1101010 6
b1010 =
b100 ?
b111 >
b11 ?
b11011 (!
b1101011001111101110000100110 G
b11011110011111110011100001101111 G
b11011010001011001101001111100100 G
b10110100 +!
b10110100 y
#14000000
0$
b10110100 (
b11001110 F
b10110100 a
0]
#14005000
1$
1]
b1000 f
b1011 e
b10110100 q
b1010000 )
#14006000
b10110100 7
b1011 =
b100 ?
b1000 >
b11 ?
b11100 (!
b11010000100011000100000110010101 G
b1100001001110100001010101010010 G
b11100011111010100011110010101011 G
b11000111 +!
b11000111 y
#14010000
0$
b11000111 (
b11001111 F
b11000111 a
0]
#14015000
1$
1]
b1001 f
b1100 e
b11000111 r
b1101010 )
#14016000
b11000111 8
b1100 =
b100 ?
b1001 >
b11 ?
b11101 (!
b10100100010100100100001111110000 G
b111010000111001011100110001 G
0*!
b11010110111111101000111100111110 G
b10101101 +!
0x
b10101101 y
#14020000
0$
0'
b10101101 (
0{
b10101101 a
0`
0]
0c
#14025000
1$
1]
b100 d
b1101 e
b10101101 s
b100 ,
#14026000
b10101101 9
b1101 =
b100 ?
b11110 (!
b10100110010111001101101010100111 G
b11001010000111001001001010111100 G
1*!
b11011111000100010000110010001101 G
b10111110 +!
1x
b10111110 y
#14030000
0$
1'
b10111110 (
1{
b11010000 F
b10111110 a
1`
0]
1c
#14035000
1$
1]
b1010 f
b1110 e
b10111110 t
b10110100 )
#14036000
b10111110 :
b1110 =
b101 ?
b1010 >
b100 ?
b11111 (!
b10001010110101110011010111101010 G
b1010001111111010000111001100011 G
b10001111110000101000110001001000 G
b11111 +!
b11111 y
#14040000
0$
b11111 (
b11010001 F
b11111 a
0]
#14045000
1$
1]
b1011 f
b1111 e
b11111 u
b11000111 )
#14046000
b11111 ;
b1111 =
b101 ?
b1011 >
b100 ?
b100000 (!
b10001100001100011111110110101001 G
b11001011100100101011010101010110 G
b101101000001101001001111011111 G
b1011010 +!
b1011010 y
#14050000
0$
b1011010 (
b11010010 F
b1011010 a
0]
#14055000
1$
1]
b1100 f
b0 e
b1011010 v
b10101101 )
#14056000
b1011010 <
b0 =
b101 ?
b1100 >
b100 ?
b100001 (!
b11110111101001011011110010010100 G
b1110110110111111000011010000101 G
b10001010110000111100110000010 G
b100010 +!
b100010 y
#14060000
0$
b100010 (
b11010011 F
b100010 a
0]
#14065000
1$
1]
b1101 f
b1 e
b100010 g
b10111110 )
#14066000
b100010 -
b1 =
b101 ?
b1101 >
b100 ?
b100010 (!
b11011011100001101110011100011011 G
b10001011110111100110111110100000 G
b10111100011010101000001100100001 G
b1111000 +!
b1111000 y
#14070000
0$
b1111000 (
b11010100 F
b1111000 a
0]
#14075000
1$
1]
b1110 f
b10 e
b1111000 h
b11111 )
#14076000
b1111000 .
b10 =
b101 ?
b1110 >
b100 ?
b100011 (!
b11001101000101001010111001101110 G
b11110100110110010100010000010111 G
b1011110100001111011000101101100 G
b10111101 +!
b10111101 y
#14080000
0$
b10111101 (
b11010101 F
b10111101 a
0]
#14085000
1$
1]
b1111 f
b11 e
b10111101 i
b1011010 )
#14086000
b10111101 /
b11 =
b101 ?
b1111 >
b100 ?
b100100 (!
b1001000000101111000111101111101 G
b1111100101001000100000000011010 G
b1100110111000101010011011010011 G
b11001101 +!
b11001101 y
#14090000
0$
b11001101 (
b11010110 F
b11001101 a
0]
#14095000
1$
1]
b0 f
b100 e
b11001101 j
b100010 )
#14096000
b11001101 0
b100 =
b101 ?
b0 >
b100 ?
b100101 (!
b10001100110010110100110111111000 G
b1011111101110110000011110011001 G
b101111110000001101101010000110 G
b1011111 +!
b1011111 y
#14100000
0$
b1011111 (
b11010111 F
b1011111 a
0]
#14105000
1$
1]
b1 f
b101 e
b1011111 k
b1111000 )
#14106000
b1011111 1
b101 =
b101 ?
b1 >
b100 ?
b100110 (!
b11100011000011011100101101001111 G
b1010000101011011101000101000100 G
b1000000000101010000011101110101 G
b10000000 +!
b10000000 y
#14110000
0$
b10000000 (
b11011000 F
b10000000 a
0]
#14115000
1$
1]
b10 f
b110 e
b10000000 l
b10111101 )
#14116000
b10000000 2
b110 =
b101 ?
b10 >
b100 ?
b100111 (!
b1101001101011001110100110110010 G
b1010001000001110010110110001011 G
b1101101100110101000011101010000 G
b11011011 +!
b11011011 y
#14120000
0$
b11011011 (
b11011001 F
b11011011 a
0]
#14125000
1$
1]
b11 f
b111 e
b11011011 m
b11001101 )
#14126000
b11011011 3
b111 =
b101 ?
b11 >
b100 ?
b101000 (!
b100100111011010110101100010001 G
b1011100111111001100110011110 G
0*!
b11001110010000100110000111 G
b110 +!
0x
b110 y
#14130000
0$
0'
b110 (
0{
b110 a
0`
0]
0c
#14135000
1$
1]
b101 d
b1000 e
b110 n
b101 ,
#14136000
b110 4
b1000 =
b101 ?
b101001 (!
b10000011101011110111110000011100 G
b11011000111011111100111001101101 G
1*!
b10110011111100001101011001001010 G
b1100111 +!
1x
b1100111 y
#14140000
0$
1'
b1100111 (
1{
b11011010 F
b1100111 a
1`
0]
1c
#14145000
1$
1]
b100 f
b1001 e
b1100111 o
b1011111 )
#14146000
b1100111 5
b1001 =
b110 ?
b100 >
b101 ?
b101010 (!
b101001000001110101101101000011 G
b10010101110010010111101110101000 G
b10101001010001111000110110001001 G
b1010010 +!
b1010010 y
#14150000
0$
b1010010 (
b11011011 F
b1010010 a
0]
#14155000
1$
1]
b101 f
b1010 e
b1010010 p
b10000000 )
#14156000
b1010010 6
b1010 =
b110 ?
b101 >
b101 ?
b101011 (!
b10111110000001010100101110110110 G
b10111010110010111101111010111111 G
b11001110010100000001000111110100 G
b10011100 +!
b10011100 y
#14160000
0$
b10011100 (
b11011100 F
b10011100 a
0]
#14165000
1$
1]
b110 f
b1011 e
b10011100 q
b11011011 )
#14166000
b10011100 7
b1011 =
b110 ?
b110 >
b101 ?
b101100 (!
b1011000111110111100010001100101 G
b11001110111110100110010111100010 G
b11011011100100100000111111111011 G
b10110111 +!
b10110111 y
#14170000
0$
b10110111 (
b11011101 F
b10110111 a
0]
#14175000
1$
1]
b111 f
b1100 e
b10110111 r
b110 )
#14176000
b10110111 8
b1100 =
b110 ?
b111 >
b101 ?
b101101 (!
b1001110110000011000101100000000 G
b1110000000010110100111100000001 G
b10011011000100100101000011001110 G
b110110 +!
b110110 y
#14180000
0$
b110110 (
b11011110 F
b110110 a
0]
#14185000
1$
1]
b1000 f
b1101 e
b110110 s
b1100111 )
#14186000
b110110 9
b1101 =
b110 ?
b1000 >
b101 ?
b101110 (!
b1101100100100110010101011110111 G
b10010101111111101111001011001100 G
b10010010001100100101011101 G
b100 +!
b100 y
#14190000
0$
b100 (
b11011111 F
b100 a
0]
#14195000
1$
1]
b1001 f
b1110 e
b100 t
b1010010 )
#14196000
b100 :
b1110 =
b110 ?
b1001 >
b101 ?
b101111 (!
b1001111110111111111100001111010 G
0)!
b1001110011100100010101110110011 G
b11001001010110000001010101011000 G
b10010010 +!
0w
b10010010 y
#14200000
0$
0&
b10010010 (
0z
b10010010 a
0_
0]
0b
#14205000
1$
1]
b1010 f
b100 d
b10011100 )
b100 ,
#14206000
b1010 >
b100 ?
b110000 (!
b11001001111101101000111101111001 G
1)!
b11001111001100110000100011100110 G
b10001100001101111100111000101111 G
b11000 +!
1w
b11000 y
#14210000
0$
1&
b11000 (
1z
b11100000 F
b11000 a
1_
0]
1b
#14215000
1$
1]
b1011 f
b1111 e
b11000 u
b10110111 )
#14216000
b11000 ;
b1111 =
b101 ?
b1011 >
b100 ?
b110001 (!
b11101100010101110111111010100100 G
b110010001000101011110101010101 G
b10100110110000111110111000010010 G
b1001101 +!
b1001101 y
#14220000
0$
b1001101 (
b11100001 F
b1001101 a
0]
#14225000
1$
1]
b1100 f
b0 e
b1001101 v
b110110 )
#14226000
b1001101 <
b0 =
b101 ?
b1100 >
b100 ?
b110010 (!
b1101100000011101000111001101011 G
b11010011010011100111101010110000 G
b10101100110000110010111011110001 G
b1011001 +!
b1011001 y
#14230000
0$
b1011001 (
b11100010 F
b1011001 a
0]
#14235000
1$
1]
b1101 f
b1 e
b1011001 g
b100 )
#14236000
b1011001 -
b1 =
b101 ?
b1101 >
b100 ?
b110011 (!
b1110000100111111101001111111110 G
b100001101111101010100001100111 G
b1011100101000010001010101111100 G
b10111001 +!
b10111001 y
#14240000
0$
b10111001 (
b11100011 F
b10111001 a
0]
#14245000
1$
1]
b1110 f
b10 e
b10111001 h
b11000 )
#14246000
b10111001 .
b10 =
b101 ?
b1110 >
b100 ?
b110100 (!
b1110000100100011000000001001101 G
b1000010101001010011010101010 G
b10011110111010100001100000100011 G
b111101 +!
b111101 y
#14250000
0$
b111101 (
b11100100 F
b111101 a
0]
#14255000
1$
1]
b1111 f
b11 e
b111101 i
b1001101 )
#14256000
b111101 /
b11 =
b101 ?
b1111 >
b100 ?
b110101 (!
b111100110100100001101100001000 G
b1111010101001110000110101101001 G
b11000000110111010001001000010110 G
b10000001 +!
b10000001 y
#14260000
0$
b10000001 (
b11100101 F
b10000001 a
0]
#14265000
1$
1]
b0 f
b100 e
b10000001 j
b1011001 )
#14266000
b10000001 0
b100 =
b101 ?
b0 >
b100 ?
b110110 (!
b10111101000010001001100110011111 G
b1101001010011110001011101010100 G
b1101111110110001111001001000101 G
b11011111 +!
b11011111 y
#14270000
0$
b11011111 (
b11100110 F
b11011111 a
0]
#14275000
1$
1]
b1 f
b101 e
b11011111 k
b10111001 )
#14276000
b11011111 1
b101 =
b101 ?
b1 >
b100 ?
b110111 (!
b10000111010011001000001001000010 G
b10111101001000111010100011011011 G
b11101101111111000101011001100000 G
b11011011 +!
b11011011 y
#14280000
0$
b11011011 (
b11100111 F
b11011011 a
0]
#14285000
1$
1]
b10 f
b110 e
b11011011 l
b111101 )
#14286000
b11011011 2
b110 =
b101 ?
b10 >
b100 ?
b111000 (!
b10111001110101000000101011100001 G
b10011110001110110010001100101110 G
b11011001010100101000000111010111 G
b10110010 +!
b10110010 y
#14290000
0$
b10110010 (
b11101000 F
b10110010 a
0]
#14295000
1$
1]
b11 f
b111 e
b10110010 m
b10000001 )
#14296000
b10110010 3
b111 =
b101 ?
b11 >
b100 ?
b111001 (!
b10111001100000001110010000101100 G
b11111011111110001111001100111101 G
b1011101111100011110000011011010 G
b10111011 +!
b10111011 y
#14300000
0$
b10111011 (
b11101001 F
b10111011 a
0]
#14305000
1$
1]
b100 f
b1000 e
b10111011 n
b11011111 )
#14306000
b10111011 4
b1000 =
b101 ?
b100 >
b100 ?
b111010 (!
b1100011111101100010000010010011 G
b10101100010100101000110010111000 G
b10111011111110000000011101011001 G
b1110111 +!
b1110111 y
#14310000
0$
b1110111 (
b11101010 F
b1110111 a
0]
#14315000
1$
1]
b101 f
b1001 e
b1110111 o
b11011011 )
#14316000
b1110111 5
b1001 =
b101 ?
b101 >
b100 ?
b111011 (!
b100101010101100110011101000110 G
b10110000101101010100000100001111 G
b11110110100000011101110000000100 G
b11101101 +!
b11101101 y
#14320000
0$
b11101101 (
b11101011 F
b11101101 a
0]
#14325000
1$
1]
b110 f
b1010 e
b11101101 p
b10110010 )
#14326000
b11101101 6
b1010 =
b101 ?
b110 >
b100 ?
b111100 (!
b11011010001011010110001100110101 G
0)!
b1100111100101110010001001110010 G
b11000011001110000101111101001011 G
b10000110 +!
0w
b10000110 y
#14330000
0$
0&
b10000110 (
0z
b10000110 a
0_
0]
0b
#14335000
1$
1]
b111 f
b11 d
b10111011 )
b11 ,
#14336000
b111 >
b11 ?
b111101 (!
b10010000010001100001111000010000 G
1)!
b110101101111001110001011010001 G
b10000010100101110011111001011110 G
b101 +!
1w
b101 y
#14340000
0$
1&
b101 (
1z
b11101100 F
b101 a
1_
0]
1b
#14345000
1$
1]
b1000 f
b1011 e
b101 q
b1110111 )
#14346000
b101 7
b1011 =
b100 ?
b1000 >
b11 ?
b111110 (!
b1111111101001011011011101000111 G
b1011001010010010101111011011100 G
b10011000011011100010001000101101 G
b110000 +!
b110000 y
#14350000
0$
b110000 (
b11101101 F
b110000 a
0]
#14355000
1$
1]
b1001 f
b1100 e
b110000 r
b11101101 )
#14356000
b110000 8
b1100 =
b100 ?
b1001 >
b11 ?
b111111 (!
b11001010000110101010011100001010 G
b11011000110111010100010100000011 G
b101010101101000110101001101000 G
b1010101 +!
b1010101 y
#14360000
0$
b1010101 (
b11101110 F
b1010101 a
0]
#14365000
1$
1]
b1010 f
b1101 e
b1010101 s
b101 )
#14366000
b1010101 9
b1101 =
b100 ?
b1010 >
b11 ?
b1000000 (!
b11000110010010000111110101001001 G
b11110011101100100000100001110110 G
0*!
b111000011101001100010001111111 G
b1110000 +!
0x
b1110000 y
#14370000
0$
0'
b1110000 (
0{
b1110000 a
0`
0]
0c
#14375000
1$
1]
b100 d
b1110 e
b1110000 t
b100 ,
#14376000
b1110000 :
b1110 =
b100 ?
b1000001 (!
b11100111111110101100110010110100 G
b1001100111011110001000000100101 G
1*!
b11001111011001101100111010100010 G
b10011110 +!
1x
b10011110 y
#14380000
0$
1'
b10011110 (
1{
b11101111 F
b10011110 a
1`
0]
1c
#14385000
1$
1]
b1011 f
b1111 e
b10011110 u
b110000 )
#14386000
b10011110 ;
b1111 =
b101 ?
b1011 >
b100 ?
b1000010 (!
b11100011100111011000110111011 G
b1011010011001101101000111000000 G
b1101110101111001011011011000001 G
b11011101 +!
b11011101 y
#14390000
0$
b11011101 (
b11110000 F
b11011101 a
0]
#14395000
1$
1]
b1100 f
b0 e
b11011101 v
b1010101 )
#14396000
b11011101 <
b0 =
b101 ?
b1100 >
b100 ?
b1000011 (!
b11111001001001110010010110001110 G
b10100110110011110100100010110111 G
b1100011011001011000010110001100 G
b11000110 +!
b11000110 y
#14400000
0$
b11000110 (
b11110001 F
b11000110 a
0]
#14405000
1$
1]
b1101 f
b1 e
b11000110 g
b1110000 )
#14406000
b11000110 -
b1 =
b101 ?
b1101 >
b100 ?
b1000100 (!
b1000101101000000000110100011101 G
b11101110111100011111100100111010 G
b10011010101001101000010101110011 G
b110101 +!
b110101 y
#14410000
0$
b110101 (
b11110010 F
b110101 a
0]
#14415000
1$
1]
b1110 f
b10 e
b110101 h
b10011110 )
#14416000
b110101 .
b10 =
b101 ?
b1110 >
b100 ?
b1000101 (!
b11010001100100101011010000011000 G
b11111001101101110110111100111001 G
0*!
b10110111110000101111010110100110 G
b1101111 +!
0x
b1101111 y
#14420000
0$
0'
b1101111 (
0{
b1101111 a
0`
0]
0c
#14425000
1$
1]
b101 d
b11 e
b1101111 i
b101 ,
#14426000
b1101111 /
b11 =
b101 ?
b1000110 (!
b11001111100010001111101111 G
b11100100100001001110100101100100 G
1*!
b10100111101011001111100100010101 G
b1001111 +!
1x
b1001111 y
#14430000
0$
1'
b1001111 (
1{
b11110011 F
b1001111 a
1`
0]
1c
#14435000
1$
1]
b1111 f
b100 e
b1001111 j
b11011101 )
#14436000
b1001111 0
b100 =
b110 ?
b1111 >
b101 ?
b1000111 (!
b111001111101000011011010010 G
b10000000101111001010000000101011 G
0*!
b1001011010110010111000101110000 G
b10010110 +!
0x
b10010110 y
#14440000
0$
0'
b10010110 (
0{
b10010110 a
0`
0]
0c
#14445000
1$
1]
b110 d
b101 e
b10010110 k
b110 ,
#14446000
b10010110 1
b101 =
b110 ?
b1001000 (!
b1010010110100101000011010110001 G
b10001010000111011101100010111110 G
1*!
b11110110101001100011011000100111 G
b11101101 +!
1x
b11101101 y
#14450000
0$
1'
b11101101 (
1{
b11110100 F
b11101101 a
1`
0]
1c
#14455000
1$
1]
b0 f
b110 e
b11101101 l
b11000110 )
#14456000
b11101101 2
b110 =
b111 ?
b0 >
b110 ?
b1001001 (!
b101010000000000101100000111100 G
b11111110111111011011010000001101 G
b11000111010110101101011101101010 G
b10001110 +!
b10001110 y
#14460000
0$
b10001110 (
b11110101 F
b10001110 a
0]
#14465000
1$
1]
b1 f
b111 e
b10001110 m
b110101 )
#14466000
b10001110 3
b111 =
b111 ?
b1 >
b110 ?
b1001010 (!
b11000000110001110000111100011 G
b1110001010010000110100111001000 G
b11001110001000111101110100101001 G
b10011100 +!
b10011100 y
#14470000
0$
b10011100 (
b11110110 F
b10011100 a
0]
#14475000
1$
1]
b10 f
b1000 e
b10011100 n
b1101111 )
#14476000
b10011100 4
b1000 =
b111 ?
b10 >
b110 ?
b1001011 (!
b11000010000111000010111011010110 G
b1101110010000101111101011111 G
b10010101101010110011001000010100 G
b101011 +!
b101011 y
#14480000
0$
b101011 (
b11110111 F
b101011 a
0]
#14485000
1$
1]
b11 f
b1001 e
b101011 o
b1001111 )
#14486000
b101011 5
b1001 =
b111 ?
b11 >
b110 ?
b1001100 (!
b10111101101101100001111000000101 G
0)!
b1001000011000010100101100000010 G
b110001101110100010101010011011 G
b1100011 +!
0w
b1100011 y
#14490000
0$
0&
b1100011 (
0z
b1100011 a
0_
0]
0b
#14495000
1$
1]
b100 f
b101 d
b10010110 )
b101 ,
#14496000
b100 >
b101 ?
b1001101 (!
b1110000110110001111110100100000 G
1)!
b1011111101111010101001010100001 G
b10011010011011100101011111101110 G
b110100 +!
1w
b110100 y
#14500000
0$
1&
b110100 (
1z
b11111000 F
b110100 a
1_
0]
1b
#14505000
1$
1]
b101 f
b1010 e
b110100 p
b11101101 )
#14506000
b110100 6
b1010 =
b110 ?
b101 >
b101 ?
b1001110 (!
b10011100110000010111111110010111 G
b11011010000001001101011011101100 G
b10101011101101100001011011111101 G
b1010111 +!
b1010111 y
#14510000
0$
b1010111 (
b11111001 F
b1010111 a
0]
#14515000
1$
1]
b110 f
b1011 e
b1010111 q
b10001110 )
#14516000
b1010111 7
b1011 =
b110 ?
b110 >
b101 ?
b1001111 (!
b11010110111110000100000110011010 G
b1101110110101101001010011 G
b1000000111100001000101101111000 G
b10000001 +!
b10000001 y
#14520000
0$
b10000001 (
b11111010 F
b10000001 a
0]
#14525000
1$
1]
b111 f
b1100 e
b10000001 r
b10011100 )
#14526000
b10000001 8
b1100 =
b110 ?
b111 >
b101 ?
b1010000 (!
b11000011001011001100011100011001 G
b1011000000100001011010000000110 G
b10010100010100111011011001111 G
b100101 +!
b100101 y
#14530000
0$
b100101 (
b11111011 F
b100101 a
0]
#14535000
1$
1]
b1000 f
b1101 e
b100101 s
b101011 )
#14536000
b100101 9
b1101 =
b110 ?
b1000 >
b101 ?
b1010001 (!
b1010111101110001010011011000100 G
b1000110000110010111111011110101 G
b11101100110100100001101100110010 G
b11011001 +!
b11011001 y
#14540000
0$
b11011001 (
b11111100 F
b11011001 a
0]
#14545000
1$
1]
b1001 f
b1110 e
b11011001 t
b110100 )
#14546000
b11011001 :
b1110 =
b110 ?
b1001 >
b101 ?
b1010010 (!
b1101010110100110101000100001011 G
b10010111011000000111010011010000 G
b10010010111111000001101010010001 G
b100101 +!
b100101 y
#14550000
0$
b100101 (
b11111101 F
b100101 a
0]
#14555000
1$
1]
b1010 f
b1111 e
b100101 u
b1010111 )
#14556000
b100101 ;
b1111 =
b110 ?
b1010 >
b101 ?
b1010011 (!
b10011011110010111010001100011110 G
b10111100011110000010010100000111 G
b101011000111100000000110011100 G
b1010110 +!
b1010110 y
#14560000
0$
b1010110 (
b11111110 F
b1010110 a
0]
#14565000
1$
1]
b1011 f
b0 e
b1010110 v
b10000001 )
#14566000
b1010110 <
b0 =
b110 ?
b1011 >
b101 ?
b1010100 (!
b1110101110000011010111101101 G
b1011010001011010011011111001010 G
b10111001110101001110111011000011 G
b1110011 +!
b1110011 y
#14570000
0$
b1110011 (
b11111111 F
b1110011 a
0]
#14575000
1$
1]
b1100 f
b1 e
b1110011 g
b100101 )
#14576000
b1110011 -
b1 =
b110 ?
b1100 >
b101 ?
b1010101 (!
b10001110011001100001100100101000 G
b1010000001100010010110100001001 G
b11100011101100111000010100110110 G
b11000111 +!
b11000111 y
#14580000
0$
b11000111 (
b100000000 F
b11000111 a
0]
#14585000
1$
1]
b1101 f
b10 e
b11000111 h
b11011001 )
#14586000
b11000111 .
b10 =
b110 ?
b1101 >
b101 ?
b1010110 (!
b11111001101110110110101000111111 G
b11101001101110000100011101110100 G
b11001011101001100001101111100101 G
b10010111 +!
b10010111 y
#14590000
0$
b10010111 (
b100000001 F
b10010111 a
0]
#14595000
1$
1]
b1110 f
b11 e
b10010111 i
b100101 )
#14596000
b10010111 /
b11 =
b110 ?
b1110 >
b101 ?
b1010111 (!
b10011111010100111111011101100010 G
b11010001001011110001001101111011 G
b11111010001010101101100010000000 G
b11110100 +!
b11110100 y
#14600000
0$
b11110100 (
b100000010 F
b11110100 a
0]
#14605000
1$
1]
b1111 f
b100 e
b11110100 j
b1010110 )
#14606000
b11110100 0
b100 =
b110 ?
b1111 >
b101 ?
b1011000 (!
b1011001110011011101111010000001 G
b111100101010001011101001001110 G
b11011110111000010010011001110111 G
b10111101 +!
b10111101 y
#14610000
0$
b10111101 (
b100000011 F
b10111101 a
0]
#14615000
1$
1]
b0 f
b101 e
b10111101 k
b1110011 )
#14616000
b10111101 1
b101 =
b110 ?
b0 >
b101 ?
b1011001 (!
b1111101101101101100001001100 G
b10110110101100110001000011011101 G
b1110110000111001011100111111010 G
b11101100 +!
b11101100 y
#14620000
0$
b11101100 (
b100000100 F
b11101100 a
0]
#14625000
1$
1]
b1 f
b110 e
b11101100 l
b11000111 )
#14626000
b11101100 2
b110 =
b110 ?
b1 >
b101 ?
b1011010 (!
b11000100011011001001111100110011 G
b1101110010001000001001011011000 G
0*!
b11010100010100000000111011111001 G
b10101000 +!
0x
b10101000 y
#14630000
0$
0'
b10101000 (
0{
b10101000 a
0`
0]
0c
#14635000
1$
1]
b110 d
b111 e
b10101000 m
b110 ,
#14636000
b10101000 3
b111 =
b110 ?
b1011011 (!
b100011110101111010001001100110 G
b1001001010100100011100110101111 G
1*!
b11101011101010001010000100100 G
b111010 +!
1x
b111010 y
#14640000
0$
1'
b111010 (
1{
b100000101 F
b111010 a
1`
0]
1c
#14645000
1$
1]
b10 f
b1000 e
b111010 n
b10010111 )
#14646000
b111010 4
b1000 =
b111 ?
b10 >
b110 ?
b1011100 (!
b10011100111010101111010011010101 G
b10001011011010011101111110010010 G
b11100011101101000111000111101011 G
b11000111 +!
b11000111 y
#14650000
0$
b11000111 (
b100000110 F
b11000111 a
0]
#14655000
1$
1]
b11 f
b1001 e
b11000111 o
b11110100 )
#14656000
b11000111 5
b1001 =
b111 ?
b11 >
b110 ?
b1011101 (!
b11110011001100110010100000110000 G
b10000001001100011001111001110001 G
0*!
b10011000001110001001110101111110 G
b110000 +!
0x
b110000 y
#14660000
0$
0'
b110000 (
0{
b110000 a
0`
0]
0c
#14665000
1$
1]
b111 d
b1010 e
b110000 p
b111 ,
#14666000
b110000 6
b1010 =
b111 ?
b1011110 (!
b1100010110100111000001111100111 G
b1100100111110100101101011111100 G
1*!
b11101110000101011010011111001101 G
b11011100 +!
1x
b11011100 y
#14670000
0$
1'
b11011100 (
1{
b100000111 F
b11011100 a
1`
0]
1c
#14675000
1$
1]
b100 f
b1011 e
b11011100 q
b10111101 )
#14676000
b11011100 7
b1011 =
b1000 ?
b100 >
b111 ?
b1011111 (!
b1101000101010011100100000101010 G
b110111010010010110101110100011 G
b1101011111001010111100010001000 G
b11010111 +!
b11010111 y
#14680000
0$
b11010111 (
b100001000 F
b11010111 a
0]
#14685000
1$
1]
b101 f
b1100 e
b11010111 r
b11101100 )
#14686000
b11010111 8
b1100 =
b1000 ?
b101 >
b111 ?
b1100000 (!
b10000110011010000110110011101001 G
b1011100000100000000101110010110 G
b10010101000001011110010100011111 G
b101010 +!
b101010 y
#14690000
0$
b101010 (
b100001001 F
b101010 a
0]
#14695000
1$
1]
b110 f
b1101 e
b101010 s
b10101000 )
#14696000
b101010 9
b1101 =
b1000 ?
b110 >
b111 ?
b1100001 (!
b10000111011110100000110011010100 G
b10111100001101110000100111000101 G
b10001101010101101101001111000010 G
b11010 +!
b11010 y
#14700000
0$
b11010 (
b100001010 F
b11010 a
0]
#14705000
1$
1]
b111 f
b1110 e
b11010 t
b111010 )
#14706000
b11010 :
b1110 =
b1000 ?
b111 >
b111 ?
b1100010 (!
b1101011000010100110110001011011 G
b10101011001101000110001111100000 G
b100101111001100101101001100001 G
b1001011 +!
b1001011 y
#14710000
0$
b1001011 (
b100001011 F
b1001011 a
0]
#14715000
1$
1]
b1000 f
b1111 e
b1001011 u
b11000111 )
#14716000
b1001011 ;
b1111 =
b1000 ?
b1000 >
b111 ?
b1100011 (!
b1100110011011100100110010101110 G
b11101100111001100011110101010111 G
b10100010110100111000100110101100 G
b1000101 +!
b1000101 y
#14720000
0$
b1000101 (
b100001100 F
b1000101 a
0]
#14725000
1$
1]
b1001 f
b0 e
b1000101 v
b110000 )
#14726000
b1000101 <
b0 =
b1000 ?
b1001 >
b111 ?
b1100100 (!
b10101011000011101111101010111101 G
b10111000011101110110001001011010 G
b101001111100100101010000010011 G
b1010011 +!
b1010011 y
#14730000
0$
b1010011 (
b100001101 F
b1010011 a
0]
#14735000
1$
1]
b1010 f
b1 e
b1010011 g
b11011100 )
#14736000
b1010011 -
b1 =
b1000 ?
b1010 >
b111 ?
b1100101 (!
b111001011001010100101000111000 G
b1100101000110010100011011011001 G
0*!
b10000100101011111100000011000110 G
b1001 +!
0x
b1001 y
#14740000
0$
0'
b1001 (
0{
b1001 a
0`
0]
0c
#14745000
1$
1]
b1000 d
b10 e
b1001 h
b1000 ,
#14746000
b1001 .
b10 =
b1000 ?
b1100110 (!
b11101110010011010110110010001111 G
b101111000100100011000110000100 G
1*!
b11001111100110010101101010110101 G
b10011111 +!
1x
b10011111 y
#14750000
0$
1'
b10011111 (
1{
b100001110 F
b10011111 a
1`
0]
1c
#14755000
1$
1]
b1011 f
b11 e
b10011111 i
b11010111 )
#14756000
b10011111 /
b11 =
b1001 ?
b1011 >
b1000 ?
b1100111 (!
b1100010000111011101001111110010 G
b11101001100110000000001011001011 G
b11001001101010011000101110010000 G
b10010011 +!
b10010011 y
#14760000
0$
b10010011 (
b100001111 F
b10010011 a
0]
#14765000
1$
1]
b1100 f
b100 e
b10010011 j
b101010 )
#14766000
b10010011 0
b100 =
b1001 ?
b1100 >
b1000 ?
b1101000 (!
b10100100011010110001001001010001 G
b101011111111001100011111011110 G
0*!
b11010111011100000101001011000111 G
b10101110 +!
0x
b10101110 y
#14770000
0$
0'
b10101110 (
0{
b10101110 a
0`
0]
0c
#14775000
1$
1]
b1001 d
b101 e
b10101110 k
b1001 ,
#14776000
b10101110 1
b101 =
b1001 ?
b1101001 (!
b10001011111011010110010001011100 G
0)!
b1111111100011100000100110101101 G
1*!
b1100100111010001000100010001010 G
b11001001 +!
0w
1x
b11001001 y
#14780000
0$
0&
1'
b11001001 (
0z
1{
b11001001 a
1`
0_
0]
0b
1c
#14785000
1$
1]
b1101 f
b1000 d
b11010 )
b1000 ,
#14786000
b1101 >
b1000 ?
b1101010 (!
b100101101011100101100010000011 G
1)!
b1011111100111101000011111101000 G
b100110110000011001110011001001 G
b1001101 +!
1w
b1001101 y
#14790000
0$
1&
b1001101 (
1z
b100010000 F
b1001101 a
1_
0]
1b
#14795000
1$
1]
b1110 f
b110 e
b1001101 l
b1001011 )
#14796000
b1001101 2
b110 =
b1001 ?
b1110 >
b1000 ?
b1101011 (!
b1111010110010011100000111110110 G
b1010100010111111100111111111111 G
b111110010010001000001000110100 G
b1111100 +!
b1111100 y
#14800000
0$
b1111100 (
b100010001 F
b1111100 a
0]
#14805000
1$
1]
b1111 f
b111 e
b1111100 m
b1000101 )
#14806000
b1111100 3
b111 =
b1001 ?
b1111 >
b1000 ?
b1101100 (!
b10000111000001110011110100101 G
b11010111100000011110000000100010 G
b1011100001000011010100111011 G
b10111 +!
b10111 y
#14810000
0$
b10111 (
b100010010 F
b10111 a
0]
#14815000
1$
1]
b0 f
b1000 e
b10111 n
b1010011 )
#14816000
b10111 4
b1000 =
b1001 ?
b0 >
b1000 ?
b1101101 (!
b100100110011011001111101000000 G
b10001000111111101100011001000001 G
b1101010010101110000111100001110 G
b11010100 +!
b11010100 y
#14820000
0$
b11010100 (
b100010011 F
b11010100 a
0]
#14825000
1$
1]
b1 f
b1001 e
b11010100 o
b1001 )
#14826000
b11010100 5
b1001 =
b1001 ?
b1 >
b1000 ?
b1101110 (!
b10100010100010001100010000110111 G
b11011101101100101110101100001100 G
b10001001010000011101010010011101 G
b10010 +!
b10010 y
#14830000
0$
b10010 (
b100010100 F
b10010 a
0]
#14835000
1$
1]
b10 f
b1010 e
b10010 p
b10011111 )
#14836000
b10010 6
b1010 =
b1001 ?
b10 >
b1000 ?
b1101111 (!
b10110001000000011101010111010 G
b10010101100001000111100011110011 G
b11101110001011000011000110011000 G
b11011100 +!
b11011100 y
#14840000
0$
b11011100 (
b100010101 F
b11011100 a
0]
#14845000
1$
1]
b11 f
b1011 e
b10010011 )
#14846000
b1011 =
b1001 ?
b11 >
b1000 ?
b1110000 (!
b101001100000000110111010111001 G
b110000001100010000111100100110 G
b100100001101000000111101101111 G
b1001000 +!
b1001000 y
#14850000
0$
b1001000 (
b100010110 F
b1001000 a
0]
#14855000
1$
1]
b100 f
b1100 e
b1001000 r
b10101110 )
#14856000
b1001000 8
b1100 =
b1001 ?
b100 >
b1000 ?
b1110001 (!
b10110001111001111111111011100100 G
b111101100111001011000010010101 G
b11111100000001011111100001010010 G
b11111000 +!
b11111000 y
#14860000
0$
b11111000 (
b100010111 F
b11111000 a
0]
#14865000
1$
1]
b101 f
b1101 e
b11111000 s
b1001101 )
#14866000
b11111000 9
b1101 =
b1001 ?
b101 >
b1000 ?
b1110010 (!
b10110101101100000001110101011 G
b1110001100110111001111011110000 G
b1111111101000000111011000110001 G
b11111111 +!
b11111111 y
#14870000
0$
b11111111 (
b100011000 F
b11111111 a
0]
#14875000
1$
1]
b110 f
b1110 e
b11111111 t
b1111100 )
#14876000
b11111111 :
b1110 =
b1001 ?
b110 >
b1000 ?
b1110011 (!
b11001111101100000010001000111110 G
b1100100000001101001000110100111 G
b10011110001110110111100 G
b0 +!
b0 y
#14880000
0$
b0 (
b100011001 F
b0 a
0]
#14885000
1$
1]
b111 f
b1111 e
b0 u
b10111 )
#14886000
b0 ;
b1111 =
b1001 ?
b111 >
b1000 ?
b1110100 (!
b1100001100110010101101110001101 G
b1001101000000010111100011101010 G
b110110001110111011010101100011 G
b1101100 +!
b1101100 y
#14890000
0$
b1101100 (
b100011010 F
b1101100 a
0]
#14895000
1$
1]
b1000 f
b0 e
b1101100 v
b11010100 )
#14896000
b1101100 <
b0 =
b1001 ?
b1000 >
b1000 ?
b1110101 (!
b101011011010010100011101001000 G
b1100011001101001011110010101001 G
b11011011011110001010100001010110 G
b10110110 +!
b10110110 y
#14900000
0$
b10110110 (
b100011011 F
b10110110 a
0]
#14905000
1$
1]
b1001 f
b1 e
b10110110 g
b10010 )
#14906000
b10110110 -
b1 =
b1001 ?
b1001 >
b1000 ?
b1110110 (!
b10001000100000010010101011011111 G
b1001011110111010011110010100 G
b10000111000110111011010110000101 G
b1110 +!
b1110 y
#14910000
0$
b1110 (
b100011100 F
b1110 a
0]
#14915000
1$
1]
b1010 f
b10 e
b1110 h
b11011100 )
#14916000
b1110 .
b10 =
b1001 ?
b1010 >
b1000 ?
b1110111 (!
b1001110111011010001110010000010 G
b1011010110101000110111000011011 G
b11110011110011101000101010100000 G
b11100111 +!
b11100111 y
#14920000
0$
b11100111 (
b100011101 F
b11100111 a
0]
#14925000
1$
1]
b1011 f
b11 e
b11100111 i
b1001000 )
#14926000
b11100111 /
b11 =
b1001 ?
b1011 >
b1000 ?
b1111000 (!
b1000100000011110010001000100001 G
b1100110111110110000000101101110 G
b110111100000001011101100010111 G
b1101111 +!
b1101111 y
#14930000
0$
b1101111 (
b100011110 F
b1101111 a
0]
#14935000
1$
1]
b1100 f
b100 e
b1101111 j
b11111000 )
#14936000
b1101111 0
b100 =
b1001 ?
b1100 >
b1000 ?
b1111001 (!
b10110110101011001111110001101100 G
b1101110000111001111001111101 G
b10010011001011110100001100011010 G
b100110 +!
b100110 y
#14940000
0$
b100110 (
b100011111 F
b100110 a
0]
#14945000
1$
1]
b1101 f
b101 e
b100110 k
b11111111 )
#14946000
b100110 1
b101 =
b1001 ?
b1101 >
b1000 ?
b1111010 (!
b10000110010110110000110111010011 G
b1000100011100001100100011111000 G
b1010001011111011000011010011001 G
b10100010 +!
b10100010 y
#14950000
0$
b10100010 (
b100100000 F
b10100010 a
0]
#14955000
1$
1]
b1110 f
b110 e
b10100010 l
b0 )
#14956000
b10100010 2
b110 =
b1001 ?
b1110 >
b1000 ?
b1111011 (!
b100111111100111000110110000110 G
b11101001101111100010001001001111 G
b11110111010011100111110001000100 G
b11101110 +!
b11101110 y
#14960000
0$
b11101110 (
b100100001 F
b11101110 a
0]
#14965000
1$
1]
b1111 f
b111 e
b11101110 m
b1101100 )
#14966000
b11101110 3
b111 =
b1001 ?
b1111 >
b1000 ?
b1111100 (!
b10000010011011001111011001110101 G
b11110000001110100100110010110010 G
b10100001010001100111010010001011 G
b1000010 +!
b1000010 y
#14970000
0$
b1000010 (
b100100010 F
b1000010 a
0]
#14975000
1$
1]
b0 f
b1000 e
b1000010 n
b10110110 )
#14976000
b1000010 4
b1000 =
b1001 ?
b0 >
b1000 ?
b1111101 (!
b101101111000010110001001010000 G
b10010001110010011100101000010001 G
b11000111111010101010110010011110 G
b10001111 +!
b10001111 y
#14980000
0$
b10001111 (
b100100011 F
b10001111 a
0]
#14985000
1$
1]
b1 f
b1001 e
b10001111 o
b1110 )
#14986000
b10001111 5
b1001 =
b1001 ?
b1 >
b1000 ?
b1111110 (!
b10101110010011100100000010000111 G
b11001110011101111000011100011100 G
b11101110101011111001110101101101 G
b11011101 +!
b11011101 y
#14990000
0$
b11011101 (
b100100100 F
b11011101 a
0]
#14995000
1$
1]
b10 f
b1010 e
b11011101 p
b11100111 )
#14996000
b11011101 6
b1010 =
b1001 ?
b10 >
b1000 ?
b1111111 (!
b10101011000011001001100101001010 G
b110110001010011000001001000011 G
b11111101000111011011011010101000 G
b11111010 +!
b11111010 y
#15000000
0$
b11111010 (
b100100101 F
b11111010 a
0]
#15005000
1$
1]
b11 f
b1011 e
b11111010 q
b1101111 )
#15006000
b11111010 7
b1011 =
b1001 ?
b11 >
b1000 ?
b10000000 (!
b11101001101110011100110010001001 G
b1100101101101001011111010110110 G
0*!
b1011110001000011111010110111111 G
b10111100 +!
0x
b10111100 y
#15010000
0$
0'
b10111100 (
0{
b10111100 a
0`
0]
0c
#15015000
1$
1]
b1001 d
b1100 e
b10111100 r
b1001 ,
#15016000
b10111100 8
b1100 =
b1001 ?
b10000001 (!
b10000011010110111110011110100 G
b11000010111110111001101100101 G
b11010000101100001000100011100010 G
b10100001 +!
b10100001 y
#15020000
0$
b10100001 (
b10100001 a
0]
#15025000
1$
1]
b1010 d
b1101 e
b10100001 s
b1010 ,
#15026000
b10100001 9
b1101 =
b1010 ?
b10000010 (!
b10011101001100110001011011111011 G
b10010001000011110010011000000000 G
1*!
b10100000011110110111000000001 G
b101000 +!
1x
b101000 y
#15030000
0$
1'
b101000 (
1{
b100100110 F
b101000 a
1`
0]
1c
#15035000
1$
1]
b100 f
b1110 e
b101000 t
b100110 )
#15036000
b101000 :
b1110 =
b1011 ?
b100 >
b1010 ?
b10000011 (!
b1000110111100100010001111001110 G
b111111100001100010000111110111 G
b11010000000110011011110111001100 G
b10100000 +!
b10100000 y
#15040000
0$
b10100000 (
b100100111 F
b10100000 a
0]
#15045000
1$
1]
b101 f
b1111 e
b10100000 u
b10100010 )
#15046000
b10100000 ;
b1111 =
b1011 ?
b101 >
b1010 ?
b10000100 (!
b10110001000011000101100001011101 G
b10111111101111000111101101111010 G
b10010111101011100001001010110011 G
b101111 +!
b101111 y
#15050000
0$
b101111 (
b100101000 F
b101111 a
0]
#15055000
1$
1]
b110 f
b0 e
b101111 v
b11101110 )
#15056000
b101111 <
b0 =
b1011 ?
b110 >
b1010 ?
b10000101 (!
b1100000000010110001000001011000 G
b10001001000010001000111001111001 G
b10111001100011110011101111100110 G
b1110011 +!
b1110011 y
#15060000
0$
b1110011 (
b100101001 F
b1110011 a
0]
#15065000
1$
1]
b111 f
b1 e
b1110011 g
b1000010 )
#15066000
b1110011 -
b1 =
b1011 ?
b111 >
b1010 ?
b10000110 (!
b11001101000111010010100101111 G
b1111100100111011010100110100100 G
b1110101100000100010110001010101 G
b11101011 +!
b11101011 y
#15070000
0$
b11101011 (
b100101010 F
b11101011 a
0]
#15075000
1$
1]
b1000 f
b10 e
b11101011 h
b10001111 )
#15076000
b11101011 .
b10 =
b1011 ?
b1000 >
b1010 ?
b10000111 (!
b11100001110100101101000100010010 G
b1011011100000010101010101101011 G
b101101010100101101010110110000 G
b1011010 +!
b1011010 y
#15080000
0$
b1011010 (
b100101011 F
b1011010 a
0]
#15085000
1$
1]
b1001 f
b11 e
b1011010 i
b11011101 )
#15086000
b1011010 /
b11 =
b1011 ?
b1001 >
b1010 ?
b10001000 (!
b1010101110111110000110111110001 G
b100101010001000110011011111110 G
b10110111111111110101111101100111 G
b1101111 +!
b1101111 y
#15090000
0$
b1101111 (
b100101100 F
b1101111 a
0]
#15095000
1$
1]
b1010 f
b100 e
b11111010 )
#15096000
b100 =
b1011 ?
b1010 >
b1010 ?
b10001001 (!
b10101110101111101010000001111100 G
0)!
b111101010010001100111101001101 G
b10010101001000011110100110101010 G
b101010 +!
0w
b101010 y
#15100000
0$
0&
b101010 (
0z
b101010 a
0_
0]
0b
#15105000
1$
1]
b1011 f
b1001 d
b10111100 )
b1001 ,
#15106000
b1011 >
b1001 ?
b10001010 (!
b1110101011111011111100100011 G
1)!
b1101110100100111101011000001000 G
b11100100010010001100110001101001 G
b11001000 +!
1w
b11001000 y
#15110000
0$
1&
b11001000 (
1z
b100101101 F
b11001000 a
1_
0]
1b
#15115000
1$
1]
b1100 f
b101 e
b11001000 k
b10100001 )
#15116000
b11001000 1
b101 =
b1010 ?
b1100 >
b1001 ?
b10001011 (!
b1001101000101100000010100010110 G
b11011101111110100011000010011111 G
b10100110011100000000001001010100 G
b1001100 +!
b1001100 y
#15120000
0$
b1001100 (
b100101110 F
b1001100 a
0]
#15125000
1$
1]
b1101 f
b110 e
b1001100 l
b101000 )
#15126000
b1001100 2
b110 =
b1010 ?
b1101 >
b1001 ?
b10001100 (!
b11111010001001000010000101000101 G
b1000101111001000010010101000010 G
b10110010110110000010111111011011 G
b1100101 +!
b1100101 y
#15130000
0$
b1100101 (
b100101111 F
b1100101 a
0]
#15135000
1$
1]
b1110 f
b111 e
b1100101 m
b10100000 )
#15136000
b1100101 3
b111 =
b1010 ?
b1110 >
b1001 ?
b10001101 (!
b1100001011001110111000101100000 G
b10110001111101111010100111100001 G
b11000000110101000111011000101110 G
b10000001 +!
b10000001 y
#15140000
0$
b10000001 (
b100110000 F
b10000001 a
0]
#15145000
1$
1]
b1111 f
b1000 e
b10000001 n
b101111 )
#15146000
b10000001 4
b1000 =
b1010 ?
b1111 >
b1001 ?
b10001110 (!
b10101010010100001111100011010111 G
b1111000010100010010111100101100 G
b10100111100101000000001000111101 G
b1001111 +!
b1001111 y
#15150000
0$
b1001111 (
b100110001 F
b1001111 a
0]
#15155000
1$
1]
b0 f
b1001 e
b1001111 o
b1110011 )
#15156000
b1001111 5
b1001 =
b1010 ?
b0 >
b1001 ?
b10001111 (!
b10110111110111111110001111011010 G
b10000000101101011000011110010011 G
b11010000110100110000011110111000 G
b10100001 +!
b10100001 y
#15160000
0$
b10100001 (
b100110010 F
b10100001 a
0]
#15165000
1$
1]
b1 f
b1010 e
b10100001 p
b11101011 )
#15166000
b10100001 6
b1010 =
b1010 ?
b1 >
b1001 ?
b10010000 (!
b11111000000110011000011001011001 G
b1111110100111000001101001000110 G
b1101010100111001001100000001111 G
b11010101 +!
b11010101 y
#15170000
0$
b11010101 (
b100110011 F
b11010101 a
0]
#15175000
1$
1]
b10 f
b1011 e
b11010101 q
b1011010 )
#15176000
b11010101 7
b1011 =
b1010 ?
b10 >
b1001 ?
b10010001 (!
b11101011001011011000011100000100 G
b101010010101000101001000110101 G
b1111111111001111000010101110010 G
b11111111 +!
b11111111 y
#15180000
0$
b11111111 (
b100110100 F
b11111111 a
0]
#15185000
1$
1]
b11 f
b1100 e
b11111111 r
b1101111 )
#15186000
b11111111 8
b1100 =
b1010 ?
b11 >
b1001 ?
b10010010 (!
b10110011100111101010011001001011 G
b10001010110001111111100100010000 G
b1000010110110000100000111010001 G
b10000101 +!
b10000101 y
#15190000
0$
b10000101 (
b100110101 F
b10000101 a
0]
#15195000
1$
1]
b100 f
b1101 e
b10000101 s
b11001000 )
#15196000
b10000101 9
b1101 =
b1010 ?
b100 >
b1001 ?
b10010011 (!
b11000100010101010101000101011110 G
b11011110110100011110111001000111 G
b101011111000110100111011100 G
b1010 +!
b1010 y
#15200000
0$
b1010 (
b100110110 F
b1010 a
0]
#15205000
1$
1]
b101 f
b1110 e
b1010 t
b1001100 )
#15206000
b1010 :
b1110 =
b1010 ?
b101 >
b1001 ?
b10010100 (!
b11111110111001111000100101101 G
b10101101010110010110101000001010 G
b11000101000001100110110000000011 G
b10001010 +!
b10001010 y
#15210000
0$
b10001010 (
b100110111 F
b10001010 a
0]
#15215000
1$
1]
b110 f
b1111 e
b10001010 u
b1100101 )
#15216000
b10001010 ;
b1111 =
b1010 ?
b110 >
b1001 ?
b10010101 (!
b10000101101000111010010101101000 G
b11111000110110011011110001001001 G
b10001001101000111101101110110 G
b100010 +!
b100010 y
#15220000
0$
b100010 (
b100111000 F
b100010 a
0]
#15225000
1$
1]
b111 f
b0 e
b100010 v
b10000001 )
#15226000
b100010 <
b0 =
b1010 ?
b111 >
b1001 ?
b10010110 (!
b11101100110000011101101101111111 G
b1001010111000010011011110110100 G
b10011101111000011011111100100101 G
b111011 +!
b111011 y
#15230000
0$
b111011 (
b100111001 F
b111011 a
0]
#15235000
1$
1]
b1000 f
b1 e
b111011 g
b1001111 )
#15236000
b111011 -
b1 =
b1010 ?
b1000 >
b1001 ?
b10010111 (!
b10100011100111111111000110100010 G
b10111111110111011100010111011 G
b10110101101011110110110011000000 G
b1101011 +!
b1101011 y
#15240000
0$
b1101011 (
b100111010 F
b1101011 a
0]
#15245000
1$
1]
b1001 f
b10 e
b1101011 h
b10100001 )
#15246000
b1101011 .
b10 =
b1010 ?
b1001 >
b1001 ?
b10011000 (!
b11010010101111111101010111000001 G
b1010111001110011111100010001110 G
b11000011100110010011111110110111 G
b10000111 +!
b10000111 y
#15250000
0$
b10000111 (
b100111011 F
b10000111 a
0]
#15255000
1$
1]
b1010 f
b11 e
b10000111 i
b11010101 )
#15256000
b10000111 /
b11 =
b1010 ?
b1010 >
b1001 ?
b10011001 (!
b10101001101010110101000010001100 G
b11100001110100101001110000011101 G
b100011101100010111110000111010 G
b1000111 +!
b1000111 y
#15260000
0$
b1000111 (
b100111100 F
b1000111 a
0]
#15265000
1$
1]
b1011 f
b100 e
b1000111 j
b11111111 )
#15266000
b1000111 0
b100 =
b1010 ?
b1011 >
b1001 ?
b10011010 (!
b10100101010010110110001110011 G
b10010010101000001010111100011000 G
0*!
b1000010101010000110111000111001 G
b10000101 +!
0x
b10000101 y
#15270000
0$
0'
b10000101 (
0{
b10000101 a
0`
0]
0c
#15275000
1$
1]
b1010 d
b101 e
b10000101 k
b1010 ,
#15276000
b10000101 1
b101 =
b1010 ?
b10011011 (!
b1011100101100100010100010100110 G
b1101111011000001111101011101111 G
1*!
b11000010101100001010001100100 G
b110000 +!
1x
b110000 y
#15280000
0$
1'
b110000 (
1{
b100111101 F
b110000 a
1`
0]
1c
#15285000
1$
1]
b1100 f
b110 e
b110000 l
b10000101 )
#15286000
b110000 2
b110 =
b1011 ?
b1100 >
b1010 ?
b10011100 (!
b11110000010110110110100000010101 G
b10000101100100000110100111010010 G
b10110011110101100110011100101011 G
b1100111 +!
b1100111 y
#15290000
0$
b1100111 (
b100111110 F
b1100111 a
0]
#15295000
1$
1]
b1101 f
b111 e
b1100111 m
b1010 )
#15296000
b1100111 3
b111 =
b1011 ?
b1101 >
b1010 ?
b10011101 (!
b1001101000110001100110001110000 G
b11001011101011010110010110110001 G
b1001101101101010110101110111110 G
b10011011 +!
b10011011 y
#15300000
0$
b10011011 (
b100111111 F
b10011011 a
0]
#15305000
1$
1]
b1110 f
b1000 e
b10011011 n
b10001010 )
#15306000
b10011011 4
b1000 =
b1011 ?
b1110 >
b1010 ?
b10011110 (!
b11011100011111011110110100100111 G
b11100011000010001110001100111100 G
b100100111001000000001100001101 G
b1001001 +!
b1001001 y
#15310000
0$
b1001001 (
b101000000 F
b1001001 a
0]
#15315000
1$
1]
b1111 f
b1001 e
b1001001 o
b100010 )
#15316000
b1001001 5
b1001 =
b1011 ?
b1111 >
b1010 ?
b10011111 (!
b100001110010110001101001101010 G
b1111010011001011000100011100011 G
b10110100001001010010010011001000 G
b1101000 +!
b1101000 y
#15320000
0$
b1101000 (
b101000001 F
b1101000 a
0]
#15325000
1$
1]
b0 f
b1010 e
b1101000 p
b111011 )
#15326000
b1101000 6
b1010 =
b1011 ?
b0 >
b1010 ?
b10100000 (!
b1001001011001001001110000101001 G
b1111101101010000010000111010110 G
b1001011001100001111011001011111 G
b10010110 +!
b10010110 y
#15330000
0$
b10010110 (
b101000010 F
b10010110 a
0]
#15335000
1$
1]
b1 f
b1011 e
b10010110 q
b1101011 )
#15336000
b10010110 7
b1011 =
b1011 ?
b1 >
b1010 ?
b10100001 (!
b10101001000101110001110100010100 G
b10110001000100000100110100000101 G
b11101010111110111110111000000010 G
b11010101 +!
b11010101 y
#15340000
0$
b11010101 (
b101000011 F
b11010101 a
0]
#15345000
1$
1]
b10 f
b1100 e
b11010101 r
b10000111 )
#15346000
b11010101 8
b1100 =
b1011 ?
b10 >
b1010 ?
b10100010 (!
b11100100110101011011000110011011 G
b11001010101111110001100000100000 G
b100111010111111111000110100001 G
b1001110 +!
b1001110 y
#15350000
0$
b1001110 (
b101000100 F
b1001110 a
0]
#15355000
1$
1]
b11 f
b1101 e
b1001110 s
b1000111 )
#15356000
b1001110 9
b1101 =
b1011 ?
b11 >
b1010 ?
b10100011 (!
b1011000101110101010101011101110 G
b110011000101101111011010010111 G
b1010100000000010000111101100 G
b10101 +!
b10101 y
#15360000
0$
b10101 (
b101000101 F
b10101 a
0]
#15365000
1$
1]
b100 f
b1110 e
b10101 t
b10000101 )
#15366000
b10101 :
b1110 =
b1011 ?
b100 >
b1010 ?
b10100100 (!
b1100010000000010010111111101 G
0)!
b110111010010010100010010011010 G
b1000010110000011100000101010011 G
b10000101 +!
0w
b10000101 y
#15370000
0$
0&
b10000101 (
0z
b10000101 a
0_
0]
0b
#15375000
1$
1]
b101 f
b1001 d
b110000 )
b1001 ,
#15376000
b101 >
b1001 ?
b10100101 (!
b1101010011000000011001111000 G
1)!
b10001000101011010100011000011001 G
b10000101011010010110011100000110 G
b1010 +!
1w
b1010 y
#15380000
0$
1&
b1010 (
1z
b101000110 F
b1010 a
1_
0]
1b
#15385000
1$
1]
b110 f
b1111 e
b1010 u
b1100111 )
#15386000
b1010 ;
b1111 =
b1010 ?
b110 >
b1001 ?
b10100110 (!
b10010110101010001100110111001111 G
b101011011110101000111000100 G
b1010011000011110110110111110101 G
b10100110 +!
b10100110 y
#15390000
0$
b10100110 (
b101000111 F
b10100110 a
0]
#15395000
1$
1]
b111 f
b0 e
b10100110 v
b10011011 )
#15396000
b10100110 <
b0 =
b1010 ?
b111 >
b1001 ?
b10100111 (!
b10111001111001010111111000110010 G
0)!
b10011000001001100000001011 G
b1100111000111010100111111010000 G
b11001110 +!
0w
b11001110 y
#15400000
0$
0&
b11001110 (
0z
b11001110 a
0_
0]
0b
#15405000
1$
1]
b1000 f
b1000 d
b1001001 )
b1000 ,
#15406000
b1000 >
b1000 ?
b10101000 (!
b1011111010101100111100110010001 G
1)!
b110101111111001011011000011110 G
b11000110101110110101110000000111 G
b10001101 +!
1w
b10001101 y
#15410000
0$
1&
b10001101 (
1z
b101001000 F
b10001101 a
1_
0]
1b
#15415000
1$
1]
b1001 f
b1 e
b10001101 g
b1101000 )
#15416000
b10001101 -
b1 =
b1001 ?
b1001 >
b1000 ?
b10101001 (!
b11101111000000110010011100 G
b10010110110101100000010011101101 G
b10101100100011101111101011001010 G
b1011001 +!
b1011001 y
#15420000
0$
b1011001 (
b101001001 F
b1011001 a
0]
#15425000
1$
1]
b1010 f
b10 e
b1011001 h
b10010110 )
#15426000
b1011001 .
b10 =
b1001 ?
b1010 >
b1000 ?
b10101010 (!
b1101100000001010001010111000011 G
b11010111111100000101010000101000 G
b1110011111000010110110000001001 G
b11100111 +!
b11100111 y
#15430000
0$
b11100111 (
b101001010 F
b11100111 a
0]
#15435000
1$
1]
b1011 f
b11 e
b11100111 i
b11010101 )
#15436000
b11100111 /
b11 =
b1001 ?
b1011 >
b1000 ?
b10101011 (!
b10101010000010001111100000110110 G
b10010101111111111000000100111111 G
0*!
b10011000011010011011001001110100 G
b110000 +!
0x
b110000 y
#15440000
0$
0'
b110000 (
0{
b110000 a
0`
0]
0c
#15445000
1$
1]
b1001 d
b100 e
b110000 j
b1001 ,
#15446000
b110000 0
b100 =
b1001 ?
b10101100 (!
b11101001001111100101011100101 G
0)!
b101001000100000001101001100010 G
1*!
b11001101100111100001101001111011 G
b10011011 +!
0w
1x
b10011011 y
#15450000
0$
0&
1'
b10011011 (
0z
1{
b10011011 a
1`
0_
0]
0b
1c
#15455000
1$
1]
b1100 f
b1000 d
b1001110 )
b1000 ,
#15456000
b1100 >
b1000 ?
b10101101 (!
b11001001011011100111001110000000 G
1)!
b1011100110011111111110110000001 G
b11011111111011101000110101001110 G
b10111111 +!
1w
b10111111 y
#15460000
0$
1&
b10111111 (
1z
b101001011 F
b10111111 a
1_
0]
1b
#15465000
1$
1]
b1101 f
b101 e
b10111111 k
b10101 )
#15466000
b10111111 1
b101 =
b1001 ?
b1101 >
b1000 ?
b10101110 (!
b11111100100000100001110101110111 G
b11101101001001111010001101001100 G
b10001111010101001001111111011101 G
b11110 +!
b11110 y
#15470000
0$
b11110 (
b101001100 F
b11110 a
0]
#15475000
1$
1]
b1110 f
b110 e
b11110 l
b1010 )
#15476000
b11110 2
b110 =
b1001 ?
b1110 >
b1000 ?
b10101111 (!
b10110010101111110011110011111010 G
b10110001101101000011000110011 G
b10100101011010000110111011000 G
b101001 +!
b101001 y
#15480000
0$
b101001 (
b101001101 F
b101001 a
0]
#15485000
1$
1]
b1111 f
b111 e
b101001 m
b10100110 )
#15486000
b101001 3
b111 =
b1001 ?
b1111 >
b1000 ?
b10110000 (!
b1100110001000000000110111111001 G
b1110110010110011101010101100110 G
b101011001011000001000010101111 G
b1010110 +!
b1010110 y
#15490000
0$
b1010110 (
b101001110 F
b1010110 a
0]
#15495000
1$
1]
b0 f
b1000 e
b1010110 n
b10001101 )
#15496000
b1010110 4
b1000 =
b1001 ?
b0 >
b1000 ?
b10110001 (!
b11011111110100010011111100100100 G
b11001111010000110001111010101 G
b11101111111111101100001010010010 G
b11011111 +!
b11011111 y
#15500000
0$
b11011111 (
b101001111 F
b11011111 a
0]
#15505000
1$
1]
b1 f
b1001 e
b11011111 o
b1011001 )
#15506000
b11011111 5
b1001 =
b1001 ?
b1 >
b1000 ?
b10110010 (!
b11100001011101010011100011101011 G
b10110111101011011000001100110000 G
b1101000110010110111110101110001 G
b11010001 +!
b11010001 y
#15510000
0$
b11010001 (
b101010000 F
b11010001 a
0]
#15515000
1$
1]
b10 f
b1010 e
b11010001 p
b11100111 )
#15516000
b11010001 6
b1010 =
b1001 ?
b10 >
b1000 ?
b10110011 (!
b10111101110000110011000001111110 G
b1111010000100011101011100111 G
b11001111111011011110010111111100 G
b10011111 +!
b10011111 y
#15520000
0$
b10011111 (
b101010001 F
b10011111 a
0]
#15525000
1$
1]
b11 f
b1011 e
b10011111 q
b110000 )
#15526000
b10011111 7
b1011 =
b1001 ?
b11 >
b1000 ?
b10110100 (!
b1111100001010101111011011001101 G
b10010011101111010000101100101010 G
b11110011000111010001001010100011 G
b11100110 +!
b11100110 y
#15530000
0$
b11100110 (
b101010010 F
b11100110 a
0]
#15535000
1$
1]
b100 f
b1100 e
b11100110 r
b10111111 )
#15536000
b11100110 8
b1100 =
b1001 ?
b100 >
b1000 ?
b10110101 (!
b111010110111010011001110001000 G
b10010010010010000010101111101001 G
b11111001111011101111111010010110 G
b11110011 +!
b11110011 y
#15540000
0$
b11110011 (
b101010011 F
b11110011 a
0]
#15545000
1$
1]
b101 f
b1101 e
b11110011 s
b11110 )
#15546000
b11110011 9
b1101 =
b1001 ?
b101 >
b1000 ?
b10110110 (!
b1000101111001010111110000011111 G
b11100001100001111011111010100 G
b111101000000011100011000101 G
b1111 +!
b1111 y
#15550000
0$
b1111 (
b101010100 F
b1111 a
0]
#15555000
1$
1]
b110 f
b1110 e
b1111 t
b101001 )
#15556000
b1111 :
b1110 =
b1001 ?
b110 >
b1000 ?
b10110111 (!
b1110110111101000111011011000010 G
b100010100011001111001101011011 G
b11000110100101010111111011100000 G
b10001101 +!
b10001101 y
#15560000
0$
b10001101 (
b101010101 F
b10001101 a
0]
#15565000
1$
1]
b111 f
b1111 e
b10001101 u
b1010110 )
#15566000
b10001101 ;
b1111 =
b1001 ?
b111 >
b1000 ?
b10111000 (!
b11100000001111111100101100001 G
b11010011011011011001111110101110 G
b1111111100100101011010001010111 G
b11111111 +!
b11111111 y
#15570000
0$
b11111111 (
b101010110 F
b11111111 a
0]
#15575000
1$
1]
b1000 f
b0 e
b11111111 v
b11011111 )
#15576000
b11111111 <
b0 =
b1001 ?
b1000 >
b1000 ?
b10111001 (!
b1001111111110011101010010101100 G
b10001111100010000000100110111101 G
b11100010001010110110010101011010 G
b11000100 +!
b11000100 y
#15580000
0$
b11000100 (
b101010111 F
b11000100 a
0]
#15585000
1$
1]
b1001 f
b1 e
b11000100 g
b11010001 )
#15586000
b11000100 -
b1 =
b1001 ?
b1001 >
b1000 ?
b10111010 (!
b10110110001111111011101100010011 G
b11101000100110111100010100111000 G
0*!
b11110010111110001100010111011001 G
b11100101 +!
0x
b11100101 y
#15590000
0$
0'
b11100101 (
0{
b11100101 a
0`
0]
0c
#15595000
1$
1]
b1001 d
b10 e
b11100101 h
b1001 ,
#15596000
b11100101 .
b10 =
b1001 ?
b10111011 (!
b11111001000110110111001111000110 G
b1010011101000101100001110001111 G
1*!
b110100111101110010000100 G
b1 +!
1x
b1 y
#15600000
0$
1'
b1 (
1{
b101011000 F
b1 a
1`
0]
1c
#15605000
1$
1]
b1010 f
b11 e
b1 i
b10011111 )
#15606000
b1 /
b11 =
b1010 ?
b1010 >
b1001 ?
b10111100 (!
b1001000010111100100100110110101 G
b110111101000011011011110010 G
b101111010011000100100111001011 G
b1011110 +!
b1011110 y
#15610000
0$
b1011110 (
b101011001 F
b1011110 a
0]
#15615000
1$
1]
b1011 f
b100 e
b1011110 j
b11100110 )
#15616000
b1011110 0
b100 =
b1010 ?
b1011 >
b1001 ?
b10111101 (!
b1001101000010110011010010000 G
b1001111000001000111000101010001 G
0*!
b11110001101000001101101011011110 G
b11100011 +!
0x
b11100011 y
#15620000
0$
0'
b11100011 (
0{
b11100011 a
0`
0]
0c
#15625000
1$
1]
b1010 d
b101 e
b11100011 k
b1010 ,
#15626000
b11100011 1
b101 =
b1010 ?
b10111110 (!
b10000011110010101000100111000111 G
b1011011111101100110111101011100 G
1*!
b10010111010110101101100010101101 G
b101110 +!
1x
b101110 y
#15630000
0$
1'
b101110 (
1{
b101011010 F
b101110 a
1`
0]
1c
#15635000
1$
1]
b1100 f
b110 e
b101110 l
b11110011 )
#15636000
b101110 2
b110 =
b1011 ?
b1100 >
b1010 ?
b10111111 (!
b10101001011011010100101110001010 G
b10000100111001010111111110000011 G
b10010010110000111100001011101000 G
b100101 +!
b100101 y
#15640000
0$
b100101 (
b101011011 F
b100101 a
0]
#15645000
1$
1]
b1101 f
b111 e
b100101 m
b1111 )
#15646000
b100101 3
b111 =
b1011 ?
b1101 >
b1010 ?
b11000000 (!
b111010100100001101101111001001 G
0)!
b11100111100100011010011110110 G
b10101111100110101110011011111111 G
b1011111 +!
0w
b1011111 y
#15650000
0$
0&
b1011111 (
0z
b1011111 a
0_
0]
0b
#15655000
1$
1]
b1110 f
b1001 d
b10001101 )
b1001 ,
#15656000
b1110 >
b1001 ?
b11000001 (!
b1100011110001001110110100110100 G
1)!
b11010001111100011001011010100101 G
b11111001110000010000001100100010 G
b11110011 +!
1w
b11110011 y
#15660000
0$
1&
b11110011 (
1z
b101011100 F
b11110011 a
1_
0]
1b
#15665000
1$
1]
b1111 f
b1000 e
b11110011 n
b11111111 )
#15666000
b11110011 4
b1000 =
b1010 ?
b1111 >
b1001 ?
b11000010 (!
b11001111110110100011110000111011 G
0)!
b11000011000011000011101001000000 G
b1001111111111110010101000001 G
b10011 +!
0w
b10011 y
#15670000
0$
0&
b10011 (
0z
b10011 a
0_
0]
0b
#15675000
1$
1]
b0 f
b1000 d
b11000100 )
b1000 ,
#15676000
b0 >
b1000 ?
b11000011 (!
b11100101110011111110001000001110 G
b1111000000000001011101100110111 G
b11011101010011101011011000001100 G
b10111010 +!
b10111010 y
#15680000
0$
b10111010 (
b10111010 a
0]
#15685000
1$
1]
b1 f
b111 d
b11100101 )
b111 ,
#15686000
b1 >
b111 ?
b11000100 (!
b11101101010100100110001110011101 G
1)!
b10011101101001011011110110111010 G
b1100110000101010101111111110011 G
b11001100 +!
1w
b11001100 y
#15690000
0$
1&
b11001100 (
1z
b101011101 F
b11001100 a
1_
0]
1b
#15695000
1$
1]
b10 f
b1001 e
b11001100 o
b1 )
#15696000
b11001100 5
b1001 =
b1000 ?
b10 >
b111 ?
b11000101 (!
b110100111100000010110010011000 G
b11000011001011110110110110111001 G
b100011010001100100001000100110 G
b1000110 +!
b1000110 y
#15700000
0$
b1000110 (
b101011110 F
b1000110 a
0]
#15705000
1$
1]
b11 f
b1010 e
b1000110 p
b1011110 )
#15706000
b1000110 6
b1010 =
b1000 ?
b11 >
b111 ?
b11000110 (!
b10010110001001110011001101111 G
b11101101110011110010100111100100 G
b11101111010010001111110010101 G
b111011 +!
b111011 y
#15710000
0$
b111011 (
b101011111 F
b111011 a
0]
#15715000
1$
1]
b100 f
b1011 e
b111011 q
b11100011 )
#15716000
b111011 7
b1011 =
b1000 ?
b100 >
b111 ?
b11000111 (!
b11101001110111011101101101010010 G
b1100110000111011100101010101011 G
b10011110100001111100111110000 G
b100111 +!
b100111 y
#15720000
0$
b100111 (
b101100000 F
b100111 a
0]
#15725000
1$
1]
b101 f
b1100 e
b100111 r
b101110 )
#15726000
b100111 8
b1100 =
b1000 ?
b101 >
b111 ?
b11001000 (!
b1110100111110010101010100110001 G
b10101010001011011011010100111110 G
b1001110000011000100100010100111 G
b10011100 +!
b10011100 y
#15730000
0$
b10011100 (
b101100001 F
b10011100 a
0]
#15735000
1$
1]
b110 f
b1101 e
b10011100 s
b100101 )
#15736000
b10011100 9
b1101 =
b1000 ?
b110 >
b111 ?
b11001001 (!
b1101000001011011010100010111100 G
b1100110110111011010101010001101 G
b1001011101101111011101111101010 G
b10010111 +!
b10010111 y
#15740000
0$
b10010111 (
b101100010 F
b10010111 a
0]
#15745000
1$
1]
b111 f
b1110 e
b10010111 t
b11110011 )
#15746000
b10010111 :
b1110 =
b1000 ?
b111 >
b111 ?
b11001010 (!
b10110010100101100101110001100011 G
b1011111000000001001001000 G
b1111110101100110111101110101001 G
b11111101 +!
b11111101 y
#15750000
0$
b11111101 (
b101100011 F
b11111101 a
0]
#15755000
1$
1]
b1000 f
b1111 e
b11111101 u
b11001100 )
#15756000
b11111101 ;
b1111 =
b1000 ?
b1000 >
b111 ?
b11001011 (!
b1110101010101001101101010110 G
b11110101111100000111011111 G
b11001010011111011001001010010100 G
b10010100 +!
b10010100 y
#15760000
0$
b10010100 (
b101100100 F
b10010100 a
0]
#15765000
1$
1]
b1001 f
b0 e
b10010100 v
b1000110 )
#15766000
b10010100 <
b0 =
b1000 ?
b1001 >
b111 ?
b11001100 (!
b11001100100111110010010000101 G
b11100010100011011011111110000010 G
b1011101101111011111010100011011 G
b10111011 +!
b10111011 y
#15770000
0$
b10111011 (
b101100101 F
b10111011 a
0]
#15775000
1$
1]
b1010 f
b1 e
b10111011 g
b111011 )
#15776000
b10111011 -
b1 =
b1000 ?
b1010 >
b111 ?
b11001101 (!
b10101011101010101010010110100000 G
b11000111101011111100000100100001 G
0*!
b10010101101011010101010001101110 G
b101011 +!
0x
b101011 y
#15780000
0$
0'
b101011 (
0{
b101011 a
0`
0]
0c
#15785000
1$
1]
b1000 d
b10 e
b101011 h
b1000 ,
#15786000
b101011 .
b10 =
b1000 ?
b11001110 (!
b11111101100001000011001000010111 G
b11101011011111100100011101101100 G
1*!
b1000101001010111010110101111101 G
b10001010 +!
1x
b10001010 y
#15790000
0$
1'
b10001010 (
1{
b101100110 F
b10001010 a
1`
0]
1c
#15795000
1$
1]
b1011 f
b11 e
b10001010 i
b100111 )
#15796000
b10001010 /
b11 =
b1001 ?
b1011 >
b1000 ?
b11001111 (!
b1001001010001100100011000011010 G
b10000100111011110111010011010011 G
b10001100000100100001111111000 G
b100011 +!
b100011 y
#15800000
0$
b100011 (
b101100111 F
b100011 a
0]
#15805000
1$
1]
b1100 f
b100 e
b100011 j
b10011100 )
#15806000
b100011 0
b100 =
b1001 ?
b1100 >
b1000 ?
b11010000 (!
b11100110101111000000010110011001 G
0)!
b1010110011100100100000010000110 G
0*!
b1000111010010100111100101001111 G
b10001110 +!
0w
0x
b10001110 y
#15810000
0$
0&
0'
b10001110 (
0z
0{
b10001110 a
0`
0_
0]
0b
0c
#15815000
1$
1]
#15816000
b11010001 (!
b1011000000110110010011101000100 G
1)!
b10110000000001110010101110101 G
1*!
b10001111110100111010111110110010 G
b11111 +!
1w
1x
b11111 y
#15820000
0$
1&
1'
b11111 (
1z
1{
b101101000 F
b11111 a
1`
1_
0]
1b
1c
#15825000
1$
1]
b1101 f
b101 e
b11111 k
b10010111 )
#15826000
b11111 1
b101 =
b1001 ?
b1101 >
b1000 ?
b11010010 (!
b10011100001000011011101110001011 G
b1111001000101000011110101010000 G
b111001101000100010100100010001 G
b1110011 +!
b1110011 y
#15830000
0$
b1110011 (
b101101001 F
b1110011 a
0]
#15835000
1$
1]
b1110 f
b110 e
b1110011 l
b11111101 )
#15836000
b1110011 2
b110 =
b1001 ?
b1110 >
b1000 ?
b11010011 (!
b10001100000000011011111110011110 G
b11110011101111110111011110000111 G
b1100000111010111001001000011100 G
b11000001 +!
b11000001 y
#15840000
0$
b11000001 (
b101101010 F
b11000001 a
0]
#15845000
1$
1]
b1111 f
b111 e
b11000001 m
b10010100 )
#15846000
b11000001 3
b111 =
b1001 ?
b1111 >
b1000 ?
b11010100 (!
b100101001010110110110001101101 G
b1100100101101000101110001001010 G
b101001011001111010100101000011 G
b1010010 +!
b1010010 y
#15850000
0$
b1010010 (
b101101011 F
b1010010 a
0]
#15855000
1$
1]
b0 f
b1000 e
b1010010 n
b10111011 )
#15856000
b1010010 4
b1000 =
b1001 ?
b0 >
b1000 ?
b11010101 (!
b10100110111011111000110101000 G
b11101100101010000000101110001001 G
b10110101100000011000110110110 G
b101101 +!
b101101 y
#15860000
0$
b101101 (
b101101100 F
b101101 a
0]
#15865000
1$
1]
b1 f
b1001 e
b101101 o
b101011 )
#15866000
b101101 5
b1001 =
b1001 ?
b1 >
b1000 ?
b11010110 (!
b1001111010101000000110010111111 G
b11010111101100101110011111110100 G
b10110111111111110010001001100101 G
b1101111 +!
b1101111 y
#15870000
0$
b1101111 (
b101101101 F
b1101111 a
0]
#15875000
1$
1]
b10 f
b1010 e
b1101111 p
b10001010 )
#15876000
b1101111 6
b1010 =
b1001 ?
b10 >
b1000 ?
b11010111 (!
b1101110011100101010101111100010 G
b11110000011100000001110111111011 G
b1011001010010001100000100000000 G
b10110010 +!
b10110010 y
#15880000
0$
b10110010 (
b101101110 F
b10110010 a
0]
#15885000
1$
1]
b11 f
b1011 e
b10110010 q
b100011 )
#15886000
b10110010 7
b1011 =
b1001 ?
b11 >
b1000 ?
b11011000 (!
b11110010000011111000110100000001 G
b101101100111011111011011001110 G
0*!
b10000011110101010001100011110111 G
b111 +!
0x
b111 y
#15890000
0$
0'
b111 (
0{
b111 a
0`
0]
0c
#15895000
1$
1]
b1001 d
b1100 e
b111 r
b1001 ,
#15896000
b111 8
b1100 =
b1001 ?
b11011001 (!
b1111100111000001000100011001100 G
b11101111100010111110011101011101 G
1*!
b11010101001001001111111001111010 G
b10101010 +!
1x
b10101010 y
#15900000
0$
1'
b10101010 (
1{
b101101111 F
b10101010 a
1`
0]
1c
#15905000
1$
1]
b100 f
b1101 e
b10101010 s
b11111 )
#15906000
b10101010 9
b1101 =
b1010 ?
b100 >
b1001 ?
b11011010 (!
b10001110000001011111100110110011 G
b10001010100000101101011000 G
b11101001100101101000110101111001 G
b11010011 +!
b11010011 y
#15910000
0$
b11010011 (
b101110000 F
b11010011 a
0]
#15915000
1$
1]
b101 f
b1110 e
b11010011 t
b1110011 )
#15916000
b11010011 :
b1110 =
b1010 ?
b101 >
b1001 ?
b11011011 (!
b1000000001101110110111011100110 G
b10101011111010110111110000101111 G
b11101000011111101010010100100 G
b111010 +!
b111010 y
#15920000
0$
b111010 (
b101110001 F
b111010 a
0]
#15925000
1$
1]
b110 f
b1111 e
b111010 u
b11000001 )
#15926000
b111010 ;
b1111 =
b1010 ?
b110 >
b1001 ?
b11011100 (!
b11101000000111011001101101010101 G
b11111011111011011011010000010010 G
0*!
b10000011100100000001110001101011 G
b111 +!
0x
b111 y
#15930000
0$
0'
b111 (
0{
b111 a
0`
0]
0c
#15935000
1$
1]
b1010 d
b0 e
b111 v
b1010 ,
#15936000
b111 <
b0 =
b1010 ?
b11011101 (!
b11001000010000110011000010110000 G
b11110111111101101110110011110001 G
1*!
b111101101001111100111111110 G
b1111 +!
1x
b1111 y
#15940000
0$
1'
b1111 (
1{
b101110010 F
b1111 a
1`
0]
1c
#15945000
1$
1]
b111 f
b1 e
b1111 g
b1010010 )
#15946000
b1111 -
b1 =
b1011 ?
b111 >
b1010 ?
b11011110 (!
b1010110100111000001011001100111 G
b1011110100010000010101101111100 G
b11001000101111000001111001001101 G
b10010001 +!
b10010001 y
#15950000
0$
b10010001 (
b101110011 F
b10010001 a
0]
#15955000
1$
1]
b1000 f
b10 e
b10010001 h
b101101 )
#15956000
b10010001 .
b10 =
b1011 ?
b1000 >
b1010 ?
b11011111 (!
b1101010011110110010110010101010 G
b10110010100100010110011000100011 G
b11000110110000011001000100001000 G
b10001101 +!
b10001101 y
#15960000
0$
b10001101 (
b101110100 F
b10001101 a
0]
#15965000
1$
1]
b1001 f
b11 e
b10001101 i
b1101111 )
#15966000
b10001101 /
b11 =
b1011 ?
b1001 >
b1010 ?
b11100000 (!
b10001110011001101000101101101001 G
b11001000100110101111100000010110 G
0*!
b1111010110001111100011110011111 G
b11110101 +!
0x
b11110101 y
#15970000
0$
0'
b11110101 (
0{
b11110101 a
0`
0]
0c
#15975000
1$
1]
b1011 d
b100 e
b11110101 j
b1011 ,
#15976000
b11110101 0
b100 =
b1011 ?
b11100001 (!
b111110101111001110110101010100 G
b11000010101010110101000001000101 G
1*!
b11100110100001111100100001000010 G
b11001101 +!
1x
b11001101 y
#15980000
0$
1'
b11001101 (
1{
b101110101 F
b11001101 a
1`
0]
1c
#15985000
1$
1]
b1010 f
b101 e
b11001101 k
b10110010 )
#15986000
b11001101 1
b101 =
b1100 ?
b1010 >
b1011 ?
b11100010 (!
b1001000001010001011011011011011 G
b10010000101111101000110001100000 G
b100010000101110100100011100001 G
b1000100 +!
b1000100 y
#15990000
0$
b1000100 (
b101110110 F
b1000100 a
0]
#15995000
1$
1]
b1011 f
b110 e
b1000100 l
b111 )
#15996000
b1000100 2
b110 =
b1100 ?
b1011 >
b1011 ?
b11100011 (!
b11000100001110011100100100101110 G
b11011010101010110110111111010111 G
b111111110011010111101000101100 G
b1111111 +!
b1111111 y
#16000000
0$
b1111111 (
b101110111 F
b1111111 a
0]
#16005000
1$
1]
b1100 f
b111 e
b1111111 m
b10101010 )
#16006000
b1111111 3
b111 =
b1100 ?
b1100 >
b1011 ?
b11100100 (!
b111010110001000100111101 G
b10111101010110011110011011011010 G
b11000100100001110111010010011 G
b110001 +!
b110001 y
#16010000
0$
b110001 (
b101111000 F
b110001 a
0]
#16015000
1$
1]
b1101 f
b1000 e
b110001 n
b11010011 )
#16016000
b110001 4
b1000 =
b1100 ?
b1101 >
b1011 ?
b11100101 (!
b11110110101111111000001010111000 G
b11010011101101110000010101011001 G
b11011010001011011100110101000110 G
b10110100 +!
b10110100 y
#16020000
0$
b10110100 (
b101111001 F
b10110100 a
0]
#16025000
1$
1]
b1110 f
b1001 e
b10110100 o
b111010 )
#16026000
b10110100 5
b1001 =
b1100 ?
b1110 >
b1011 ?
b11100110 (!
b11010111010111111110111100001111 G
b1000110000001010011001000000100 G
b10000111101101110100000100110101 G
b1111 +!
b1111 y
#16030000
0$
b1111 (
b101111010 F
b1111 a
0]
#16035000
1$
1]
b1111 f
b1010 e
b1111 p
b111 )
#16036000
b1111 6
b1010 =
b1100 ?
b1111 >
b1011 ?
b11100111 (!
b111101010000111110100001110010 G
b1101010101000001110110101001011 G
b1111100001101011101010000010000 G
b11111000 +!
b11111000 y
#16040000
0$
b11111000 (
b101111011 F
b11111000 a
0]
#16045000
1$
1]
b0 f
b1011 e
b11111000 q
b1111 )
#16046000
b11111000 7
b1011 =
b1100 ?
b0 >
b1011 ?
b11101000 (!
b110111011111010000011010001 G
b1011001110111110110010001011110 G
b10110100010110100010010101000111 G
b1101000 +!
b1101000 y
#16050000
0$
b1101000 (
b101111100 F
b1101000 a
0]
#16055000
1$
1]
b1 f
b1100 e
b1101000 r
b10010001 )
#16056000
b1101000 8
b1100 =
b1100 ?
b1 >
b1011 ?
b11101001 (!
b100101010110110111010011011100 G
0)!
b100000001111100000000101101 G
b1011111001001000010110100001010 G
b10111110 +!
0w
b10111110 y
#16060000
0$
0&
b10111110 (
0z
b10111110 a
0_
0]
0b
#16065000
1$
1]
b10 f
b1010 d
b10001101 )
b1010 ,
#16066000
b10 >
b1010 ?
b11101010 (!
b110011010010111001001100000011 G
1)!
b1111100111111101110000001101000 G
b11101001111001101111101101001001 G
b11010011 +!
1w
b11010011 y
#16070000
0$
1&
b11010011 (
1z
b101111101 F
b11010011 a
1_
0]
1b
#16075000
1$
1]
b11 f
b1101 e
b11010011 s
b11110101 )
#16076000
b11010011 9
b1101 =
b1011 ?
b11 >
b1010 ?
b11101011 (!
b100000000101110111001110110 G
b1001010111010101111001001111111 G
b11011110111100111010001010110100 G
b10111101 +!
b10111101 y
#16080000
0$
b10111101 (
b101111110 F
b10111101 a
0]
#16085000
1$
1]
b100 f
b1110 e
b10111101 t
b11001101 )
#16086000
b10111101 :
b1110 =
b1011 ?
b100 >
b1010 ?
b11101100 (!
b10001011000100000110111000100101 G
b10011111111001010001010010100010 G
b11000001000111111011111110111011 G
b10000010 +!
b10000010 y
#16090000
0$
b10000010 (
b101111111 F
b10000010 a
0]
#16095000
1$
1]
b101 f
b1111 e
b10000010 u
b1000100 )
#16096000
b10000010 ;
b1111 =
b1011 ?
b101 >
b1010 ?
b11101101 (!
b10111001000000011111000000 G
b11101100101111101111010011000001 G
b111100000110001100101110001110 G
b1111000 +!
b1111000 y
#16100000
0$
b1111000 (
b110000000 F
b1111000 a
0]
#16105000
1$
1]
b110 f
b0 e
b1111000 v
b1111111 )
#16106000
b1111000 <
b0 =
b1011 ?
b110 >
b1010 ?
b11101110 (!
b101101101111110011011010110111 G
b10001110100111010001101110001100 G
b1001001110000010010101100011101 G
b10010011 +!
b10010011 y
#16110000
0$
b10010011 (
b110000001 F
b10010011 a
0]
#16115000
1$
1]
b111 f
b1 e
b10010011 g
b110001 )
#16116000
b10010011 -
b1 =
b1011 ?
b111 >
b1010 ?
b11101111 (!
b1001111111001111111100111010 G
b11010111110010000101001101110011 G
b1001011000110101010101000011000 G
b10010110 +!
b10010110 y
#16120000
0$
b10010110 (
b110000010 F
b10010110 a
0]
#16125000
1$
1]
b1000 f
b10 e
b10010110 h
b10110100 )
#16126000
b10010110 .
b10 =
b1011 ?
b1000 >
b1010 ?
b11110000 (!
b101001000101010110110100111001 G
b1101001111011010101101110100110 G
b111100010111111101000111101111 G
b1111000 +!
b1111000 y
#16130000
0$
b1111000 (
b110000011 F
b1111000 a
0]
#16135000
1$
1]
b1001 f
b11 e
b1111000 i
b1111 )
#16136000
b1111000 /
b11 =
b1011 ?
b1001 >
b1010 ?
b11110001 (!
b1000010100110011111101100100 G
b100100010001011101011100010101 G
b1101110111011100100110011010010 G
b11011101 +!
b11011101 y
#16140000
0$
b11011101 (
b110000100 F
b11011101 a
0]
#16145000
1$
1]
b1010 f
b100 e
b11011101 j
b11111000 )
#16146000
b11011101 0
b100 =
b1011 ?
b1010 >
b1010 ?
b11110010 (!
b111011100011000010111000101011 G
b11111011110001000010011101110000 G
b10111001100001000100010010110001 G
b1110011 +!
b1110011 y
#16150000
0$
b1110011 (
b110000101 F
b1110011 a
0]
#16155000
1$
1]
b1011 f
b101 e
b1110011 k
b1101000 )
#16156000
b1110011 1
b101 =
b1011 ?
b1011 >
b1010 ?
b11110011 (!
b10001011000110001111111010111110 G
b10100110101100011010010000100111 G
b100101101111010110111000111100 G
b1001011 +!
b1001011 y
#16160000
0$
b1001011 (
b110000110 F
b1001011 a
0]
#16165000
1$
1]
b1100 f
b110 e
b1001011 l
b11010011 )
#16166000
b1001011 2
b110 =
b1011 ?
b1100 >
b1010 ?
b11110100 (!
b1000101100001100101001000001101 G
b11010000110001110101110101101010 G
b10101100110011100010111111100011 G
b1011001 +!
b1011001 y
#16170000
0$
b1011001 (
b110000111 F
b1011001 a
0]
#16175000
1$
1]
b1101 f
b111 e
b1011001 m
b10111101 )
#16176000
b1011001 3
b111 =
b1011 ?
b1101 >
b1010 ?
b11110101 (!
b1001011011011101111111001000 G
b1001000010101101100101001 G
b11110100100000000001010011010110 G
b11101001 +!
b11101001 y
#16180000
0$
b11101001 (
b110001000 F
b11101001 a
0]
#16185000
1$
1]
b1110 f
b1000 e
b11101001 n
b10000010 )
#16186000
b11101001 4
b1000 =
b1011 ?
b1110 >
b1010 ?
b11110110 (!
b1100000011101011000110101011111 G
b11000011101011110000100000010100 G
b10011110101001100111110000000101 G
b111101 +!
b111101 y
#16190000
0$
b111101 (
b110001001 F
b111101 a
0]
#16195000
1$
1]
b1111 f
b1001 e
b111101 o
b1111000 )
#16196000
b111101 5
b1001 =
b1011 ?
b1111 >
b1010 ?
b11110111 (!
b11111011101000101001000100000010 G
b1010011100011010011100010011011 G
b1001100100100010011001100100000 G
b10011001 +!
b10011001 y
#16200000
0$
b10011001 (
b110001010 F
b10011001 a
0]
#16205000
1$
1]
b0 f
b1010 e
b10011001 p
b10010011 )
#16206000
b10011001 6
b1010 =
b1011 ?
b0 >
b1010 ?
b11111000 (!
b11100010111111101001000010100001 G
b1000011110100101111110111101110 G
b100110010000110110110010111 G
b1001 +!
b1001 y
#16210000
0$
b1001 (
b110001011 F
b1001 a
0]
#16215000
1$
1]
b1 f
b1011 e
b1001 q
b10010110 )
#16216000
b1001 7
b1011 =
b1011 ?
b1 >
b1010 ?
b11111001 (!
b1101111101001110110110011101100 G
b1010110100001100011010011111101 G
b1001111001001100100011110011010 G
b10011110 +!
b10011110 y
#16220000
0$
b10011110 (
b110001100 F
b10011110 a
0]
#16225000
1$
1]
b10 f
b1100 e
b10011110 r
b1111000 )
#16226000
b10011110 8
b1100 =
b1011 ?
b10 >
b1010 ?
b11111010 (!
b10011010111001000010100001010011 G
b11000111000100111000000101111000 G
0*!
b11101001101010011100010100011001 G
b11010011 +!
0x
b11010011 y
#16230000
0$
0'
b11010011 (
0{
b11010011 a
0`
0]
0c
#16235000
1$
1]
b1011 d
b1101 e
b1011 ,
#16236000
b1101 =
b1011 ?
b11111011 (!
b10000001000011100001101000000110 G
b101001101000110010010011001111 G
1*!
b11000101010100011111110011000100 G
b10001010 +!
1x
b10001010 y
#16240000
0$
1'
b10001010 (
1{
b110001101 F
b10001010 a
1`
0]
1c
#16245000
1$
1]
b11 f
b1110 e
b10001010 t
b11011101 )
#16246000
b10001010 :
b1110 =
b1100 ?
b11 >
b1011 ?
b11111100 (!
b101001010000010101110011110101 G
b10111000000001001110000100110010 G
b1111100100010011101111100001011 G
b11111001 +!
b11111001 y
#16250000
0$
b11111001 (
b110001110 F
b11111001 a
0]
#16255000
1$
1]
b100 f
b1111 e
b11111001 u
b1110011 )
#16256000
b11111001 ;
b1111 =
b1100 ?
b100 >
b1011 ?
b11111101 (!
b10011001110001100010101011010000 G
0)!
b1011110101011001101100010010001 G
b1101111111110011100100100011110 G
b11011111 +!
0w
b11011111 y
#16260000
0$
0&
b11011111 (
0z
b11011111 a
0_
0]
0b
#16265000
1$
1]
b101 f
b1010 d
b1001011 )
b1010 ,
#16266000
b101 >
b1010 ?
b11111110 (!
b100011010110101001001100000111 G
1)!
b1111100000001100001011110011100 G
b10110111101011111101001111101101 G
b1101111 +!
1w
b1101111 y
#16270000
0$
1&
b1101111 (
1z
b110001111 F
b1101111 a
1_
0]
1b
#16275000
1$
1]
b110 f
b0 e
b1101111 v
b1011001 )
#16276000
b1101111 <
b0 =
b1011 ?
b110 >
b1010 ?
b11111111 (!
b11011001011111001011110111001010 G
b111100010100010011110011000011 G
b10101001111001101000111100101000 G
b1010011 +!
b1010011 y
#16280000
0$
b1010011 (
b110010000 F
b1010011 a
0]
#16285000
1$
1]
b111 f
b1 e
b1010011 g
b11101001 )
#16286000
b1010011 -
b1 =
b1011 ?
b111 >
b1010 ?
b100000000 (!
b1010010000011011010101100001001 G
b10001101010100110101100110110 G
b111000000111111001100000111111 G
b1110000 +!
b1110000 y
#16290000
0$
b1110000 (
b110010001 F
b1110000 a
0]
#16295000
1$
1]
b1000 f
b10 e
b1110000 h
b111101 )
#16296000
b1110000 .
b10 =
b1011 ?
b1000 >
b1010 ?
b100000001 (!
b100100010001110001110101110100 G
b11000110111001010111100111100101 G
b1100110110110000011110101100010 G
b11001101 +!
b11001101 y
#16300000
0$
b11001101 (
b110010010 F
b11001101 a
0]
#16305000
1$
1]
b1001 f
b11 e
b11001101 i
b10011001 )
#16306000
b11001101 /
b11 =
b1011 ?
b1001 >
b1010 ?
b100000010 (!
b10010011101010010010000101111011 G
b11110110100111100000111010000000 G
b10010001110011100001110010000001 G
b100011 +!
b100011 y
#16310000
0$
b100011 (
b110010011 F
b100011 a
0]
#16315000
1$
1]
b1010 f
b100 e
b100011 j
b1001 )
#16316000
b100011 0
b100 =
b1011 ?
b1010 >
b1010 ?
b100000011 (!
b1010110000000000110000001001110 G
b1000011011111110001010001110111 G
b10010101010001000110111001001100 G
b101010 +!
b101010 y
#16320000
0$
b101010 (
b110010100 F
b101010 a
0]
#16325000
1$
1]
b1011 f
b101 e
b101010 k
b10011110 )
#16326000
b101010 1
b101 =
b1011 ?
b1011 >
b1010 ?
b100000100 (!
b1101111101100100010111011011101 G
b10101100111011011011111111111010 G
b1001101000111000110110100110011 G
b10011010 +!
b10011010 y
#16330000
0$
b10011010 (
b110010101 F
b10011010 a
0]
#16335000
1$
1]
b1100 f
b110 e
b10011010 l
b11010011 )
#16336000
b10011010 2
b110 =
b1011 ?
b1100 >
b1010 ?
b100000101 (!
b10011110100000100000100011011000 G
b10010001011011000000110011111001 G
b11111101001010000000100001100110 G
b11111010 +!
b11111010 y
#16340000
0$
b11111010 (
b110010110 F
b11111010 a
0]
#16345000
1$
1]
b1101 f
b111 e
b11111010 m
b10001010 )
#16346000
b11111010 3
b111 =
b1011 ?
b1101 >
b1010 ?
b100000110 (!
b11001001111000011110011110101111 G
b1010010110010110101000100100 G
b111110001000011101001011010101 G
b1111100 +!
b1111100 y
#16350000
0$
b1111100 (
b110010111 F
b1111100 a
0]
#16355000
1$
1]
b1110 f
b1000 e
b1111100 n
b11111001 )
#16356000
b1111100 4
b1000 =
b1011 ?
b1110 >
b1010 ?
b100000111 (!
b1001011100111111010010110010010 G
b1001111110100011111111111101011 G
b10010101000100111101111000110000 G
b101010 +!
b101010 y
#16360000
0$
b101010 (
b110011000 F
b101010 a
0]
#16365000
1$
1]
b1111 f
b1001 e
b101010 o
b1101111 )
#16366000
b101010 5
b1001 =
b1011 ?
b1111 >
b1010 ?
b100001000 (!
b1000001011000010101110001110001 G
b10101001000110011100001101111110 G
b1111100000011001111000111100111 G
b11111000 +!
b11111000 y
#16370000
0$
b11111000 (
b110011001 F
b11111000 a
0]
#16375000
1$
1]
b0 f
b1010 e
b11111000 p
b1010011 )
#16376000
b11111000 6
b1010 =
b1011 ?
b0 >
b1010 ?
b100001001 (!
b11110000100011010111000011111100 G
b1000000111111000100010111001101 G
b11111010111000100111000101010 G
b111110 +!
b111110 y
#16380000
0$
b111110 (
b110011010 F
b111110 a
0]
#16385000
1$
1]
b1 f
b1011 e
b111110 q
b1110000 )
#16386000
b111110 7
b1011 =
b1011 ?
b1 >
b1010 ?
b100001010 (!
b11011000011001011100110100011 G
b1000010000001110111010001000 G
b11010110101000111110101011101001 G
b10101101 +!
b10101101 y
#16390000
0$
b10101101 (
b110011011 F
b10101101 a
0]
#16395000
1$
1]
b10 f
b1100 e
b10101101 r
b11001101 )
#16396000
b10101101 8
b1100 =
b1011 ?
b10 >
b1010 ?
b100001011 (!
b11111000110011111000110010110 G
b101010101000010001001100011111 G
b1100100000100111110001011010100 G
b11001000 +!
b11001000 y
#16400000
0$
b11001000 (
b110011100 F
b11001000 a
0]
#16405000
1$
1]
b11 f
b1101 e
b11001000 s
b100011 )
#16406000
b11001000 9
b1101 =
b1011 ?
b11 >
b1010 ?
b100001100 (!
b1001010001010110011111000101 G
b1011010100111100001100111000010 G
b10110001101010110111101001011011 G
b1100011 +!
b1100011 y
#16410000
0$
b1100011 (
b110011101 F
b1100011 a
0]
#16415000
1$
1]
b100 f
b1110 e
b1100011 t
b101010 )
#16416000
b1100011 :
b1110 =
b1011 ?
b100 >
b1010 ?
b100001101 (!
b1110101111000101001100111100000 G
b10000010001001011001100001100001 G
b10111001001110001111001010101110 G
b1110010 +!
b1110010 y
#16420000
0$
b1110010 (
b110011110 F
b1110010 a
0]
#16425000
1$
1]
b101 f
b1111 e
b1110010 u
b10011010 )
#16426000
b1110010 ;
b1111 =
b1011 ?
b101 >
b1010 ?
b100001110 (!
b101001100110110010101101010111 G
b1011101110011000001111110101100 G
b10011001101111010001100010111101 G
b110011 +!
b110011 y
#16430000
0$
b110011 (
b110011111 F
b110011 a
0]
#16435000
1$
1]
b110 f
b0 e
b110011 v
b11111010 )
#16436000
b110011 <
b0 =
b1011 ?
b110 >
b1010 ?
b100001111 (!
b11001111011010110110100001011010 G
b11110101101010010010001000010011 G
b1110001001111100100000000111000 G
b11100010 +!
b11100010 y
#16440000
0$
b11100010 (
b110100000 F
b11100010 a
0]
#16445000
1$
1]
b111 f
b1 e
b11100010 g
b1111100 )
#16446000
b11100010 -
b1 =
b1011 ?
b111 >
b1010 ?
b100010000 (!
b11000010101000100010011011001 G
b111110100110010011011000110 G
b100011110101000001101010001111 G
b1000111 +!
b1000111 y
#16450000
0$
b1000111 (
b110100001 F
b1000111 a
0]
#16455000
1$
1]
b1000 f
b10 e
b1000111 h
b101010 )
#16456000
b1000111 .
b10 =
b1011 ?
b1000 >
b1010 ?
b100010001 (!
b10010000110000011000011110000100 G
b1000110010111110011100010110101 G
b1101000110101101001100111110010 G
b11010001 +!
b11010001 y
#16460000
0$
b11010001 (
b110100010 F
b11010001 a
0]
#16465000
1$
1]
b1001 f
b11 e
b11010001 i
b11111000 )
#16466000
b11010001 /
b11 =
b1011 ?
b1001 >
b1010 ?
b100010010 (!
b1110011100111001001000011001011 G
b11000100001010100000110010000 G
b10101000100110011101000001010001 G
b1010001 +!
b1010001 y
#16470000
0$
b1010001 (
b110100011 F
b1010001 a
0]
#16475000
1$
1]
b1010 f
b100 e
b1010001 j
b111110 )
#16476000
b1010001 0
b100 =
b1011 ?
b1010 >
b1010 ?
b100010011 (!
b10100011000100001110110111011110 G
b1011110100000001100000011000111 G
b11110111101010110111101001011100 G
b11101111 +!
b11101111 y
#16480000
0$
b11101111 (
b110100100 F
b11101111 a
0]
#16485000
1$
1]
b1011 f
b101 e
b11101111 k
b10101101 )
#16486000
b11101111 1
b101 =
b1011 ?
b1011 >
b1010 ?
b100010100 (!
b10000011111000111010011110101101 G
b11010100011111100000111010001010 G
b10011110001110001010011010000011 G
b111100 +!
b111100 y
#16490000
0$
b111100 (
b110100101 F
b111100 a
0]
#16495000
1$
1]
b1100 f
b110 e
b111100 l
b11001000 )
#16496000
b111100 2
b110 =
b1011 ?
b1100 >
b1010 ?
b100010101 (!
b111010010101001111110111101000 G
b100110111000001101011001001 G
b101100011001101010011111110110 G
b1011000 +!
b1011000 y
#16500000
0$
b1011000 (
b110100110 F
b1011000 a
0]
#16505000
1$
1]
b1101 f
b111 e
b1011000 m
b1100011 )
#16506000
b1011000 3
b111 =
b1011 ?
b1101 >
b1010 ?
b100010110 (!
b1101100101100011111110111111111 G
b10010011011010101100000110100 G
b10100111001111100100010110100101 G
b1001110 +!
b1001110 y
#16510000
0$
b1001110 (
b110100111 F
b1001110 a
0]
#16515000
1$
1]
b1110 f
b1000 e
b1001110 n
b1110010 )
#16516000
b1001110 4
b1000 =
b1011 ?
b1110 >
b1010 ?
b100010111 (!
b1011100000011000010011000100010 G
b1111001110011000100001100111011 G
b101011001101101101010101000000 G
b1010110 +!
b1010110 y
#16520000
0$
b1010110 (
b110101000 F
b1010110 a
0]
#16525000
1$
1]
b1111 f
b1001 e
b1010110 o
b110011 )
#16526000
b1010110 5
b1001 =
b1011 ?
b1111 >
b1010 ?
b100011000 (!
b111000111111010000010001000001 G
b10000000000101001011010100001110 G
b1010010110101001011001000110111 G
b10100101 +!
b10100101 y
#16530000
0$
b10100101 (
b110101001 F
b10100101 a
0]
#16535000
1$
1]
b0 f
b1010 e
b10100101 p
b11100010 )
#16536000
b10100101 6
b1010 =
b1011 ?
b0 >
b1010 ?
b100011001 (!
b11010011100101101000000100001100 G
b10010101000111101111001010011101 G
b11101110101101110100000010111010 G
b11011101 +!
b11011101 y
#16540000
0$
b11011101 (
b110101010 F
b11011101 a
0]
#16545000
1$
1]
b1 f
b1011 e
b11011101 q
b1000111 )
#16546000
b11011101 7
b1011 =
b1011 ?
b1 >
b1010 ?
b100011010 (!
b10110111110000100100011011110011 G
b1001011001000000010011110011000 G
b11110010010110100110110010111001 G
b11100100 +!
b11100100 y
#16550000
0$
b11100100 (
b110101011 F
b11100100 a
0]
#16555000
1$
1]
b10 f
b1100 e
b11100100 r
b11010001 )
#16556000
b11100100 8
b1100 =
b1011 ?
b10 >
b1010 ?
b100011011 (!
b10110101001110111010100100110 G
b11010001100011011110101101111 G
b111101111000100101010011100100 G
b1111011 +!
b1111011 y
#16560000
0$
b1111011 (
b110101100 F
b1111011 a
0]
#16565000
1$
1]
b11 f
b1101 e
b1111011 s
b1010001 )
#16566000
b1111011 9
b1101 =
b1011 ?
b11 >
b1010 ?
b100011100 (!
b1100001011100011000111010010101 G
b1011010110000011011111001010010 G
b1000010001000011001000110101011 G
b10000100 +!
b10000100 y
#16570000
0$
b10000100 (
b110101101 F
b10000100 a
0]
#16575000
1$
1]
b100 f
b1110 e
b10000100 t
b11101111 )
#16576000
b10000100 :
b1110 =
b1011 ?
b100 >
b1010 ?
b100011101 (!
b111010111100100101010011110000 G
b11010111010011100011010000110001 G
b10010110011101110100100000111110 G
b101100 +!
b101100 y
#16580000
0$
b101100 (
b110101110 F
b101100 a
0]
#16585000
1$
1]
b101 f
b1111 e
b101100 u
b111100 )
#16586000
b101100 ;
b1111 =
b1011 ?
b101 >
b1010 ?
b100011110 (!
b11010100011011011111111110100111 G
b10110001101110000011001110111100 G
b11011110110111011111100110001101 G
b10111101 +!
b10111101 y
#16590000
0$
b10111101 (
b110101111 F
b10111101 a
0]
#16595000
1$
1]
b110 f
b0 e
b10111101 v
b1011000 )
#16596000
b10111101 <
b0 =
b1011 ?
b110 >
b1010 ?
b100011111 (!
b10110110111110011111111011101010 G
b110111000011010000001101100011 G
b11000001111110101011110101001000 G
b10000011 +!
b10000011 y
#16600000
0$
b10000011 (
b110110000 F
b10000011 a
0]
#16605000
1$
1]
b111 f
b1 e
b10000011 g
b1001110 )
#16606000
b10000011 -
b1 =
b1011 ?
b111 >
b1010 ?
b100100000 (!
b11001110101011100011101010101001 G
b10010101001010001000111001010110 G
b1111000010100101100011011111 G
b11110 +!
b11110 y
#16610000
0$
b11110 (
b110110001 F
b11110 a
0]
#16615000
1$
1]
b1000 f
b10 e
b11110 h
b1010110 )
#16616000
b11110 .
b10 =
b1011 ?
b1000 >
b1010 ?
b100100001 (!
b11101010101010110111110110010100 G
b11110010010000001001110000101 G
b11111100001110100110001010000010 G
b11111000 +!
b11111000 y
#16620000
0$
b11111000 (
b110110010 F
b11111000 a
0]
#16625000
1$
1]
b1001 f
b11 e
b11111000 i
b10100101 )
#16626000
b11111000 /
b11 =
b1011 ?
b1001 >
b1010 ?
b100100010 (!
b1010100010000110111110000011011 G
b1100011011100101100000010100000 G
0*!
b110111010011000110000000100001 G
b1101110 +!
0x
b1101110 y
#16630000
0$
0'
b1101110 (
0{
b1101110 a
0`
0]
0c
#16635000
1$
1]
b1011 d
b100 e
b1101110 j
b1011 ,
#16636000
b1101110 0
b100 =
b1011 ?
b100100011 (!
b10001001001010111010011101101110 G
b10110110111000111010100100010111 G
1*!
b10101100111110111001001001101100 G
b1011001 +!
1x
b1011001 y
#16640000
0$
1'
b1011001 (
1{
b110110011 F
b1011001 a
1`
0]
1c
#16645000
1$
1]
b1010 f
b101 e
b1011001 k
b11011101 )
#16646000
b1011001 1
b101 =
b1100 ?
b1010 >
b1011 ?
b100100100 (!
b11011110010011111011110001111101 G
b11001110111010010100100100011010 G
b11010010100111111101101111010011 G
b10100101 +!
b10100101 y
#16650000
0$
b10100101 (
b110110100 F
b10100101 a
0]
#16655000
1$
1]
b1011 f
b110 e
b10100101 l
b11100100 )
#16656000
b10100101 2
b110 =
b1100 ?
b1011 >
b1011 ?
b100100101 (!
b10100011111111111011111011111000 G
b1111011101101000010010011001 G
b11101011001111001111001110000110 G
b11010110 +!
b11010110 y
#16660000
0$
b11010110 (
b110110101 F
b11010110 a
0]
#16665000
1$
1]
b1100 f
b111 e
b11010110 m
b1111011 )
#16666000
b11010110 3
b111 =
b1100 ?
b1100 >
b1011 ?
b100100110 (!
b1101011101100101101000001001111 G
b100011000100111101001001000100 G
b11101010110100001101010001110101 G
b11010101 +!
b11010101 y
#16670000
0$
b11010101 (
b110110110 F
b11010101 a
0]
#16675000
1$
1]
b1101 f
b1000 e
b11010101 n
b10000100 )
#16676000
b11010101 4
b1000 =
b1100 ?
b1101 >
b1011 ?
b100100111 (!
b1111000011110010001001010110010 G
b10110001100110010000001010001011 G
b11111111001100110001100001010000 G
b11111110 +!
b11111110 y
#16680000
0$
b11111110 (
b110110111 F
b11111110 a
0]
#16685000
1$
1]
b1110 f
b1001 e
b11111110 o
b101100 )
#16686000
b11111110 5
b1001 =
b1100 ?
b1110 >
b1011 ?
b100101000 (!
b1100011101101000100000010001 G
b10000111111001001101001010011110 G
b1000011100011001010111010000111 G
b10000111 +!
b10000111 y
#16690000
0$
b10000111 (
b110111000 F
b10000111 a
0]
#16695000
1$
1]
b1111 f
b1010 e
b10000111 p
b10111101 )
#16696000
b10000111 6
b1010 =
b1100 ?
b1111 >
b1011 ?
b100101001 (!
b11101011000010111001110100011100 G
b1101100011000110011101101101101 G
b10000111010000001111101001010 G
b100001 +!
b100001 y
#16700000
0$
b100001 (
b110111001 F
b100001 a
0]
#16705000
1$
1]
b0 f
b1011 e
b100001 q
b10000011 )
#16706000
b100001 7
b1011 =
b1100 ?
b0 >
b1011 ?
b100101010 (!
b1110010110000011101000001000011 G
b10001101000010100010110010101000 G
b10100010000100100100101010001001 G
b1000100 +!
b1000100 y
#16710000
0$
b1000100 (
b110111010 F
b1000100 a
0]
#16715000
1$
1]
b1 f
b1100 e
b1000100 r
b11110 )
#16716000
b1000100 8
b1100 =
b1100 ?
b1 >
b1011 ?
b100101011 (!
b111101111010010010110110 G
b11111110011000100010001110111111 G
b11010100001001100101001011110100 G
b10101000 +!
b10101000 y
#16720000
0$
b10101000 (
b110111011 F
b10101000 a
0]
#16725000
1$
1]
b10 f
b1101 e
b10101000 s
b11111000 )
#16726000
b10101000 9
b1101 =
b1100 ?
b10 >
b1011 ?
b100101100 (!
b10100000110001001100000010100100100000011100100110000101101110011001000110111101101101001000000111000001110101011100110110100000101111011100000110111101110000 $!
